energy (eV)	irradiance (eV s^-1 cm^-2 Hz^-1)
1.77132935829    1098.65965962
1.77145589989    1098.69540533
1.77158245957    1098.61551229
1.77170903734    1098.49706871
1.7718356332    1098.35935823
1.77196224715    1098.22166365
1.7720888792    1098.1032262
1.77221552935    1097.98478895
1.7723421976    1097.92411
1.77246888396    1097.9211646
1.77259558844    1097.97591778
1.77272231103    1098.06910715
1.77284905174    1098.20072637
1.77297581057    1098.3322641
1.77310258753    1098.46374072
1.77322938263    1098.59513586
1.77335619585    1098.72646989
1.77348302722    1098.83850133
1.77360987674    1098.93123841
1.77373674439    1098.98547376
1.77386363021    1099.02044695
1.77399053417    1099.01694591
1.7741174563    1099.01340195
1.77424439658    1099.00983543
1.77437135504    1098.9870241
1.77449833166    1098.94497621
1.77462532646    1098.8261006
1.77475233944    1098.47684024
1.7748793706    1097.78209774
1.77500641995    1096.64606029
1.77513348748    1095.10729849
1.77526057321    1093.31949764
1.77538767714    1091.41705483
1.77551479927    1089.4767587
1.77564193961    1087.53698469
1.77576909816    1085.63608631
1.77589627492    1083.8124052
1.77602346989    1082.18092589
1.77615068309    1080.85659743
1.77627791452    1079.9159308
1.77640516417    1079.24380328
1.77653243206    1078.76343806
1.77665971818    1078.34065498
1.77678702255    1077.93711971
1.77691434516    1077.571971
1.77704168601    1077.26433663
1.77716904513    1077.12909157
1.77729642249    1077.33845109
1.77742381812    1078.08367783
1.77755123202    1079.34541814
1.77767866418    1081.02776678
1.77780611461    1082.95833185
1.77793358333    1084.96483039
1.77806107032    1087.00897481
1.77818857559    1089.03337993
1.77831609916    1091.03804391
1.77844364101    1092.94650863
1.77857120116    1094.70144081
1.77869877962    1096.26470939
1.77882637637    1097.59814451
1.77895399144    1098.79740094
1.77908162481    1099.90075728
1.7792092765    1100.98465532
1.77933694652    1102.0681982
1.77946463485    1103.11321178
1.77959234151    1104.10060292
1.77972006651    1104.91584599
1.77984780984    1105.44448114
1.77997557151    1105.61026655
1.78010335152    1105.45154562
1.78023114988    1105.08294268
1.78035896659    1104.59993318
1.78048680165    1104.07888774
1.78061465508    1103.53887011
1.78074252687    1102.9227043
1.78087041702    1102.00158813
1.78099832555    1100.41342579
1.78112625245    1097.72008327
1.78125419773    1093.73142832
1.7813821614    1088.6576417
1.78151014345    1082.93744429
1.78163814389    1076.95213799
1.78176616272    1070.91137959
1.78189419996    1064.91041431
1.7820222556    1059.19678211
1.78215032964    1054.22733228
1.7822784221    1050.82036858
1.78240653297    1049.73660637
1.78253466226    1051.1844054
1.78266280997    1054.61081521
1.7827909761    1059.15877674
1.78291916067    1064.16197631
1.78304736368    1069.27782734
1.78317558512    1074.39217398
1.783303825    1079.33388583
1.78343208333    1083.8368341
1.78356036011    1087.55903496
1.78368865535    1090.1776932
1.78381696904    1091.71228381
1.7839453012    1092.42931404
1.78407365182    1092.72812352
1.78420202091    1092.87483563
1.78433040848    1092.96448698
1.78445881453    1093.05408864
1.78458723905    1093.12463779
1.78471568207    1093.21411264
1.78484414357    1093.32251505
1.78497262357    1093.41186772
1.78510112207    1093.52014249
1.78522963907    1093.64733117
1.78535817457    1093.77443918
1.78548672859    1093.88251299
1.78561530112    1094.00949255
1.78574389217    1094.15535962
1.78587250174    1094.32011605
1.78600112984    1094.59853702
1.78612977646    1095.02848325
1.78625844163    1095.64781371
1.78638712533    1096.45641641
1.78651582757    1097.34055906
1.78664454836    1098.28123982
1.7867732877    1099.22161531
1.78690204559    1100.18061911
1.78703082204    1101.08250976
1.78715961706    1101.90836372
1.78728843064    1102.5257162
1.78741726279    1102.85892665
1.78754611351    1102.85133814
1.78767498282    1102.59772398
1.7878038707    1102.17386842
1.78793277717    1101.71226725
1.78806170224    1101.21293683
1.7881906459    1100.71371605
1.78831960815    1100.17677782
1.78844858901    1099.6210593
1.78857758848    1098.9709563
1.78870660655    1098.20759433
1.78883564324    1097.31211982
1.78896469855    1096.32239983
1.78909377248    1095.29514681
1.78922286504    1094.24927153
1.78935197623    1093.20365391
1.78948110606    1092.17719291
1.78961025452    1091.2076329
1.78973942163    1090.42712423
1.78986860738    1089.967691
1.78999781178    1089.92359471
1.79012703484    1090.27576018
1.79025627656    1090.89194712
1.79038553694    1091.63999156
1.79051481599    1092.42550029
1.79064411371    1093.24847697
1.7907734301    1094.05232
1.79090276518    1094.79932952
1.79103211893    1095.47068374
1.79116149138    1095.97216738
1.79129088251    1096.26615229
1.79142029235    1096.39043459
1.79154972088    1096.40159411
1.79167916811    1096.37504066
1.79180863405    1096.32962058
1.79193811871    1096.26535201
1.79206762207    1096.23872674
1.79219714416    1096.21207483
1.79232668498    1096.24187353
1.79245624452    1096.36573116
1.79258582279    1096.58362682
1.7927154198    1096.87667888
1.79284503555    1097.22606639
1.79297467004    1097.5753085
1.79310432328    1097.94322794
1.79323399527    1098.31100654
1.79336368602    1098.6786443
1.79349339553    1099.02733667
1.79362312381    1099.35710175
1.79375287085    1099.66793779
1.79388263667    1099.92227998
1.79401242126    1100.17650411
1.79414222463    1100.39304809
1.79427204679    1100.62828312
1.79440188774    1100.8446399
1.79453174748    1101.06088953
1.79466162601    1101.27704198
1.79479152335    1101.43678494
1.7949214395    1101.5213682
1.79505137445    1101.51204248
1.79518132822    1101.40886841
1.7953113008    1101.24939994
1.7954412922    1101.05242532
1.79557130244    1100.83671203
1.7957013315    1100.62102658
1.79583137939    1100.4053789
1.79596144612    1100.18974913
1.7960915317    1099.9741472
1.79622163612    1099.73983552
1.79635175939    1099.5055571
1.79648190152    1099.27130202
1.7966120625    1099.01835077
1.79674224235    1098.78417484
1.79687244106    1098.53129824
1.79700265864    1098.29719154
1.7971328951    1098.04438958
1.79726315044    1097.81035209
1.79739342466    1097.61378408
1.79752371777    1097.45466926
1.79765402977    1097.351709
1.79778436066    1097.30486898
1.79791471046    1097.27672016
1.79804507916    1097.24854489
1.79817546676    1097.23904008
1.79830587328    1097.21080922
1.79843629871    1097.2012533
1.79856674307    1097.15426823
1.79869720634    1097.10727205
1.79882768855    1097.02286842
1.79895818969    1096.90108351
1.79908870976    1096.76062139
1.79921924878    1096.60148029
1.79934980674    1096.44235075
1.79948038365    1096.26455308
1.79961097951    1096.08678227
1.79974159433    1095.89034429
1.79987222811    1095.63794373
1.80000288085    1095.29224757
1.80013355257    1094.77866161
1.80026424326    1094.13457596
1.80039495293    1093.39736886
1.80052568157    1092.6043673
1.80065642921    1091.77427067
1.80078719583    1090.96302327
1.80091798145    1090.17062684
1.80104878607    1089.49027936
1.80117960969    1089.08970245
1.80131045232    1089.11785876
1.80144131396    1089.74229294
1.80157219461    1090.90683615
1.80170309428    1092.40634234
1.80183401298    1094.07301686
1.8019649507    1095.79503723
1.80209590746    1097.5165224
1.80222688325    1099.2002466
1.80235787808    1100.75312574
1.80248889196    1101.98909235
1.80261992488    1102.70358234
1.80275097685    1102.76655905
1.80288204789    1102.30854178
1.80301313798    1101.53438048
1.80314424714    1100.63021207
1.80327537536    1099.68908912
1.80340652266    1098.72959675
1.80353768904    1097.82612591
1.8036688745    1096.97865224
1.80380007905    1096.29866371
1.80393130268    1095.87901549
1.80406254541    1095.70098942
1.80419380724    1095.74591754
1.80432508816    1095.92082473
1.8044563882    1096.13279978
1.80458770735    1096.36324258
1.80471904561    1096.57501209
1.80485040299    1096.71243005
1.80498177949    1096.70128466
1.80511317512    1096.37460079
1.80524458988    1095.62117248
1.80537602378    1094.44120578
1.80550747682    1092.9461788
1.805638949    1091.28461953
1.80577044033    1089.54933002
1.80590195081    1087.81451124
1.80603348045    1086.08015334
1.80616502925    1084.40189105
1.80629659722    1082.85381659
1.80642818435    1081.54708094
1.80655979066    1080.53715979
1.80669141615    1079.78687163
1.80682306082    1079.24052838
1.80695472467    1078.78691763
1.80708640771    1078.37044043
1.80721810995    1077.95405025
1.80734983139    1077.55625465
1.80748157203    1077.1400358
1.80761333187    1076.74241592
1.80774511093    1076.3633771
1.8078769092    1076.0214276
1.8080087267    1075.6795337
1.80814056341    1075.35620635
1.80827241936    1075.032939
1.80840429453    1074.70973163
1.80853618895    1074.40506752
1.8086681026    1074.11894837
1.8088000355    1073.94378488
1.80893198765    1073.95343907
1.80906395905    1074.27717669
1.8091959497    1074.9333496
1.80932795962    1075.88485846
1.80945998881    1076.98381949
1.80959203726    1078.13782033
1.80972410499    1079.30991871
1.809856192    1080.48164049
1.80998829829    1081.5791516
1.81012042387    1082.473279
1.81025256874    1082.9980383
1.81038473291    1083.00597792
1.81051691637    1082.47888133
1.81064911914    1081.54609337
1.81078134122    1080.4106724
1.81091358261    1079.18334527
1.81104584331    1077.91946814
1.81117812334    1076.67435509
1.81131042269    1075.4848807
1.81144274137    1074.44314077
1.81157507939    1073.62280471
1.81170743674    1073.11587849
1.81183981343    1072.92223454
1.81197220947    1072.93121705
1.81210462486    1073.05066492
1.81223705961    1073.20685924
1.81236951371    1073.36298326
1.81250198718    1073.53742973
1.81263448002    1073.76700968
1.81276699222    1074.1253068
1.81289952381    1074.68586175
1.81303207477    1075.50378044
1.81316464512    1076.52377304
1.81329723485    1077.69056257
1.81342984398    1078.9305304
1.81356247251    1080.18848191
1.81369512044    1081.44604053
1.81382778777    1082.68481125
1.81396047452    1083.88642927
1.81409318067    1084.97741045
1.81422590625    1085.93942596
1.81435865125    1086.71741833
1.81449141568    1087.36657414
1.81462419953    1087.92367854
1.81475700283    1088.44386165
1.81488982556    1088.96385754
1.81502266774    1089.48366621
1.81515552936    1090.0032877
1.81528841044    1090.54106806
1.81542131098    1091.09701868
1.81555423097    1091.70779343
1.81568717044    1092.33671161
1.81582012937    1093.00208107
1.81595310777    1093.70390513
1.81608610566    1094.38714882
1.81621912302    1095.0884941
1.81635215988    1095.77126444
1.81648521622    1096.41714605
1.81661829206    1096.95285892
1.8167513874    1097.32347281
1.81688450225    1097.47411879
1.8170176366    1097.38656297
1.81715079046    1097.13417294
1.81728396384    1096.80857909
1.81741715675    1096.44642947
1.81755036917    1096.06604059
1.81768360113    1095.70403529
1.81781685262    1095.3421008
1.81795012365    1095.01682182
1.81808341423    1094.72820162
1.81821672435    1094.51280775
1.81835005402    1094.33401036
1.81848340324    1094.19181272
1.81861677203    1094.06790043
1.81875016038    1093.96227512
1.8188835683    1093.83836223
1.81901699579    1093.69616981
1.81915044286    1093.49916946
1.81928390951    1093.17429413
1.81941739575    1092.64852932
1.81955090157    1091.86715396
1.81968442699    1090.88509178
1.81981797201    1089.77545049
1.81995153663    1088.6113336
1.82008512086    1087.44752324
1.8202187247    1086.30226615
1.82035234816    1085.17556395
1.82048599124    1084.17688608
1.82061965394    1083.43388615
1.82075333627    1083.03765126
1.82088703823    1083.02452448
1.82102075983    1083.32137556
1.82115450108    1083.782205
1.82128826196    1084.2975594
1.8214220425    1084.84919198
1.8215558427    1085.40061775
1.82168966255    1085.95184638
1.82182350207    1086.53931684
1.82195736125    1087.16302273
1.82209124011    1087.82292873
1.82222513864    1088.55546098
1.82235905686    1089.32416022
1.82249299476    1090.11079949
1.82262695234    1090.89718184
1.82276092963    1091.68329767
1.82289492661    1092.46913737
1.82302894329    1093.20012925
1.82316297968    1093.83990237
1.82329703578    1094.27935665
1.8234311116    1094.48219603
1.82356520714    1094.46672399
1.8236993224    1094.32393245
1.82383345739    1094.09025551
1.82396761211    1093.8566118
1.82410178657    1093.60482252
1.82423598077    1093.37123833
1.82437019472    1093.15587043
1.82450442842    1093.04951662
1.82463868187    1093.05215762
1.82477295508    1093.23635899
1.82490724806    1093.52943756
1.8250415608    1093.93131641
1.82517589332    1094.35119883
1.82531024561    1094.78907682
1.82544461769    1095.20863824
1.82557900954    1095.59175135
1.82571342119    1095.8658645
1.82584785264    1095.94031516
1.82598230388    1095.65196709
1.82611677492    1095.01911926
1.82625126577    1094.07816719
1.82638577643    1092.99242816
1.82652030691    1091.8344698
1.82665485721    1090.65868901
1.82678942733    1089.50134447
1.82692401729    1088.38054122
1.82705862707    1087.38684409
1.8271932567    1086.64698002
1.82732790616    1086.23330513
1.82746257548    1086.18186094
1.82759726464    1086.36576991
1.82773197366    1086.69440422
1.82786670254    1087.07720864
1.82800145128    1087.45986477
1.82813621989    1087.82428354
1.82827100838    1088.13427144
1.82840581674    1088.28134045
1.82854064498    1088.12085657
1.82867549312    1087.59871103
1.82881036114    1086.7331396
1.82894524905    1085.61467883
1.82908015687    1084.38807095
1.82921508459    1083.12563491
1.82935003221    1081.84547088
1.82948499975    1080.58371166
1.82961998721    1079.37648783
1.82975499459    1078.31408948
1.82989002189    1077.48674381
1.83002506912    1076.93046947
1.83016013629    1076.6270783
1.8302952234    1076.46816069
1.83043033045    1076.38144896
1.83056545745    1076.29473721
1.8307006044    1076.24409274
1.83083577131    1076.19342803
1.83097095818    1076.23294682
1.83110616502    1076.41669095
1.83124139182    1076.85282046
1.8313766386    1077.54121397
1.83151190536    1078.44569564
1.8316471921    1079.45803176
1.83178249883    1080.54212111
1.83191782555    1081.62586432
1.83205317227    1082.7272542
1.83218853899    1083.81028355
1.83232392571    1084.85692532
1.83245933244    1085.88520888
1.83259475919    1086.85913993
1.83273020596    1087.77873292
1.83286567275    1088.66201722
1.83300115957    1089.50900882
1.83313666642    1090.3557143
1.8332721933    1091.18413631
1.83340774023    1092.01227759
1.8335433072    1092.80416356
1.83367889423    1093.48787163
1.8338145013    1094.00948946
1.83395012844    1094.29719062
1.83408577564    1094.35105031
1.83422144291    1094.26107559
1.83435713024    1094.09919667
1.83449283766    1093.90139233
1.83462856516    1093.68563982
1.83476431274    1093.46991524
1.83490008041    1093.20034118
1.83503586817    1092.84101595
1.83517167604    1092.28423752
1.83530750401    1091.51215509
1.83544335208    1090.54280015
1.83557922027    1089.46601176
1.83571510858    1088.31772726
1.835851017    1087.1518001
1.83598694555    1086.00412662
1.83612289423    1084.89263088
1.83625886305    1083.88903349
1.83639485201    1083.17261097
1.83653086111    1082.85081831
1.83666689035    1083.03103726
1.83680293975    1083.58757537
1.83693900931    1084.37688894
1.83707509903    1085.25552875
1.83721120891    1086.15178331
1.83734733896    1087.04774601
1.83748348919    1087.90757741
1.8376196596    1088.64176975
1.83775585019    1089.12502051
1.83789206097    1089.267944
1.83802829195    1089.03488274
1.83816454312    1088.5333858
1.83830081449    1087.87094799
1.83843710607    1087.15499098
1.83857341786    1086.40344184
1.83870974986    1085.6699519
1.83884610209    1084.93665314
1.83898247454    1084.23929819
1.83911886721    1083.61362794
1.83925528012    1083.04173952
1.83939171327    1082.55935527
1.83952816666    1082.1128193
1.8396646403    1081.7021157
1.83980113419    1081.30936811
1.83993764834    1080.89883413
1.84007418274    1080.48838628
1.84021073741    1080.06016263
1.84034731235    1079.54276236
1.84048390757    1078.88265536
1.84062052306    1078.06206069
1.84075715883    1077.09889174
1.8408938149    1076.02890945
1.84103049125    1074.90569008
1.8411671879    1073.78275925
1.84130390485    1072.66012637
1.84144064211    1071.53780084
1.84157739968    1070.45142517
1.84171417756    1069.40100231
1.84185097576    1068.45780853
1.84198779428    1067.62179614
1.84212463314    1066.87510206
1.84226149232    1066.18205163
1.84239837184    1065.50699135
1.84253527171    1064.83208695
1.84267219192    1064.17517151
1.84280913248    1063.53620879
1.8429460934    1062.95082757
1.84308307467    1062.49019152
1.84322007631    1062.20765597
1.84335709832    1062.10314156
1.84349414071    1062.12317382
1.84363120347    1062.24992033
1.84376828661    1062.39438698
1.84390539014    1062.53877544
1.84404251407    1062.70086407
1.84417965838    1062.82730839
1.8443168231    1062.93590677
1.84445400823    1062.9555478
1.84459121376    1062.88628997
1.84472843971    1062.71039841
1.84486568608    1062.48120819
1.84500295288    1062.19876192
1.8451402401    1061.89860721
1.84527754775    1061.61626113
1.84541487584    1061.35171573
1.84555222437    1061.12273117
1.84568959335    1061.05354627
1.84582698278    1061.23283786
1.84596439266    1061.74922055
1.84610182301    1062.53157949
1.84623927382    1063.5265688
1.8463767451    1064.6099218
1.84651423685    1065.71064757
1.84665174908    1066.82874761
1.84678928179    1067.92875363
1.84692683499    1069.01065482
1.84706440869    1070.00357822
1.84720200288    1070.87210952
1.84733961757    1071.56314998
1.84747725277    1072.14762808
1.84761490847    1072.62561951
1.8477525847    1073.08571637
1.84789028144    1073.54564037
1.84802799871    1073.98768039
1.8481657365    1074.46496049
1.84830349483    1074.95976836
1.8484412737    1075.54289022
1.84857907311    1076.2496783
1.84871689306    1077.0800772
1.84885473357    1077.99865034
1.84899259463    1078.98765616
1.84913047626    1079.99403042
1.84926837845    1081.01774653
1.84940630121    1082.0234365
1.84954424455    1083.01111763
1.84968220846    1083.89241924
1.84982019296    1084.64970267
1.84995819805    1085.17702492
1.85009622373    1085.49213234
1.85023427001    1085.64812662
1.85037233689    1085.71573473
1.85051042438    1085.7656134
1.85064853248    1085.79779859
1.85078666119    1085.82992854
1.85092481053    1085.89731475
1.85106298049    1085.99995075
1.85120117108    1086.20839457
1.85133938231    1086.54024664
1.85147761417    1086.9954423
1.85161586668    1087.50339335
1.85175413984    1088.06405744
1.85189243365    1088.64215498
1.85203074812    1089.22004341
1.85216908326    1089.78009075
1.85230743906    1090.30468487
1.85244581553    1090.74097997
1.85258421267    1091.03614321
1.8527226305    1091.13738264
1.85286106902    1091.09764174
1.85299952822    1090.95220679
1.85313800812    1090.77155159
1.85327650872    1090.57331219
1.85341503002    1090.37509551
1.85355357203    1090.14169947
1.85369213476    1089.87313054
1.8538307182    1089.44624808
1.85396932237    1088.84350669
1.85410794726    1088.01223703
1.85424659288    1087.00529136
1.85438525925    1085.91067015
1.85452394635    1084.74601873
1.8546626542    1083.59925461
1.8548013828    1082.43522445
1.85494013215    1081.27149687
1.85507890227    1080.09052301
1.85521769315    1078.90985694
1.8553565048    1077.72950791
1.85549533722    1076.51434747
1.85563419042    1075.2819483
1.85577306441    1074.06744545
1.85591195918    1072.83570905
1.85605087475    1071.60431458
1.85618981111    1070.40834559
1.85632876828    1069.28290173
1.85646774625    1068.36830872
1.85660674503    1067.83992245
1.85674576463    1067.80281288
1.85688480505    1068.23922607
1.8570238663    1068.97357757
1.85716294837    1069.88300001
1.85730205128    1070.84471815
1.85744117503    1071.80610287
1.85758031962    1072.76716351
1.85771948506    1073.65781137
1.85785867136    1074.39047556
1.85799787851    1074.86012541
1.85813710653    1074.99681257
1.85827635541    1074.8532171
1.85841562517    1074.51702419
1.8585549158    1074.11087937
1.85869422732    1073.68730239
1.85883355972    1073.24631965
1.85897291301    1072.84043007
1.8591122872    1072.45212657
1.85925168229    1072.13386734
1.85939109828    1071.9730975
1.85953053518    1071.93476083
1.859669993    1072.01880223
1.85980947173    1072.17272281
1.8599489714    1072.34402735
1.86008849198    1072.53273576
1.86022803351    1072.73882169
1.86036759597    1072.92733261
1.86050717937    1073.15069941
1.86064678372    1073.40888788
1.86078640902    1073.71936989
1.86092605528    1074.0995606
1.8610657225    1074.51452861
1.86120541069    1074.96424896
1.86134511985    1075.41379798
1.86148484998    1075.86316646
1.8616246011    1076.31237288
1.8617643732    1076.77885878
1.86190416629    1077.26260708
1.86204398037    1077.79850095
1.86218381546    1078.35163108
1.86232367155    1078.9743012
1.86246354864    1079.63162307
1.86260344675    1080.28871094
1.86274336588    1080.96298803
1.86288330604    1081.61960539
1.86302326722    1082.27597962
1.86316324943    1082.810185
1.86330325268    1083.13517609
1.86344327697    1083.07689088
1.86358332231    1082.54845551
1.8637233887    1081.60228737
1.86386347615    1080.3778481
1.86400358465    1079.03191525
1.86414371423    1077.63413179
1.86428386487    1076.23674126
1.86442403659    1074.87452718
1.86456422939    1073.54747382
1.86470444327    1072.37730814
1.86484467825    1071.41612971
1.86498493431    1070.69861619
1.86512521148    1070.18988188
1.86526550975    1069.80294296
1.86540582913    1069.48559645
1.86554616962    1069.16830912
1.86568653123    1068.85107175
1.86582691397    1068.53390274
1.86596731783    1068.23416511
1.86610774282    1067.9518418
1.86624818895    1067.70429198
1.86638865623    1067.47414477
1.86652914465    1067.2787449
1.86666965422    1067.08335839
1.86681018495    1066.88800362
1.86695073683    1066.71002531
1.86709130989    1066.51471301
1.86723190411    1066.31942324
1.86737251952    1066.07212695
1.8675131561    1065.77284763
1.86765381386    1065.36960455
1.86779449282    1064.89711204
1.86793519297    1064.33806579
1.86807591432    1063.76181871
1.86821665687    1063.1857182
1.86835742063    1062.5924181
1.86849820561    1062.01659496
1.8686390118    1061.52749458
1.86877983922    1061.1943485
1.86892068787    1061.17291499
1.86906155775    1061.53228462
1.86920244886    1062.23767006
1.86934336122    1063.1677847
1.86948429483    1064.2013967
1.86962524969    1065.25196506
1.86976622581    1066.33677455
1.86990722318    1067.40392143
1.87004824183    1068.48800654
1.87018928174    1069.53714962
1.87033034294    1070.58593974
1.87047142541    1071.61708829
1.87061252917    1072.63060314
1.87075365422    1073.64378473
1.87089480056    1074.65662395
1.87103596821    1075.65184263
1.87117715716    1076.64672423
1.87131836742    1077.6239958
1.87145959899    1078.5318814
1.87160085189    1079.33585846
1.87174212611    1079.9842149
1.87188342165    1080.42523337
1.87202473854    1080.74528932
1.87216607676    1080.96168571
1.87230743632    1081.16073416
1.87244881723    1081.34244249
1.8725902195    1081.50680027
1.87273164313    1081.63659577
1.87287308811    1081.66286723
1.87301455447    1081.4822476
1.8731560422    1081.06034324
1.87329755131    1080.34558127
1.8734390818    1079.45869548
1.87358063367    1078.46868012
1.87372220694    1077.42724995
1.87386380161    1076.38609761
1.87400541767    1075.36244657
1.87414705515    1074.37349167
1.87428871403    1073.48809051
1.87443039433    1072.77504079
1.87457209606    1072.30309863
1.87471381921    1072.02053233
1.87485556379    1071.89284935
1.8749973298    1071.83398029
1.87513911726    1071.79228585
1.87528092616    1071.75056726
1.87542275651    1071.69162703
1.87556460832    1071.59828717
1.87570648159    1071.36743687
1.87584837632    1070.93038888
1.87599029253    1070.21850666
1.87613223021    1069.31781014
1.87627418936    1068.27993073
1.87641617001    1067.19080904
1.87655817214    1066.08479453
1.87670019576    1064.97908723
1.87684224089    1063.9080119
1.87698430752    1062.94021029
1.87712639566    1062.19578143
1.87726850531    1061.76041517
1.87741063648    1061.68544536
1.87755278918    1061.88493403
1.8776949634    1062.25583931
1.87783715915    1062.6780556
1.87797937645    1063.1343907
1.87812161529    1063.55626387
1.87826387567    1063.92655429
1.87840615761    1064.09102642
1.87854846111    1063.91267852
1.87869078617    1063.23747233
1.8788331328    1062.04849861
1.878975501    1060.48302389
1.87911789077    1058.7295942
1.87926030213    1056.89104097
1.87940273508    1055.03589292
1.87954518962    1053.21550605
1.87968766576    1051.49832476
1.87983016349    1050.07255243
1.87997268284    1049.16048884
1.8801152238    1048.89876729
1.88025778637    1049.23576457
1.88040037056    1050.00019699
1.88054297639    1050.98665863
1.88068560384    1052.02407987
1.88082825293    1053.07823986
1.88097092366    1054.11495659
1.88111361604    1055.06587254
1.88125633007    1055.7943258
1.88139906575    1056.18083484
1.8815418231    1056.10598167
1.88168460211    1055.67244847
1.8818274028    1054.99993583
1.88197022515    1054.22514975
1.88211306919    1053.41641153
1.88225593492    1052.60788241
1.88239882234    1051.79957139
1.88254173145    1051.04265435
1.88268466226    1050.37123812
1.88282761478    1049.81939974
1.88297058901    1049.40413567
1.88311358495    1049.12539277
1.88325660262    1048.89785333
1.88339964201    1048.68738982
1.88354270312    1048.49400347
1.88368578598    1048.30063959
1.88382889058    1048.03913879
1.88397201692    1047.64137411
1.88411516501    1046.98816052
1.88425833485    1045.94336692
1.88440152646    1044.52418785
1.88454473983    1042.79890171
1.88468797497    1040.92088954
1.88483123188    1038.99234249
1.88497451058    1037.03030742
1.88511781106    1035.05181186
1.88526113333    1033.03985404
1.88540447739    1030.92640391
1.88554784325    1028.64346383
1.88569123092    1026.14008822
1.8858346404    1023.39938778
1.88597807169    1020.52346821
1.88612152481    1017.56339131
1.88626499974    1014.58718821
1.88640849651    1011.5778688
1.88655201511    1008.5184533
1.88669555555    1005.23907489
1.88683911784    1001.45108502
1.88698270197    996.781055798
1.88712630796    991.042628969
1.88726993581    984.355114717
1.88741358553    977.092427873
1.88755725711    969.560347457
1.88770095057    961.945671844
1.8878446659    954.333281154
1.88798840312    946.8758632
1.88813216224    939.810828579
1.88827594324    933.663771202
1.88841974615    928.976917323
1.88856357096    925.936104489
1.88870741767    924.235437338
1.88885128631    923.314952907
1.88899517686    922.733661005
1.88913908934    922.254188141
1.88928302374    921.825649573
1.88942698009    921.583543176
1.88957095837    921.764911808
1.88971495859    922.809851104
1.88985898077    925.107398965
1.8900030249    928.707764104
1.89014709099    933.322611027
1.89029117904    938.477589564
1.89043528906    943.867857101
1.89057942106    949.307216781
1.89072357504    954.744875811
1.890867751    960.197761029
1.89101194895    965.598222349
1.8911561689    970.980081391
1.89130041085    976.275742077
1.8914446748    981.535947502
1.89158896076    986.726912686
1.89173326874    991.916250783
1.89187759874    997.087080232
1.89202195076    1002.23940001
1.89216632481    1007.35634144
1.8923107209    1012.28590201
1.89245513902    1016.7917969
1.8925995792    1020.58719854
1.89274404142    1023.46986648
1.8928885257    1025.55837156
1.89303303204    1027.12306992
1.89317756044    1028.45103814
1.89332211091    1029.69421348
1.89346668346    1030.92011083
1.89361127809    1032.1793173
1.89375589481    1033.5224248
1.89390053362    1035.06739499
1.89404519452    1036.94900517
1.89418987752    1039.21765828
1.89433458263    1041.78891541
1.89447930985    1044.56154488
1.89462405919    1047.40067546
1.89476883064    1050.25574097
1.89491362423    1053.10990609
1.89505843994    1055.8789651
1.89520327779    1058.41142894
1.89534813778    1060.52222564
1.89549301992    1061.97592635
1.89563792421    1062.72233424
1.89578285066    1062.94685992
1.89592779927    1062.86845576
1.89607277004    1062.67228157
1.89621776299    1062.42568971
1.89636277812    1062.1791271
1.89650781542    1061.93260263
1.89665287492    1061.63568127
1.8967979566    1061.30520713
1.89694306048    1060.89075822
1.89708818657    1060.40918895
1.89723333486    1059.86053014
1.89737850537    1059.29520911
1.89752369809    1058.73001498
1.89766891304    1058.14816888
1.89781415021    1057.56646368
1.89795940962    1056.96810788
1.89810469126    1056.31954018
1.89824999515    1055.58722874
1.89839532129    1054.7712032
1.89854066968    1053.85472085
1.89868604032    1052.87139411
1.89883143324    1051.87154649
1.89897684842    1050.85520345
1.89912228587    1049.83913472
1.89926774561    1048.84010864
1.89941322762    1047.87487443
1.89955873193    1046.99368861
1.89970425853    1046.24679467
1.89984980743    1045.68439639
1.89999537864    1045.25613358
1.90014097216    1044.91172116
1.90028658799    1044.60086942
1.90043222614    1044.29007615
1.90057788661    1044.01282302
1.90072356942    1043.73561808
1.90086927456    1043.54214428
1.90101500204    1043.48255811
1.90116075187    1043.64046414
1.90130652405    1044.03248589
1.90145231858    1044.59160503
1.90159813548    1045.26758927
1.90174397474    1045.97676107
1.90188983637    1046.70240062
1.90203572038    1047.42778064
1.90218162678    1048.15291002
1.90232755555    1048.8610566
1.90247350672    1049.56895772
1.90261948029    1050.25989521
1.90276547626    1050.9338768
1.90291149464    1051.59091905
1.90305753543    1052.24772249
1.90320359864    1052.90427832
1.90334968427    1053.54391654
1.90349579233    1054.2000063
1.90364192282    1054.80579199
1.90378807575    1055.32792785
1.90393425112    1055.71641115
1.90408044895    1055.92125224
1.90422666922    1055.95922567
1.90437291196    1055.89709617
1.90451917716    1055.76827074
1.90466546483    1055.62276523
1.90481177498    1055.46060497
1.9049581076    1055.29845716
1.90510446271    1055.06967631
1.90525084031    1054.69099463
1.90539724041    1054.0958474
1.905543663    1053.21771965
1.9056901081    1052.10670854
1.90583657572    1050.8628042
1.90598306584    1049.53601047
1.90612957849    1048.20959621
1.90627611367    1046.86689847
1.90642267138    1045.45803187
1.90656925163    1043.9164575
1.90671585441    1042.05928443
1.90686247975    1039.73697798
1.90700912764    1036.89984661
1.90715579808    1033.66452898
1.90730249109    1030.18082048
1.90744920666    1026.6150317
1.90759594481    1023.0170765
1.90774270554    1019.47003353
1.90788948885    1016.02372239
1.90803629476    1012.92727211
1.90818312325    1010.47945057
1.90832997435    1008.9124564
1.90847684804    1008.2756864
1.90862374435    1008.30309375
1.90877066328    1008.67901613
1.90891760482    1009.20414524
1.90906456899    1009.77885816
1.90921155579    1010.36995238
1.90935856523    1011.06035194
1.90950559731    1011.94952764
1.90965265203    1013.21978635
1.90979972941    1014.95387158
1.90994682944    1017.15156008
1.91009395214    1019.64688419
1.9102410975    1022.29055468
1.91038826553    1024.98307791
1.91053545625    1027.69131496
1.91068266964    1030.34897505
1.91082990573    1032.85672868
1.91097716451    1035.03247255
1.91112444598    1036.61144591
1.91127175016    1037.47805943
1.91141907706    1037.73193368
1.91156642666    1037.60505435
1.91171379899    1037.2961627
1.91186119404    1036.95424166
1.91200861182    1036.61238033
1.91215605233    1036.2705962
1.91230351559    1036.01156571
1.91245100159    1035.88484709
1.91259851035    1035.98957425
1.91274604186    1036.3256401
1.91289359613    1036.85988562
1.91304117317    1037.50959758
1.91318877298    1038.20863025
1.91333639557    1038.92393284
1.91348404095    1039.62246619
1.91363170911    1040.30422923
1.91377940006    1040.91969326
1.91392711382    1041.38636138
1.91407485038    1041.6547726
1.91422260975    1041.72501868
1.91437039193    1041.6301923
1.91451819693    1041.46936624
1.91466602476    1041.25906208
1.91481387542    1041.06528282
1.91496174891    1040.85503152
1.91510964525    1040.64481664
1.91525756443    1040.45111028
1.91540550646    1040.27390481
1.91555347135    1040.12968578
1.9157014591    1040.01842046
1.91584946972    1039.92364037
1.91599750322    1039.82884361
1.91614555959    1039.75051318
1.91629363884    1039.65569798
1.91644174099    1039.54441437
1.91658986603    1039.35081212
1.91673801396    1038.99262636
1.91688618481    1038.33827587
1.91703437856    1037.28916141
1.91718259522    1035.94418751
1.91733083481    1034.36928976
1.91747909733    1032.72905385
1.91762738277    1031.03995038
1.91777569116    1029.36777861
1.91792402248    1027.72896591
1.91807237675    1026.20568554
1.91822075398    1024.94579714
1.91836915416    1024.09706879
1.9185175773    1023.72503536
1.91866602342    1023.74732921
1.9188144925    1023.98309749
1.91896298457    1024.31729428
1.91911149962    1024.66777422
1.91926003767    1025.03452103
1.9194085987    1025.38470784
1.91955718274    1025.73474071
1.91970578978    1026.05181924
1.91985441984    1026.33594134
1.92000307291    1026.58713093
1.920151749    1026.80541196
1.92030044813    1027.00717672
1.92044917028    1027.20884203
1.92059791547    1027.39401861
1.92074668371    1027.57910085
1.92089547499    1027.6821416
1.92104428933    1027.65402519
1.92119312673    1027.31458117
1.92134198719    1026.61480705
1.92149087072    1025.55487906
1.92163977733    1024.21683972
1.92178870702    1022.7645605
1.92193765979    1021.26357784
1.92208663566    1019.76303231
1.92223563462    1018.29563799
1.92238465669    1017.00866994
1.92253370186    1016.08201587
1.92268277015    1015.84267056
1.92283186156    1016.43752753
1.92298097609    1017.75172309
1.92313011375    1019.53966057
1.92327927454    1021.55587824
1.92342845847    1023.636824
1.92357766555    1025.71708726
1.92372689578    1027.74764269
1.92387614917    1029.64681973
1.92402542572    1031.20232487
1.92417472543    1032.21830752
1.92432404832    1032.62969779
1.92447339438    1032.51841118
1.92462276363    1032.11326907
1.92477215607    1031.57762583
1.9249215717    1031.00947142
1.92507101053    1030.4414475
1.92522047257    1029.88989065
1.92536995781    1029.37108416
1.92551946627    1028.95026988
1.92566899795    1028.66001704
1.92581855286    1028.51655678
1.925968131    1028.47092661
1.92611773238    1028.47417718
1.926267357    1028.52627705
1.92641700487    1028.56203306
1.92656667599    1028.61403726
1.92671637037    1028.64968542
1.92686608801    1028.66901102
1.92701582893    1028.65571547
1.92716559312    1028.59353618
1.92731538059    1028.49877981
1.92746519134    1028.3551888
1.92761502539    1028.19532635
1.92776488274    1028.05175261
1.92791476338    1027.89191248
1.92806466734    1027.73208478
1.92821459461    1027.62105837
1.92836454519    1027.57508525
1.9285145191    1027.67542742
1.92866451634    1027.93827771
1.92881453692    1028.34730169
1.92896458084    1028.8699276
1.9291146481    1029.424852
1.92926473871    1029.99580875
1.92941485268    1030.56655903
1.92956499001    1031.10460242
1.92971515071    1031.51252807
1.92986533478    1031.66049546
1.93001554224    1031.35380875
1.93016577307    1030.52775412
1.9303160273    1029.26371483
1.93046630492    1027.74039958
1.93061660594    1026.12017759
1.93076693036    1024.45175425
1.9309172782    1022.80003639
1.93106764945    1021.19744911
1.93121804413    1019.72503451
1.93136846224    1018.49621543
1.93151890377    1017.67298321
1.93166936875    1017.27134183
1.93181985717    1017.19388048
1.93197036904    1017.29462386
1.93212090437    1017.47629654
1.93227146315    1017.67407599
1.93242204541    1017.85555881
1.93257265113    1018.00455719
1.93272328033    1018.00777896
1.93287393301    1017.78434908
1.93302460919    1017.22108443
1.93317530885    1016.31813539
1.93332603202    1015.18893181
1.93347677869    1013.94680719
1.93362754886    1012.65650829
1.93377834256    1011.35040819
1.93392915978    1010.09318807
1.93408000052    1008.9656418
1.93423086479    1008.21018928
1.9343817526    1008.06907346
1.93453266396    1008.71974417
1.93468359886    1010.09721614
1.93483455732    1011.958837
1.93498553934    1014.02981269
1.93513654492    1016.19699446
1.93528757408    1018.36345417
1.93543862681    1020.51307005
1.93558970312    1022.51669866
1.93574080302    1024.22916895
1.93589192651    1025.44084088
1.9360430736    1026.03902125
1.93619424429    1026.15303358
1.93634543859    1025.96053489
1.93649665651    1025.63904572
1.93664789805    1025.28538188
1.93679916321    1024.91565766
1.93695045201    1024.52989768
1.93710176444    1024.14422071
1.93725310052    1023.72640079
1.93740446024    1023.2442321
1.93755584362    1022.69773632
1.93770725066    1022.11916301
1.93785868136    1021.50853579
1.93801013573    1020.88194882
1.93816161378    1020.27162243
1.9383131155    1019.66144943
1.93846464092    1019.16408396
1.93861619003    1018.87602361
1.93876776283    1019.00630752
1.93891935934    1019.74778
1.93907097956    1021.06798023
1.9392226235    1022.82191848
1.93937429115    1024.8003591
1.93952598253    1026.87460318
1.93967769764    1028.96423768
1.93982943649    1031.03710623
1.93998119908    1033.02894569
1.94013298542    1034.82733338
1.94028479551    1036.27173327
1.94043662936    1037.26594193
1.94058848698    1037.82622395
1.94074036837    1038.11335117
1.94089227353    1038.27192949
1.94104420248    1038.38225698
1.94119615521    1038.47646843
1.94134813173    1038.55457138
1.94150013206    1038.61656488
1.94165215619    1038.63037639
1.94180420412    1038.56395345
1.94195627587    1038.41734224
1.94210837145    1038.17453519
1.94226049085    1037.89970599
1.94241263408    1037.59286971
1.94256480115    1037.27006214
1.94271699206    1036.96334422
1.94286920682    1036.64066851
1.94302144543    1036.31804726
1.94317370791    1035.97947824
1.94332599425    1035.6249605
1.94347830446    1035.23849589
1.94363063855    1034.83610262
1.94378299652    1034.4177967
1.94393537838    1033.98358562
1.94408778413    1033.56546821
1.94424021379    1033.13144218
1.94439266734    1032.71351325
1.94454514481    1032.27968071
1.9446976462    1031.84594614
1.9448501715    1031.42830111
1.94500272073    1030.99476842
1.9451552939    1030.56132522
1.945307891    1030.12797996
1.94546051205    1029.69474109
1.94561315705    1029.26159167
1.94576582601    1028.82854017
1.94591851892    1028.41156058
1.94607123581    1027.99467387
1.94622397666    1027.64173912
1.94637674149    1027.32081018
1.94652953031    1027.04781908
1.94668234312    1026.79082875
1.94683517992    1026.5657991
1.94698804072    1026.34080215
1.94714092553    1026.1158379
1.94729383435    1025.87495488
1.94744676719    1025.58627113
1.94759972405    1025.21793319
1.94775270494    1024.69026731
1.94790570987    1023.95553273
1.94805873884    1023.04571339
1.94821179185    1022.04053189
1.94836486891    1020.9878519
1.94851797003    1019.91952504
1.94867109522    1018.85150457
1.94882424447    1017.81562643
1.9489774178    1016.89146985
1.94913061521    1016.1585893
1.9492838367    1015.76011427
1.94943708228    1015.71181196
1.94959035196    1015.96578392
1.94974364575    1016.39462165
1.94989696364    1016.88691399
1.95005030565    1017.39490335
1.95020367178    1017.90270361
1.95035706203    1018.42620777
1.95051047641    1018.96539993
1.95066391493    1019.53616902
1.9508173776    1020.13850005
1.95097086441    1020.77237805
1.95112437537    1021.43779646
1.9512779105    1022.11884552
1.95143146979    1022.81552616
1.95158505325    1023.51194112
1.95173866089    1024.17635788
1.95189229271    1024.80877464
1.95204594872    1025.3298706
1.95219962893    1025.62860693
1.95235333333    1025.64163821
1.95250706194    1025.40083215
1.95266081476    1024.96973064
1.9528145918    1024.44358358
1.95296839306    1023.90170523
1.95312221854    1023.32826344
1.95327606827    1022.73910192
1.95342994223    1022.08670748
1.95358384043    1021.29186554
1.95373776289    1020.24375218
1.95389170961    1018.89496384
1.95404568059    1017.26149256
1.95419967583    1015.45430362
1.95435369535    1013.58430914
1.95450773915    1011.68321523
1.95466180724    1009.76685147
1.95481589962    1007.88270371
1.95497001629    1006.01493048
1.95512415727    1004.19518049
1.95527832255    1002.50250497
1.95543251216    1000.90521447
1.95558672608    999.40327239
1.95574096432    997.949191901
1.9558952269    996.511344304
1.95604951382    995.105522677
1.95620382507    993.700107416
1.95635816068    992.374101683
1.95651252064    991.222260271
1.95666690497    990.465619988
1.95682131366    990.214561038
1.95697574672    990.531995102
1.95713020415    991.275562751
1.95728468598    992.239854908
1.95743919219    993.298508075
1.95759372279    994.37256558
1.9577482778    995.462028343
1.95790285722    996.503781049
1.95805746104    997.450533157
1.95821208929    998.239241588
1.95836674196    998.806911456
1.95852141905    999.153655741
1.95867612059    999.358378706
1.95883084656    999.484195712
1.95898559699    999.594182271
1.95914037186    999.672578389
1.95929517119    999.750920638
1.95944999499    999.781938232
1.95960484326    999.702680277
1.95975971601    999.450210689
1.95991461323    998.961633196
1.96006953495    998.284284032
1.96022448116    997.465469553
1.96037945186    996.599675558
1.96053444708    995.718381217
1.9606894668    994.821593965
1.96084451104    993.956508172
1.96099957981    993.138838149
1.9611546731    992.462905495
1.96130979092    991.991506908
1.96146493329    991.771719111
1.9616201002    991.756264792
1.96177529166    991.850770969
1.96193050769    992.008059047
1.96208574827    992.165251788
1.96224101342    992.338066884
1.96239630315    992.542195462
1.96255161746    992.77762262
1.96270695636    993.154230212
1.96286231985    993.671934539
1.96301770794    994.377759351
1.96317312063    995.208854024
1.96332855793    996.118091361
1.96348401985    997.058365684
1.96363950639    997.998313038
1.96379501755    998.953601375
1.96395055335    999.908557854
1.96410611379    1000.87884547
1.96426169888    1001.86445681
1.96441730861    1002.91240821
1.96457294301    1003.97565363
1.96472860206    1005.08552489
1.96488428579    1006.19500661
1.96503999419    1007.31976347
1.96519572727    1008.42846374
1.96535148503    1009.52111493
1.96550726749    1010.56642669
1.96566307464    1011.47050966
1.9658189065    1012.12388181
1.96597476307    1012.46408809
1.96613064436    1012.53821092
1.96628655036    1012.42457595
1.9664424811    1012.23273556
1.96659843656    1012.00965471
1.96675441677    1011.78660643
1.96691042172    1011.57921732
1.96706645142    1011.40312059
1.96722250588    1011.35204774
1.9673785851    1011.45718584
1.96753468909    1011.76533537
1.96769081786    1012.245163
1.9678469714    1012.81848699
1.96800314973    1013.43844329
1.96815935286    1014.05815624
1.96831558078    1014.69324671
1.9684718335    1015.31248713
1.96862811104    1015.91589323
1.96878441339    1016.47226224
1.96894074056    1016.99721911
1.96909709256    1017.4439865
1.9692534694    1017.8593864
1.96940987107    1018.24343369
1.96956629759    1018.61173598
1.96972274896    1018.97987448
1.96987922519    1019.33227792
1.97003572628    1019.66894551
1.97019225224    1019.9119953
1.97034880307    1020.01473084
1.97050537879    1019.91494045
1.97066197939    1019.62827134
1.97081860488    1019.18596671
1.97097525528    1018.6814905
1.97113193058    1018.14601658
1.97128863078    1017.59510881
1.97144535591    1017.0598924
1.97160210596    1016.50925529
1.97175888094    1015.98986264
1.97191568085    1015.51724695
1.9720725057    1015.06029618
1.9722293555    1014.65009595
1.97238623024    1014.25553588
1.97254312995    1013.89213778
1.97270005463    1013.51329003
1.97285700427    1013.15004864
1.97301397889    1012.78689258
1.97317097849    1012.48594042
1.97332800307    1012.26268762
1.97348505266    1012.22580496
1.97364212724    1012.39071541
1.97379922683    1012.71075305
1.97395635143    1013.13929805
1.97411350105    1013.59870184
1.97427067569    1014.07343113
1.97442787536    1014.54797068
1.97458510007    1015.0378341
1.97474234982    1015.49648892
1.97489962461    1015.95495902
1.97505692446    1016.38223212
1.97521424937    1016.79383494
1.97537159935    1017.18977492
1.9755289744    1017.57005129
1.97568637452    1017.95015954
1.97584379973    1018.31463049
1.97600125003    1018.66344698
1.97615872543    1018.9501826
1.97631622592    1019.08195676
1.97647375153    1018.90403697
1.97663130224    1018.29276054
1.97678887808    1017.27926816
1.97694647904    1015.94113489
1.97710410514    1014.4486817
1.97726175637    1012.89479572
1.97741943275    1011.32590571
1.97757713427    1009.77293595
1.97773486095    1008.2822634
1.9778926128    1006.9002354
1.97805038981    1005.76590074
1.97820819199    1004.92550321
1.97836601936    1004.34800177
1.97852387191    1003.95601952
1.97868174965    1003.65680404
1.97883965259    1003.37309265
1.97899758074    1003.10486976
1.97915553409    1002.82125215
1.97931351266    1002.49138449
1.97947151646    1002.05354883
1.97962954548    1001.41520561
1.97978759973    1000.56102693
1.97994567923    999.506545912
1.98010378397    998.359824613
1.98026191396    997.151740506
1.98042006921    995.928589968
1.98057824973    994.690372189
1.98073645552    993.452520032
1.98089468658    992.184195504
1.98105294293    990.854604782
1.98121122456    989.417555606
1.98136953149    987.85769212
1.98152786372    986.221280344
1.98168622126    984.539162315
1.98184460411    982.826752099
1.98200301228    981.130241094
1.98216144577    979.449630005
1.9823199046    977.861850652
1.98247838876    976.520728896
1.98263689827    975.672302817
1.98279543312    975.470140928
1.98295399333    975.929324304
1.98311257891    976.880375268
1.98327118985    978.077083357
1.98342982616    979.396350842
1.98358848785    980.715158706
1.98374717493    982.033498873
1.9839058874    983.274563238
1.98406462527    984.315479559
1.98422338854    985.002752205
1.98438217723    985.244410639
1.98454099133    985.086727382
1.98469983085    984.637360688
1.9848586958    984.065305395
1.98501758619    983.431999814
1.98517650201    982.798867304
1.98533544329    982.19657551
1.98549441001    981.732506459
1.9856534022    981.559956103
1.98581241985    981.908823491
1.98597146297    982.855514689
1.98613053157    984.338423685
1.98628962565    986.142695403
1.98644874522    988.068965467
1.98660789029    990.055861464
1.98676706086    992.02676692
1.98692625694    993.951046378
1.98708547854    995.767470348
1.98724472565    997.29231628
1.98740399829    998.418566063
1.98756329646    999.10047629
1.98772262017    999.414798283
1.98788196943    999.514727368
1.98804134423    999.538088831
1.9882007446    999.530808729
1.98836017053    999.508193053
1.98851962202    999.43966345
1.9886790991    999.294669276
1.98883860175    998.9662195
1.98899812999    998.408541854
1.98915768383    997.591180578
1.98931726327    996.575399277
1.98947686831    995.483502545
1.98963649897    994.330814948
1.98979615524    993.19373613
1.98995583714    992.072250615
1.99011554467    991.042704848
1.99027527784    990.242443662
1.99043503665    989.854526124
1.99059482112    990.000857812
1.99075463123    990.650648211
1.99091446701    991.651093878
1.99107432846    992.803724434
1.99123421558    994.03219837
1.99139412838    995.260247391
1.99155406687    996.45737089
1.99171403106    997.547352291
1.99187402094    998.362599821
1.99203403652    998.705111205
1.99219407782    998.498951853
1.99235414484    997.820536282
1.99251423758    996.837668009
1.99267435605    995.718002495
1.99283450025    994.568204839
1.9929946702    993.418738208
1.9931548659    992.315272032
1.99331508735    991.349100445
1.99347533456    990.672326543
1.99363560754    990.452190171
1.9937959063    990.734103181
1.99395623083    991.441763415
1.99411658115    992.377276701
1.99427695727    993.403678738
1.99443735918    994.460124621
1.99459778689    995.531387857
1.99475824042    996.617461159
1.99491871976    997.748735098
1.99507922493    998.970769127
1.99523975593    1000.28351125
1.99540031276    1001.73248426
1.99556089543    1003.25688171
1.99572150395    1004.84148833
1.99588213833    1006.44072206
1.99604279857    1008.03940188
1.99620348468    1009.62234849
1.99636419665    1011.17440037
1.99652493451    1012.61971591
1.99668569826    1013.89767436
1.99684648789    1014.93252446
1.99700730343    1015.7547098
1.99716814486    1016.4249758
1.99732901221    1017.01919906
1.99748990548    1017.58287167
1.99765082467    1018.13117371
1.99781176979    1018.66410451
1.99797274085    1019.13622996
1.99813373784    1019.45669507
1.99829476079    1019.53471144
1.99845580969    1019.2946864
1.99861688455    1018.79733663
1.99877798538    1018.1335963
1.99893911218    1017.39435701
1.99910026497    1016.62506159
1.99926144373    1015.85596656
1.9994226485    1015.08707992
1.99958387925    1014.30328154
1.99974513602    1013.48944507
1.9999064188    1012.64560112
2.00006772759    1011.7717483
2.00022906241    1010.86790921
2.00039042325    1009.94921435
2.00055181014    1009.015663
2.00071322306    1008.08237348
2.00087466204    1007.14934574
2.00103612707    1006.2316859
2.00119761816    1005.31427493
2.00135913532    1004.44241659
2.00152067856    1003.60099807
2.00168224787    1002.82018154
2.00184384327    1002.06974982
2.00200546477    1001.33462071
2.00216711236    1000.61477091
2.00232878607    999.895114433
2.00249048588    999.175651249
2.00265221181    998.501618672
2.00281396387    997.87298678
2.00297574205    997.380179074
2.00313754638    997.03821223
2.00329937685    996.846989261
2.00346123347    996.761260244
2.00362311624    996.735772579
2.00378502518    996.725318833
2.00394696029    996.714829421
2.00410892157    996.719356233
2.00427090904    996.723842525
2.00443292269    996.728296268
2.00459496254    996.777843262
2.00475702859    996.842393238
2.00491912085    996.952010385
2.00508123932    997.061552988
2.00524338401    997.186063874
2.00540555492    997.295454987
2.00556775207    997.419809541
2.00572997546    997.544084728
2.0058922251    997.62318925
2.00605450098    997.657152956
2.00621680313    997.615933334
2.00637913153    997.454513338
2.00654148621    997.233028857
2.00670386717    996.95150111
2.00686627441    996.640004208
2.00702870794    996.343569146
2.00719116777    996.002173804
2.0073536539    995.60081295
2.00751616634    994.974458901
2.0076787051    993.943192466
2.00784127017    992.312199181
2.00800386158    990.051783411
2.00816647932    987.312194095
2.0083291234    984.318574054
2.00849179383    981.205955163
2.00865449061    978.079314182
2.00881721376    974.953655555
2.00897996327    971.873916109
2.00914273915    968.885027334
2.00930554142    966.106762229
2.00946837007    963.58396555
2.00963122511    961.316497552
2.00979410655    959.214409502
2.0099570144    957.202775349
2.01011994866    955.236665346
2.01028290933    953.271147182
2.01044589644    951.336150921
2.01060890997    949.491504573
2.01077194994    947.826901925
2.01093501635    946.521701535
2.01109810922    945.635542245
2.01126122854    945.138322335
2.01142437432    944.865436582
2.01158754658    944.71215509
2.01175074531    944.588769441
2.01191397052    944.495265089
2.01207722222    944.461509106
2.01224050042    944.592001572
2.01240380512    945.125598346
2.01256713632    946.271125211
2.01273049405    948.147693499
2.01289387829    950.605699668
2.01305728906    953.421029526
2.01322072637    956.369682705
2.01338419021    959.377010513
2.0135476806    962.353493719
2.01371119755    965.299154874
2.01387474106    968.109617478
2.01403831113    970.650773068
2.01420190778    972.803517543
2.014365531    974.538234002
2.01452918081    975.959417713
2.01469285722    977.201315979
2.01485656022    978.383189302
2.01502028983    979.534853295
2.01518404605    980.686104204
2.01534782889    981.807165251
2.01551163835    982.868279019
2.01567547445    983.824812056
2.01583933718    984.64706867
2.01600322656    985.320223679
2.01616714258    985.903854969
2.01633108527    986.442639619
2.01649505462    986.951459098
2.01665905064    987.46008181
2.01682307333    987.938758756
2.01698712271    988.357783898
2.01715119878    988.598291832
2.01731530155    988.541478795
2.01747943102    988.113201087
2.0176435872    987.358223341
2.01780777009    986.395506447
2.01797197971    985.32911172
2.01813621605    984.233338178
2.01830047913    983.123025525
2.01846476896    982.027881626
2.01862908553    980.933063067
2.01879342886    979.897904645
2.01895779894    978.92239304
2.0191221958    978.021328105
2.01928661943    977.194665723
2.01945106985    976.41272154
2.01961554705    975.630993191
2.01978005104    974.864307718
2.01994458184    974.112650006
2.02010913944    973.405657262
2.02027372386    972.832203132
2.0204383351    972.525555549
2.02060297316    972.618872029
2.02076763806    973.126785308
2.0209323298    973.945429343
2.02109704839    974.971037052
2.02126179382    976.055469426
2.02142656612    977.154320127
2.02159136529    978.237965279
2.02175619133    979.23246085
2.02192104425    980.049076211
2.02208592405    980.495648366
2.02225083075    980.454039218
2.02241576435    979.939283837
2.02258072485    979.069878534
2.02274571226    978.023353427
2.0229107266    976.918021502
2.02307576786    975.783453609
2.02324083605    974.663993338
2.02340593118    973.618713679
2.02357105326    972.70664906
2.02373620229    972.060633302
2.02390137828    971.724813016
2.02406658123    971.669523325
2.02423181115    971.806070962
2.02439706806    972.045828323
2.02456235195    972.300225639
2.02472766283    972.569255696
2.02489300071    972.852903477
2.02505836559    973.16591165
2.02522375748    973.567247835
2.0253891764    974.11582552
2.02555462234    974.826315132
2.02572009531    975.683912601
2.02588559531    976.614856574
2.02605112237    977.574920309
2.02621667647    978.549364187
2.02638225763    979.523442629
2.02654786586    980.482443071
2.02671350116    981.426372776
2.02687916353    982.325792236
2.02704485299    983.166009964
2.02721056954    983.917617732
2.02737631319    984.624799598
2.02754208394    985.287585037
2.02770788181    985.950114219
2.02787370679    986.597678232
2.0280395589    987.244990866
2.02820543814    987.877355799
2.02837134451    988.450675084
2.02853727803    988.920902967
2.0287032387    989.273385268
2.02886922653    989.478798458
2.02903524152    989.595975348
2.02920128369    989.669012795
2.02936735303    989.712619745
2.02953344955    989.741487757
2.02969957327    989.75563182
2.02986572418    989.666994131
2.0300319023    989.358226949
2.03019810763    988.638714041
2.03036434018    987.420627668
2.03053059995    985.748216509
2.03069688696    983.768361393
2.0308632012    981.642489433
2.03102954268    979.473292235
2.03119591142    977.304766189
2.03136230742    975.195529578
2.03152873068    973.27743485
2.03169518121    971.814092253
2.03186165902    971.098226231
2.03202816411    971.290583722
2.0321946965    972.214991701
2.03236125618    973.578278667
2.03252784317    975.131374655
2.03269445747    976.742471514
2.03286109909    978.338363952
2.03302776803    979.90443252
2.0331944643    981.32366615
2.03336118792    982.449863466
2.03352793887    983.166181297
2.03369471719    983.414337182
2.03386152285    983.311510168
2.03402835589    983.004042669
2.0341952163    982.608953545
2.03436210408    982.184731566
2.03452901925    981.76060912
2.03469596182    981.351188941
2.03486293178    980.956471559
2.03502992915    980.591047724
2.03519695393    980.284101886
2.03536400613    980.006418958
2.03553108575    979.772567596
2.03569819281    979.567937862
2.03586532731    979.348749734
2.03603248926    979.144177554
2.03619967865    978.954221854
2.03636689551    978.764288938
2.03653413984    978.603539312
2.03670141163    978.51569604
2.03686871091    978.500715488
2.03703603768    978.558577169
2.03720339194    978.645521576
2.03737077369    978.77609878
2.03753818296    978.906593438
2.03770561974    979.037013271
2.03787308404    979.181907828
2.03804057587    979.341269942
2.03820809524    979.573325412
2.03837564214    979.9071539
2.03854321659    980.371792828
2.0387108186    980.923541761
2.03887844817    981.547807066
2.03904610531    982.200908286
2.03921379002    982.853762577
2.03938150231    983.520905691
2.0395492422    984.216856119
2.03971700968    984.999754081
2.03988480476    985.927686148
2.04005262745    987.102286812
2.04022047776    988.552497104
2.04038835569    990.205550858
2.04055626124    991.974210747
2.04072419444    993.800322339
2.04089215528    995.625800196
2.04106014377    997.436117208
2.04122815991    999.173235213
2.04139620372    1000.73559474
2.04156427521    1001.93468297
2.04173237436    1002.640105
2.04190050121    1002.85211221
2.04206865574    1002.71596157
2.04223683797    1002.39132492
2.04240504791    1001.97976742
2.04257328556    1001.55381438
2.04274155092    1001.11346529
2.04290984401    1000.62974851
2.04307816484    1000.05922837
2.0432465134    999.329520894
2.04341488971    998.397254337
2.04358329377    997.26252892
2.04375172559    995.997835953
2.04392018518    994.675618999
2.04408867254    993.339320865
2.04425718769    991.988948663
2.04442573062    990.667924719
2.04459430134    989.448550807
2.04476289986    988.417570932
2.04493152619    987.762885652
2.04510018034    987.513217979
2.04526886231    987.625011093
2.04543757211    987.953534841
2.04560630974    988.368624823
2.04577507521    988.826887822
2.04594386853    989.270501325
2.04611268971    989.713935688
2.04628153876    990.142745432
2.04645041567    990.528043854
2.04661932046    990.869867714
2.04678825313    991.13936178
2.04695721369    991.365426111
2.04712620215    991.56252339
2.04729521851    991.759507416
2.04746426279    991.941957027
2.04763333498    992.124313451
2.0478024351    992.320985488
2.04797156315    992.546395308
2.04814071914    992.829344322
2.04830990308    993.184236135
2.04847911496    993.625426689
2.04864835481    994.124079369
2.04881762263    994.651330854
2.04898691841    995.192774759
2.04915624218    995.73399897
2.04932559394    996.289398514
2.04949497369    996.887766757
2.04966438144    997.601056364
2.0498338172    998.515552653
2.05000328097    999.674342638
2.05017277277    1001.06289908
2.05034229259    1002.62357732
2.05051184046    1004.25561291
2.05068141636    1005.90145115
2.05085102032    1007.56107737
2.05102065233    1009.16261321
2.0511903124    1010.57672211
2.05136000055    1011.58794674
2.05152971677    1011.86599891
2.05169946108    1011.29632594
2.05186923348    1009.99425367
2.05203903398    1008.2617406
2.05220886259    1006.32872701
2.0523787193    1004.33888789
2.05254860414    1002.34965856
2.05271851711    1000.41846673
2.0528884582    998.631354271
2.05305842744    997.189131156
2.05322842483    996.235059888
2.05339845037    995.840610646
2.05356850407    995.890782942
2.05373858594    996.198978741
2.05390869599    996.607370013
2.05407883421    997.029928607
2.05424900063    997.466632248
2.05441919525    997.860163851
2.05458941807    998.153244312
2.0547596691    998.245660465
2.05492994834    998.080230518
2.05510025581    997.628446641
2.05527059152    996.976345009
2.05544095546    996.224214288
2.05561134764    995.429362977
2.05578176808    994.60611713
2.05595221678    993.783103231
2.05612269375    992.888798636
2.05629319899    991.837430528
2.05646373251    990.528972637
2.05663429432    988.877780657
2.05680488443    986.898315785
2.05697550283    984.705076849
2.05714614955    982.412501904
2.05731682458    980.063490811
2.05748752793    977.729507254
2.05765825962    975.410536472
2.05782901964    973.192259158
2.057999808    971.188854492
2.05817062472    969.585791069
2.0583414698    968.439976652
2.05851234324    967.708368196
2.05868324505    967.205253951
2.05885417524    966.816401022
2.05902513382    966.45616417
2.0591961208    966.110264301
2.05936713617    965.764446889
2.05953817995    965.43295697
2.05970925215    965.115794978
2.05988035277    964.841449513
2.06005148182    964.624159835
2.0602226393    964.421145535
2.06039382523    964.246655347
2.06056503961    964.072175669
2.06073628244    963.9119576
2.06090755374    963.737519188
2.06107885352    963.563091288
2.06125018177    963.37445251
2.0614215385    963.143141766
2.06159292373    962.86918788
2.06176433746    962.55259708
2.0619357797    962.193405713
2.06210725045    961.820076785
2.06227874972    961.432609857
2.06245027752    961.045231912
2.06262183386    960.672152948
2.06279341874    960.313373386
2.06296503217    959.997304203
2.06313667415    959.780750814
2.0633083447    959.677864124
2.06348004382    959.688594915
2.06365177152    959.784479776
2.06382352781    959.894493825
2.06399531269    960.032821081
2.06416712617    960.185251128
2.06433896825    960.351784401
2.06451083895    960.60335643
2.06468273827    961.0392188
2.06485466622    961.801117366
2.0650266228    962.973973271
2.06519860803    964.472511143
2.06537062191    966.183160402
2.06554266444    967.992418555
2.06571473564    969.829383657
2.06588683551    971.651516243
2.06605896406    973.444668213
2.06623112129    975.095540573
2.06640330722    976.462571276
2.06657552185    977.390151982
2.06674776518    977.821866451
2.06692003723    977.871207726
2.067092338    977.679883031
2.0672646675    977.403688877
2.06743702573    977.113394678
2.06760941271    976.809007509
2.06778182844    976.532974425
2.06795427292    976.327691722
2.06812674618    976.249684308
2.0682992482    976.369578947
2.068471779    976.673124413
2.06864433859    977.131981465
2.06881692697    977.675424727
2.06898954415    978.246891183
2.06916219014    978.818133564
2.06933486495    979.360893551
2.06950756857    979.832838506
2.06968030103    980.106932265
2.06985306232    980.013905764
2.07002585246    979.469261714
2.07019867145    978.473218841
2.0703715193    977.181205129
2.07054439601    975.748522469
2.0707173016    974.245759458
2.07089023606    972.757554336
2.07106319942    971.283914906
2.07123619167    969.965776958
2.07140921282    968.972206259
2.07158226288    968.528490023
2.07175534185    968.775262327
2.07192844975    969.627643984
2.07210158658    970.831811675
2.07227475235    972.190438237
2.07244794707    973.604894653
2.07262117073    975.032910711
2.07279442336    976.404110154
2.07296770495    977.662224852
2.07314101552    978.624406457
2.07331435507    979.164176762
2.07348772361    979.22549423
2.07366112114    978.892975829
2.07383454768    978.321495624
2.07400800323    977.665809283
2.0741814878    976.996241742
2.07435500139    976.326864622
2.07452854402    975.713874774
2.07470211568    975.241536328
2.0748757164    975.078350127
2.07504934616    975.32247291
2.07522300499    975.987730714
2.07539669289    976.975647906
2.07557040986    978.145677752
2.07574415592    979.385451653
2.07591793107    980.63879789
2.07609173532    981.877657048
2.07626556867    983.087997517
2.07643943114    984.199718448
2.07661332272    985.156770281
2.07678724344    985.88911679
2.07696119329    986.410900063
2.07713517228    986.792301274
2.07730918042    987.089452255
2.07748321771    987.372447277
2.07765728418    987.655305902
2.07783137981    987.91001526
2.07800550462    988.122581654
2.07817965862    988.223021183
2.07835384181    988.14138947
2.0785280542    987.835775768
2.0787022958    987.348287956
2.07887656662    986.720990918
2.07905086666    986.037902533
2.07922519593    985.355001617
2.07939955444    984.658299121
2.07957394219    983.975775424
2.07974835919    983.321407798
2.07992280546    982.751080513
2.08009728099    982.278745781
2.08027178579    981.946264048
2.08044631988    981.711654898
2.08062088326    981.546931268
2.08079547593    981.396191722
2.08097009791    981.259421837
2.08114474919    981.108690823
2.0813194298    980.91609403
2.08149413973    980.597901998
2.081668879    980.070441507
2.08184364761    979.222197926
2.08201844556    978.039386419
2.08219327287    976.605855171
2.08236812955    975.04725102
2.08254301559    973.433356529
2.08271793101    971.806025818
2.08289287582    970.19313538
2.08306785002    968.678294806
2.08324285362    967.372947161
2.08341788663    966.45808456
2.08359294905    966.058890545
2.08376804089    966.147237012
2.08394316217    966.569713389
2.08411831288    967.172997377
2.08429349304    967.81780046
2.08446870264    968.504094245
2.08464394171    969.176204881
2.08481921024    969.889790257
2.08499450825    970.658736037
2.08516983574    971.52474196
2.08534519272    972.515577685
2.0855205792    973.617258357
2.08569599518    974.788043256
2.08587144067    975.972287941
2.08604691568    977.183885471
2.08622242021    978.36724588
2.08639795428    979.522383254
2.08657351789    980.552082734
2.08674911105    981.303639615
2.08692473377    981.610585749
2.08710038605    981.417601586
2.0872760679    980.822103032
2.08745177933    980.004713695
2.08762752034    979.076555471
2.08780329095    978.134791491
2.08797909116    977.179436073
2.08815492098    976.238225439
2.08833078041    975.325022177
2.08850666947    974.467546826
2.08868258816    973.693486567
2.08885853649    973.01666196
2.08903451446    972.395450426
2.08921052209    971.802122692
2.08938655937    971.236650066
2.08956262633    970.67133396
2.08973872296    970.106159693
2.08991484927    969.554983192
2.09009100528    969.00395116
2.09026719098    968.494588082
2.09044340639    967.999197047
2.09061965152    967.559266897
2.09079592636    967.119451146
2.09097223093    966.707404356
2.09114856524    966.295447969
2.09132492929    965.883596614
2.0915013231    965.499490863
2.09167774666    965.184585228
2.09185419999    965.049399024
2.09203068309    965.232018188
2.09220719597    965.773729387
2.09238373864    966.660534854
2.09256031111    967.754160169
2.09273691338    968.930220839
2.09291354546    970.147262717
2.09309020736    971.350045697
2.09326689909    972.510982849
2.09344362065    973.56109269
2.09362037206    974.334872113
2.09379715331    974.666944424
2.09397396442    974.502353392
2.09415080539    973.951669842
2.09432767624    973.166746371
2.09450457696    972.271771699
2.09468150757    971.363279384
2.09485846808    970.441261792
2.09503545849    969.533302458
2.0952124788    968.639372488
2.09538952904    967.773263081
2.0955666092    966.962479104
2.09574371929    966.179463809
2.09592085932    965.451741917
2.0960980293    964.737984388
2.09627522924    964.024434086
2.09645245913    963.324831512
2.096629719    962.625431462
2.09680700885    961.953734792
2.09698432868    961.337231032
2.0971616785    960.830897242
2.09733905833    960.475915256
2.09751646816    960.258467179
2.09769390801    960.137252249
2.09787137789    960.07099762
2.09804887779    960.018458351
2.09822640774    959.95216379
2.09840396773    959.87212091
2.09858155777    959.695937178
2.09875917788    959.258926607
2.09893682805    958.42394531
2.09911450831    957.053956858
2.09929221865    955.245287446
2.09946995908    953.149075014
2.09964772961    950.930068508
2.09982553024    948.656921538
2.100003361    946.357071857
2.10018122187    943.989414435
2.10035911288    941.362063126
2.10053703402    938.21473907
2.10071498531    934.232528036
2.10089296676    929.278855697
2.10107097836    923.532283542
2.10124902014    917.349332766
2.10142709209    910.963021953
2.10160519422    904.537765954
2.10178332655    898.114648847
2.10196148908    891.775790602
2.10213968181    885.630638761
2.10231790476    879.884315744
2.10249615793    874.700798141
2.10267444133    870.10715523
2.10285275497    865.979993508
2.10303109886    862.086649665
2.103209473    858.303952937
2.1033878774    854.563503142
2.10356631207    850.906287598
2.10374477701    847.523560829
2.10392327224    844.838684227
2.10410179776    843.438667198
2.10428035358    843.705246827
2.10445893971    845.610266263
2.10463755616    848.634103645
2.10481620292    852.230183063
2.10499488002    856.0433615
2.10517358746    859.923444046
2.10535232524    863.856742628
2.10553109337    867.925071656
2.10570989187    872.319308567
2.10588872073    877.298376018
2.10606757998    882.984672342
2.1062464696    889.282422579
2.10642538962    895.986864948
2.10660434004    902.852522568
2.10678332087    909.783925457
2.10696233211    916.699315523
2.10714137378    923.503352712
2.10732044588    929.978217935
2.10749954841    935.701991943
2.1076786814    940.239447893
2.10785784484    943.427859903
2.10803703874    945.5128653
2.1082162631    946.95763174
2.10839551795    948.116185748
2.10857480329    949.219900719
2.10875411911    950.295994619
2.10893346544    951.371688499
2.10911284228    952.446975216
2.10929224963    953.549031102
2.10947168751    954.664270898
2.10965115592    955.806256853
2.10983065487    956.961401138
2.11001018436    958.129696873
2.11018974442    959.311129993
2.11036933503    960.478545076
2.11054895622    961.631941926
2.11072860799    962.730611394
2.11090829034    963.706723001
2.11108800329    964.451783015
2.11126774684    964.884511431
2.111447521    965.005067689
2.11162732578    964.922104747
2.11180716119    964.744208808
2.11198702722    964.512110359
2.1121669239    964.266483471
2.11234685123    963.993800548
2.11252680922    963.639860503
2.11270679787    963.082770758
2.1128868172    962.187187059
2.1130668672    960.872001676
2.1132469479    959.178069898
2.11342705929    957.254506625
2.11360720138    955.223266918
2.11378737419    953.152072453
2.11396757772    951.068007282
2.11414781197    949.011677117
2.11432807696    946.983053709
2.1145083727    945.063286032
2.11468869918    943.306408471
2.11486905643    941.712337917
2.11504944444    940.267469858
2.11522986323    938.904154019
2.1154103128    937.581798413
2.11559079316    936.286874889
2.11577130432    935.005864518
2.11595184629    933.806288339
2.11613241907    932.863667683
2.11631302267    932.420908996
2.1164936571    932.666755204
2.11667432238    933.668342779
2.11685501849    935.236350375
2.11703574547    937.114119718
2.1172165033    939.112622178
2.117397292    941.150861213
2.11757811158    943.17488101
2.11775896205    945.157722021
2.11793984341    947.045466906
2.11812075567    948.730341895
2.11830169884    950.172010893
2.11848267293    951.357134949
2.11866367794    952.366668806
2.11884471389    953.294999227
2.11902578078    954.196036331
2.11920687861    955.083262398
2.11938800741    955.956670126
2.11956916716    956.802824025
2.11975035789    957.594807788
2.11993157961    958.26538149
2.12011283231    958.814593045
2.120294116    959.242511727
2.1204754307    959.589542372
2.12065677642    959.896076439
2.12083815315    960.202463547
2.12101956091    960.508703717
2.12120099971    960.855112073
2.12138246956    961.281990372
2.12156397045    961.910215402
2.12174550241    962.874010296
2.12192706543    964.213490204
2.12210865953    965.861332468
2.12229028472    967.683106747
2.12247194099    969.571335794
2.12265362837    971.48571818
2.12283534686    973.372564741
2.12301709646    975.164802953
2.12319887718    976.661256414
2.12338068904    977.593837315
2.12356253204    977.721439636
2.12374440619    976.990854411
2.12392631149    975.617011054
2.12410824796    973.86830309
2.12429021559    971.986146405
2.12447221441    970.064386548
2.12465424442    968.170041345
2.12483630562    966.370061425
2.12501839803    964.82509424
2.12520052165    963.735861844
2.12538267649    963.262770736
2.12556486256    963.365347374
2.12574707987    963.896095839
2.12592932842    964.64069724
2.12611160822    965.451899134
2.12629391928    966.289523704
2.12647626161    967.113448983
2.12665863522    967.923681895
2.12684104011    968.666748812
2.12702347629    969.2892128
2.12720594378    969.777782639
2.12738844257    970.132520076
2.12757097268    970.420293441
2.12775353412    970.667858022
2.12793612689    970.901936626
2.128118751    971.135892001
2.12830140646    971.35637767
2.12848409327    971.563386394
2.12866681146    971.730255367
2.12884956101    971.843644411
2.12903234195    971.876899308
2.12921515427    971.870087616
2.12939799799    971.8232229
2.12958087312    971.763000823
2.12976377967    971.689421204
2.12994671763    971.615823858
2.13012968702    971.502223896
2.13031268786    971.268692934
2.13049572013    970.835357528
2.13067878387    970.082427829
2.13086187906    969.023390129
2.13104500573    967.69834584
2.13122816387    966.240580218
2.1314113535    964.743336037
2.13159457463    963.219946167
2.13177782726    961.697037325
2.1319611114    960.187917207
2.13214442705    958.705877315
2.13232777424    957.277503185
2.13251115296    955.916068205
2.13269456323    954.621530974
2.13287800504    953.367285612
2.13306147842    952.140003384
2.13324498337    950.926399884
2.13342851989    949.71316468
2.13361208799    948.526872069
2.13379568769    947.42064079
2.13397931899    946.474097117
2.1341629819    945.846494349
2.13434667642    945.577494952
2.13453040257    945.640355306
2.13471416035    945.902211643
2.13489794978    946.270084049
2.13508177085    946.677587338
2.13526562358    947.071634582
2.13544950798    947.465511013
2.13563342405    947.779658514
2.1358173718    947.961086253
2.13600135125    947.930332027
2.13618536239    947.634512804
2.13636940524    947.139994979
2.13655347981    946.513134332
2.1367375861    945.846716582
2.13692172412    945.167240319
2.13710589388    944.487956128
2.13729009538    943.835339935
2.13747432865    943.27555999
2.13765859368    942.874731903
2.13784289048    942.712174301
2.13802721906    942.800989322
2.13821157943    943.088133669
2.1383959716    943.467717424
2.13858039557    943.900009196
2.13876485136    944.332116743
2.13894933897    944.75081215
2.13913385841    945.09002297
2.13931840968    945.244094193
2.13950299281    945.028159149
2.13968760779    944.336735756
2.13987225463    943.196489272
2.14005693334    941.739689817
2.14024164394    940.111728278
2.14042638642    938.431489839
2.14061116079    936.725395638
2.14079596708    935.03303974
2.14098080527    933.367611106
2.14116567539    931.795049967
2.14135057743    930.368066671
2.14153551141    929.11294311
2.14172047734    928.016424592
2.14190547522    927.025691189
2.14209050507    926.074798157
2.14227556688    925.137372102
2.14246066067    924.213399186
2.14264578645    923.31604791
2.14283094423    922.497989962
2.14301613401    921.838181324
2.1432013558    921.441874377
2.14338660962    921.361576687
2.14357189546    921.531325393
2.14375721333    921.845725013
2.14394256326    922.212598392
2.14412794523    922.605603945
2.14431335927    923.02474197
2.14449880538    923.469998842
2.14468428357    924.020228129
2.14486979384    924.793700823
2.14505533621    925.869140888
2.14524091069    927.272678495
2.14542651727    928.925323602
2.14561215598    930.708709971
2.14579782681    932.557106919
2.14598352978    934.40482228
2.1461692649    936.251856144
2.14635503217    938.032573171
2.1465408316    939.694511059
2.1467266632    941.119624203
2.14691252698    942.216208761
2.14709842295    943.02377668
2.14728435111    943.594945014
2.14747031148    944.074080297
2.14765630406    944.500558259
2.14784232886    944.913741244
2.14802838588    945.339847985
2.14821447515    945.752657406
2.14840059666    946.191484035
2.14858675042    946.643218605
2.14877293645    947.134041136
2.14895915475    947.624650901
2.14914540533    948.141239516
2.14933168819    948.67069294
2.14951800335    949.18682882
2.14970435081    949.702749902
2.14989073059    950.139942856
2.15007714269    950.38072316
2.15026358712    950.176680031
2.15045006388    949.26651591
2.150636573    947.545990947
2.15082311446    945.146259875
2.15100968829    942.35521545
2.15119629449    939.408281328
2.15138293308    936.423128451
2.15156960405    933.45203538
2.15175630741    930.573358636
2.15194304319    927.969873727
2.15212981137    925.902565498
2.15231661198    924.606129969
2.15250344502    924.106282799
2.1526903105    924.232944926
2.15287720843    924.698756551
2.15306413881    925.307866824
2.15325110165    925.942801728
2.15343809697    926.564444413
2.15362512477    927.159739637
2.15381218506    927.624436497
2.15399927785    927.893411865
2.15418640315    927.888594711
2.15437356096    927.610120794
2.15456075129    927.149322377
2.15474797416    926.597468311
2.15493522957    926.006694398
2.15512251752    925.403067496
2.15530983804    924.83865766
2.15549719112    924.391549968
2.15568457677    924.204823066
2.15587199501    924.473512861
2.15605944584    925.314454809
2.15624692927    926.649326707
2.15643444531    928.308795038
2.15662199397    930.110673209
2.15680957525    931.963880221
2.15699718916    933.829400913
2.15718483572    935.655235136
2.15737251493    937.415431762
2.1575602268    939.006094691
2.15774797134    940.336384863
2.15793574855    941.367490644
2.15812355845    942.151488795
2.15831140105    942.792372831
2.15849927634    943.36809885
2.15868718435    943.930601285
2.15887512508    944.492858098
2.15906309853    945.028938408
2.15925110472    945.551815567
2.15943914366    946.022596396
2.15962721535    946.415370069
2.1598153198    946.743150849
2.16000345702    947.005965773
2.16019162703    947.229766281
2.16037982982    947.440485748
2.1605680654    947.664046338
2.1607563338    947.861581864
2.160944635    948.033105885
2.16113296903    948.113891097
2.16132133589    948.065145791
2.16150973559    947.82222623
2.16169816813    947.385227111
2.16188663353    946.831887578
2.1620751318    946.201073726
2.16226366294    945.557506163
2.16245222697    944.901184787
2.16264082388    944.257982066
2.1628294537    943.640821814
2.16301811642    943.101376512
2.16320681206    942.704236025
2.16339554062    942.47515993
2.16358430212    942.388223965
2.16377309657    942.40460942
2.16396192396    942.459690498
2.16415078431    942.514709296
2.16433967763    942.582571556
2.16452860393    942.637463568
2.16471756322    942.640667929
2.1649065555    942.527703151
2.16509558078    942.24702952
2.16528463907    941.772939124
2.16547373039    941.144209977
2.16566285473    940.412510319
2.16585201211    939.642346406
2.16604120254    938.87241534
2.16623042602    938.076930201
2.16641968257    937.281680038
2.16660897218    936.409372091
2.16679829488    935.434280293
2.16698765067    934.304948153
2.16717703956    932.995712738
2.16736646155    931.558154185
2.16755591666    930.0566977
2.1677454049    928.517114216
2.16793492627    926.978026432
2.16812448078    925.413706048
2.16831406844    923.772719017
2.16850368926    921.926495949
2.16869334324    919.73372386
2.16888303041    917.066013201
2.16907275076    913.962182317
2.1692625043    910.525265448
2.16945229104    906.935321908
2.169642111    903.295208312
2.16983196418    899.643486519
2.17002185059    896.018677813
2.17021177023    892.549182798
2.17040172312    889.414633548
2.17059170926    886.858734552
2.17078172867    885.03517406
2.17097178136    883.828097579
2.17116186732    883.019085975
2.17135198657    882.40270902
2.17154213912    881.837808755
2.17173232498    881.298708591
2.17192254416    880.798217595
2.17211279666    880.387576441
2.17230308249    880.169268937
2.17249340167    880.271325126
2.1726837542    880.731997017
2.17287414008    881.499871071
2.17306455934    882.421110562
2.17325501198    883.431607306
2.173445498    884.454520525
2.17363601741    885.489823214
2.17382657023    886.537529021
2.17401715647    887.64879563
2.17420777612    888.861976303
2.1743984292    890.228170453
2.17458911573    891.747310933
2.1747798357    893.380943633
2.17497058913    895.090668446
2.17516137602    896.825314242
2.17535219639    898.5593101
2.17554305024    900.292656107
2.17573393758    901.999803763
2.17592485843    903.642447067
2.17611581278    905.182313675
2.17630680065    906.581144615
2.17649782205    907.839020678
2.17668887699    908.994308527
2.17687996547    910.110862862
2.1770710875    911.201459139
2.1772622431    912.278877357
2.17745343227    913.304858535
2.17764465501    914.177407766
2.17783591135    914.679858359
2.17802720129    914.544692769
2.17821852483    913.606556361
2.17840988199    911.980568814
2.17860127277    909.909169288
2.17879269718    907.647368564
2.17898415524    905.335375747
2.17917564695    903.011416157
2.17936717232    900.739165203
2.17955873136    898.633158053
2.17975032407    896.884226367
2.17994195047    895.721239273
2.18013361057    895.220231398
2.18032530437    895.240917551
2.18051703189    895.579522832
2.18070879313    896.045134982
2.18090058809    896.548686682
2.1810924168    897.0647279
2.18128427926    897.567833223
2.18147617548    898.083430382
2.18166810546    898.598804439
2.18186006922    899.113955426
2.18205206676    899.628890097
2.18224409809    900.143595037
2.18243616323    900.658077002
2.18262826218    901.172336022
2.18282039495    901.699066972
2.18301256155    902.225563855
2.18320476199    902.802588205
2.18339699627    903.480852376
2.18358926441    904.349077283
2.18378156641    905.47056739
2.18397390229    906.832514014
2.18416627205    908.358734821
2.18435867571    909.960417413
2.18455111326    911.612178911
2.18474358473    913.250650201
2.18493609011    914.83782725
2.18512862942    916.297755511
2.18532120267    917.415223534
2.18551380986    917.962528156
2.185706451    917.788061408
2.18589912611    916.99346438
2.1860918352    915.806828591
2.18628457826    914.443443613
2.18647735532    913.029900464
2.18667016637    911.591512835
2.18686301143    910.140948699
2.18705589051    908.665568963
2.18724880362    907.11482636
2.18744175076    905.438202613
2.18763473195    903.635764546
2.18782774719    901.732845891
2.18802079649    899.767403786
2.18821387987    897.777355241
2.18840699732    895.775336972
2.18860014886    893.773983465
2.18879333451    891.811164914
2.18898655426    889.899477922
2.18917980813    888.11460949
2.18937309612    886.50694854
2.18956641825    885.076414785
2.18975977452    883.772456551
2.18995316494    882.557183459
2.19014658953    881.367518419
2.19034004829    880.190833519
2.19053354122    879.027122031
2.19072706835    877.964594183
2.19092062967    877.078770038
2.1911142252    876.571098798
2.19130785495    876.516940264
2.19150151893    876.916060706
2.19169521713    877.629731755
2.19188894958    878.481572937
2.19208271629    879.408578568
2.19227651725    880.34779414
2.19247035249    881.286643008
2.192664222    882.237693021
2.19285812581    883.238667572
2.19305206391    884.289540026
2.19324603632    885.428007071
2.19344004305    886.616305413
2.1936340841    887.854408429
2.19382815948    889.104592848
2.19402226921    890.366858716
2.19421641329    891.616079433
2.19441059174    892.852255086
2.19460480455    893.987506867
2.19479905175    894.946554908
2.19499333333    895.629090384
2.19518764931    895.997610022
2.1953819997    896.102467151
2.19557638451    896.069252826
2.19577080374    895.973293695
2.19596525741    895.852239763
2.19615974552    895.718652096
2.19635426808    895.585069597
2.19654882511    895.413895571
2.19674341661    895.180081132
2.19693804258    894.846069576
2.19713270305    894.411914182
2.19732739802    893.915251535
2.19752212749    893.368627211
2.19771689149    892.82216116
2.19791169001    892.263318995
2.19810652306    891.704639503
2.19830139066    891.183659434
2.19849629281    890.725374467
2.19869122953    890.4048181
2.19888620082    890.234413893
2.19908120669    890.226596405
2.19927624715    890.318757857
2.19947132221    890.47334818
2.19966643189    890.64034278
2.19986157617    890.819735017
2.20005675509    891.024001739
2.20025196865    891.315602115
2.20044721685    891.781902473
2.2006424997    892.585154042
2.20083781722    893.775108863
2.20103316942    895.301638214
2.20122855629    897.039748418
2.20142397786    898.877028864
2.20161943413    900.738565829
2.20181492511    902.586922441
2.20201045082    904.372227073
2.20220601125    905.957337239
2.20240160642    907.105493192
2.20259723633    907.580083673
2.20279290101    907.294227479
2.20298860045    906.397865061
2.20318433466    905.152935647
2.20338010366    903.758936822
2.20357590746    902.328026686
2.20377174606    900.885134324
2.20396761947    899.392909122
2.2041635277    897.826490385
2.20435947077    896.086353872
2.20455544867    894.097931071
2.20475146142    891.873804778
2.20494750904    889.463846579
2.20514359152    886.967649125
2.20533970888    884.422562898
2.20553586113    881.865911832
2.20573204827    879.347412643
2.20592827032    876.904329556
2.20612452728    874.698154564
2.20632081917    872.890264702
2.20651714599    871.604644587
2.20671350775    870.816185923
2.20690990447    870.350793836
2.20710633615    870.071735134
2.2073028028    869.842387029
2.20749930443    869.637897826
2.20769584105    869.470658075
2.20789241266    869.41509032
2.20808901929    869.644765782
2.20828566094    870.33315826
2.20848233761    871.579202101
2.20867904931    873.320622246
2.20887579607    875.358845776
2.20907257787    877.532606189
2.20926939475    879.742728454
2.20946624669    881.939630831
2.20966313372    884.073780019
2.20986005585    886.021374665
2.21005701307    887.572047356
2.21025400541    888.503179404
2.21045103286    888.728465342
2.21064809545    888.409160585
2.21084519317    887.76824822
2.21104232605    886.991447035
2.21123949408    886.177781753
2.21143669728    885.352002499
2.21163393566    884.489376874
2.21183120923    883.54049482
2.21202851799    882.418883042
2.21222586195    881.087561843
2.21242324113    879.509577969
2.21262065554    877.746839591
2.21281810518    875.910576952
2.21301559006    874.013193506
2.2132131102    872.091754893
2.21341066559    870.059869238
2.21360825626    867.707790801
2.21380588221    864.813581692
2.21400354345    861.525590173
2.21420123999    858.682779167
2.21439897184    857.370180361
2.21459673901    857.993870403
2.2147945415    859.998043204
2.21499237933    862.395894021
2.21519025251    864.10271051
2.21538816105    864.219407469
2.21558610495    862.291009098
2.21578408423    858.491058221
2.2159820989    853.522506493
2.21618014895    848.124743661
2.21637823442    842.827356633
2.21657635529    837.901065596
2.21677451159    833.394908
2.21697270332    829.222525105
2.21717093049    825.248427735
2.21736919312    821.423300786
2.2175674912    817.783965281
2.21776582476    814.367196339
2.2179641938    811.271234375
2.21816259832    808.667971605
2.21836103835    807.024097562
2.21855951388    807.1377222
2.21875802493    809.757229735
2.21895657151    815.004089724
2.21915515363    822.201514162
2.21935377129    830.304860144
2.21955242451    838.405259203
2.2197511133    845.839973265
2.21994983766    852.339394749
2.2201485976    857.953098144
2.22034739314    862.914623984
2.22054622429    867.396022997
2.22074509105    871.385287456
2.22094399343    874.747823232
2.22114293144    877.459451885
2.2213419051    879.618563701
2.22154091441    881.213205549
2.22173995938    882.035414833
2.22193904002    881.693627444
2.22213815634    879.98028446
2.22233730836    877.104277078
2.22253649607    873.531444317
2.22273571949    869.837439626
2.22293497863    866.49962927
2.2231342735    863.811464581
2.22333360411    861.833772173
2.22353297047    860.382702254
2.22373237258    859.201157506
2.22393181046    858.032211953
2.22413128412    856.741406721
2.22433079356    855.267673853
2.2245303388    853.672228224
2.22472991985    852.126185088
2.22492953671    850.971575169
2.2251291894    850.62345139
2.22532887792    851.411099572
2.22552860228    853.333901755
2.2257283625    856.037244227
2.22592815859    858.995882754
2.22612799054    861.684950055
2.22632785838    863.701971553
2.22652776211    864.90092518
2.22672770175    865.367625944
2.22692767729    865.382933432
2.22712768876    865.190934302
2.22732773616    864.962384569
2.2275278195    864.758255826
2.22772793879    864.602898403
2.22792809404    864.532837569
2.22812828526    864.669833186
2.22832851246    865.257360851
2.22852877565    866.538701741
2.22872907484    868.61088023
2.22892941004    871.351744923
2.22912978125    874.444517771
2.2293301885    877.511794973
2.22953063178    880.261623446
2.22973111111    882.523878008
2.2299316265    884.310985398
2.23013217795    885.732633183
2.23033276548    886.886270419
2.2305333891    887.820665266
2.23073404882    888.450867643
2.23093474464    888.777041584
2.23113547657    888.847942175
2.23133624464    888.845894147
2.23153704883    888.940957302
2.23173788918    889.339483035
2.23193876567    890.138426107
2.23213967834    891.313296518
2.23234062717    892.754669549
2.23254161219    894.328940649
2.23274263341    895.95112257
2.23294369083    897.633326919
2.23314478446    899.351256336
2.23334591432    901.068523258
2.2335470804    902.603294863
2.23374828273    903.664804647
2.23394952132    903.792823032
2.23415079617    902.709212558
2.23435210728    900.463073025
2.23455345469    897.418371385
2.23475483838    894.023568531
2.23495625837    890.581514196
2.23515771468    887.298013544
2.23535920731    884.209296645
2.23556073626    881.351548187
2.23576230156    878.797241744
2.23596390321    876.788120827
2.23616554122    875.698795476
2.23636721561    875.794783125
2.23656892637    876.978725586
2.23677067352    878.83907556
2.23697245707    880.879981593
2.23717427703    882.630127219
2.23737613342    883.787651065
2.23757802623    884.256243931
2.23777995548    884.169127721
2.23798192118    883.792215157
2.23818392334    883.330898985
2.23838596196    882.930055366
2.23858803707    882.625849476
2.23879014867    882.430297051
2.23899229676    882.270963273
2.23919448137    882.12370756
2.23939670249    881.952338876
2.23959896014    881.768935994
2.23980125433    881.573505446
2.24000358506    881.341937451
2.24020595236    880.977861198
2.24040835622    880.252444328
2.24061079666    878.852680892
2.24081327369    876.574207595
2.24101578731    873.48974639
2.24121833755    869.864599105
2.2414209244    866.036082472
2.24162354788    862.269088771
2.241826208    858.768129184
2.24202890476    855.617279583
2.24223163818    852.900542216
2.24243440827    850.749967478
2.24263721503    849.658240161
2.24284005849    850.249906964
2.24304293864    852.884647716
2.24324585549    857.357055593
2.24344880907    862.969243214
2.24365179937    868.963780573
2.24385482641    874.763932654
2.24405789019    880.021548439
2.24426099074    884.604857772
2.24446412804    888.586236841
2.24466730213    891.978035817
2.244870513    894.528554639
2.24507376067    895.830331687
2.24527704515    895.620143471
2.24548036644    894.07871022
2.24568372456    891.662421603
2.24588711952    888.887290131
2.24609055133    886.077163669
2.24629401999    883.399836491
2.24649752552    880.903184647
2.24670106792    878.527187969
2.24690464721    876.163996342
2.2471082634    873.657903346
2.2473119165    870.865298459
2.24751560651    867.726477919
2.24771933345    864.301485786
2.24792309733    860.769986427
2.24812689815    857.419200714
2.24833073594    854.548113405
2.24853461069    852.407644013
2.24873852241    851.069145444
2.24894247113    850.400654379
2.24914645684    850.222499686
2.24935047956    850.546363274
2.24955453929    851.503421318
2.24975863606    853.129168417
2.24996276986    855.291851373
2.25016694071    857.692570359
2.25037114862    859.937139758
2.2505753936    861.703286647
2.25077967565    862.75251922
2.25098399479    863.109109224
2.25118835103    862.976279972
2.25139274438    862.580980322
2.25159717485    862.090357671
2.25180164245    861.540244607
2.25200614718    860.930660978
2.25221068907    860.273570207
2.25241526811    859.616675545
2.25261988432    859.102989153
2.25282453772    858.899249251
2.2530292283    859.160156852
2.25323395608    859.885458675
2.25343872107    860.955816514
2.25364352328    862.216244022
2.25384836272    863.571410331
2.2540532394    864.949851543
2.25425815333    866.351542151
2.25446310452    867.740785664
2.25466809298    869.046209264
2.25487311873    870.125131942
2.25507818176    870.775517413
2.2552832821    870.866823184
2.25548841974    870.411237938
2.25569359471    869.58733376
2.25589880701    868.692390918
2.25610405665    867.952178603
2.25630934364    867.568551558
2.256514668    867.612577816
2.25672002973    868.000897258
2.25692542884    868.531499294
2.25713086534    868.966908467
2.25733633925    869.081680185
2.25754185057    868.709869726
2.25774739931    867.851755397
2.25795298549    866.709235538
2.25815860911    865.614523709
2.25836427019    864.982590939
2.25856996873    865.192545694
2.25877570474    866.409860044
2.25898147824    868.444375033
2.25918728923    870.85725318
2.25939313773    873.127052772
2.25959902375    874.709031017
2.25980494729    875.236455302
2.26001090837    874.698065772
2.26021690699    873.319354686
2.26042294318    871.301992687
2.26062901692    868.705490446
2.26083512825    865.411851695
2.26104127716    861.409638993
2.26124746367    856.841150911
2.26145368779    852.037795227
2.26165994953    847.318906643
2.2618662489    842.944484197
2.2620725859    839.067980408
2.26227896055    835.677304659
2.26248537287    832.665873621
2.26269182285    829.927162863
2.26289831052    827.543703144
2.26310483587    825.645174099
2.26331139893    824.290337826
2.26351799969    823.4552915
2.26372463818    823.151554284
2.2639313144    823.579410677
2.26413802836    825.151336853
2.26434478008    828.161585601
2.26455156956    832.479635834
2.26475839681    837.644960776
2.26496526184    843.067696771
2.26517216467    848.229117363
2.2653791053    852.787640074
2.26558608375    856.661123474
2.26579310002    859.944180517
2.26600015413    862.754902644
2.26620724608    865.081776745
2.26641437589    866.748470376
2.26662154357    867.590559887
2.26682874912    867.655557694
2.26703599256    867.143934952
2.2672432739    866.255997757
2.26745059315    865.050764583
2.26765795031    863.481358688
2.2678653454    861.571513658
2.26807277844    859.427205081
2.26828024942    857.248375131
2.26848775836    855.317080002
2.26869530527    853.93866722
2.26890289017    853.277293884
2.26911051305    853.309071191
2.26931817394    853.833994384
2.26952587284    854.699159798
2.26973360976    855.845692989
2.26994138472    857.308650322
2.27014919771    859.064377746
2.27035704877    860.971940283
2.27056493788    862.667623284
2.27077286508    863.576879388
2.27098083035    863.066952918
2.27118883373    860.716573781
2.27139687521    856.737748939
2.2716049548    851.857957422
2.27181307253    847.061930435
2.27202122839    843.392253335
2.2722294224    841.656481635
2.27243765457    842.052641644
2.27264592491    844.099509288
2.27285423342    847.023555537
2.27306258013    850.16886811
2.27327096504    853.114054076
2.27347938816    855.707114344
2.2736878495    857.924859869
2.27389634907    859.755786054
2.27410488689    860.966250725
2.27431346296    861.135697948
2.27452207729    859.773754212
2.2747307299    856.764402352
2.27493942079    852.552558906
2.27514814998    847.828183296
2.27535691747    843.350791411
2.27556572329    839.727524253
2.27577456742    837.308207456
2.2759834499    836.068824944
2.27619237072    835.786963727
2.2764013299    836.357062218
2.27661032746    837.977011056
2.27681936339    840.879535378
2.27702843771    845.052262245
2.27723755043    850.098021041
2.27744670157    855.479990512
2.27765589112    860.638461176
2.27786511911    865.165633556
2.27807438554    868.863749804
2.27828369043    871.756572726
2.27849303378    873.926078892
2.27870241561    875.209630098
2.27891183592    875.118645524
2.27912129473    873.188211717
2.27933079204    869.349493799
2.27954032788    864.103978019
2.27974990224    858.173842085
2.27995951514    852.117876226
2.28016916659    846.296724876
2.2803788566    840.873056275
2.28058858518    835.84666429
2.28079835234    831.194081491
2.28100815809    826.996449722
2.28121800245    823.485941732
2.28142788542    820.84806843
2.28163780702    819.105586703
2.28184776724    818.014103167
2.28205776612    817.364242192
2.28226780365    817.08609666
2.28247787985    817.272320672
2.28268799472    817.992301724
2.28289814828    819.199320148
2.28310834054    820.777102936
2.28331857151    822.62104609
2.2835288412    824.707802717
2.28373914963    827.037250636
2.28394949679    829.551277788
2.2841598827    832.064342795
2.28437030738    834.309902174
2.28458077083    835.84781504
2.28479127307    836.249851964
2.2850018141    835.319747272
2.28521239394    833.312995756
2.28542301259    830.82066746
2.28563367007    828.549156882
2.28584436639    827.227484292
2.28605510156    827.306407239
2.28626587559    828.843005284
2.28647668849    831.396913571
2.28668754027    834.38930896
2.28689843094    837.299623194
2.28710936051    839.781069463
2.287320329    841.706733998
2.28753133641    843.111595594
2.28774238275    844.111494924
2.28795346804    844.67199099
2.28816459229    844.643182701
2.2883757555    843.78287407
2.2885869577    842.11462874
2.28879819888    839.823588494
2.28900947906    837.210183493
2.28922079825    834.540001787
2.28943215646    831.963059272
2.28964355371    829.560064047
2.28985498999    827.307836335
2.29006646533    825.044870513
2.29027797974    822.506008651
2.29048953322    819.380171128
2.29070112579    815.425678004
2.29091275745    810.666027113
2.29112442822    805.366633661
2.29133613811    799.942457934
2.29154788713    794.762078623
2.29175967529    790.147765949
2.2919715026    786.214315219
2.29218336907    782.880787341
2.29239527472    779.962722885
2.29260721955    777.402369619
2.29281920357    775.268541102
2.2930312268    773.653025859
2.29324328925    772.590017482
2.29345539092    772.033235572
2.29366753183    772.016873538
2.29387971199    772.770489831
2.29409193141    774.592413937
2.2943041901    777.550987148
2.29451648808    781.38138056
2.29472882534    785.554848679
2.29494120191    789.508570865
2.29515361779    792.691625657
2.295366073    794.794552893
2.29557856755    795.875319349
2.29579110144    796.232801126
2.29600367469    796.245971909
2.29621628731    796.155873461
2.29642893931    796.077237266
2.2966416307    796.067377328
2.29685436149    796.149180545
2.29706713169    796.368443767
2.29727994132    796.862596373
2.29749279039    797.814784541
2.2977056789    799.327855311
2.29791860686    801.367125721
2.29813157429    803.749111881
2.29834458121    806.324787665
2.29855762761    809.002480365
2.29877071351    811.816466224
2.29898383892    814.778113367
2.29919700386    817.898769337
2.29941020833    821.109728712
2.29962345235    824.353762879
2.29983673592    827.59655135
2.30005005905    830.769503881
2.30026342177    833.849807651
2.30047682407    836.79180172
2.30069026597    839.492740248
2.30090374748    841.804258664
2.30111726862    843.55527443
2.30133082939    844.689000133
2.3015444298    845.34278196
2.30175806986    845.688090521
2.3019717496    845.839220047
2.302185469    845.807691172
2.3023992281    845.559386378
2.3026130269    845.128633249
2.3028268654    844.629577304
2.30304074363    844.278879809
2.30325466159    844.372848755
2.30346861929    845.196160015
2.30368261674    846.816775314
2.30389665397    849.074759863
2.30411073096    851.605238829
2.30432484775    854.043620455
2.30453900433    856.082524174
2.30475320073    857.540014301
2.30496743694    858.405029706
2.30518171299    858.768945729
2.30539602888    858.55239426
2.30561038462    857.48267713
2.30582478023    855.23041641
2.30603921572    851.705306572
2.30625369109    847.14681678
2.30646820637    841.805614652
2.30668276155    835.716235951
2.30689735665    828.640461613
2.30711199169    820.431148986
2.30732666666    811.282039579
2.3075413816    801.863727538
2.3077561365    793.198301112
2.30797093137    786.624973004
2.30818576623    783.25495275
2.30840064109    783.336112282
2.30861555597    786.060932942
2.30883051086    790.191396228
2.30904550579    794.683231224
2.30926054076    798.93521483
2.30947561578    802.698034807
2.30969073087    805.983302318
2.30990588604    809.017957473
2.3101210813    812.096771092
2.31033631665    815.570931245
2.31055159212    819.678093654
2.31076690771    824.508503463
2.31098226343    829.869258426
2.3111976593    835.477040072
2.31141309532    841.094009478
2.31162857151    846.516451521
2.31184408788    851.687899133
2.31205964444    856.585873257
2.3122752412    861.233146409
2.31249087817    865.595924882
2.31270655537    869.482162815
2.3129222728    872.699957718
2.31313803047    875.215774827
2.3133538284    877.143002832
2.3135696666    878.561056438
2.31378554508    879.379862994
2.31400146385    879.385163943
2.31421742292    878.430637953
2.31443342231    876.607123253
2.31464946202    874.197302175
2.31486554207    871.359491662
2.31508166246    868.15035461
2.31529782322    864.491125824
2.31551402434    860.427172172
2.31573026584    856.105329772
2.31594654774    851.796328079
2.31616287004    847.815795255
2.31637923275    844.445316191
2.3165956359    841.808500901
2.31681207948    839.803542364
2.31702856351    838.148482339
2.317245088    836.550302492
2.31746165296    834.749997158
2.3176782584    832.623844363
2.31789490434    830.149510341
2.31811159079    827.473486524
2.31832831775    824.820928145
2.31854508524    822.439308375
2.31876189327    820.587159285
2.31897874185    819.365397057
2.319195631    818.672480268
2.31941256072    818.215842839
2.31962953102    817.624458496
2.31984654193    816.538835828
2.32006359344    814.700846967
2.32028068557    812.122143705
2.32049781833    809.128837749
2.32071499173    806.271346298
2.32093220579    804.279313753
2.32114946051    803.803256275
2.32136675591    805.167774583
2.321584092    808.113767955
2.32180146879    812.034575952
2.32201888629    816.368859803
2.32223634451    820.779974
2.32245384346    825.099702859
2.32267138316    829.2384119
2.32288896362    833.117761654
2.32310658485    836.457752533
2.32332424685    838.776955291
2.32354194965    839.4710726
2.32375969325    838.272243929
2.32397747766    835.394276996
2.3241953029    831.263517569
2.32441316898    826.014990806
2.3246310759    819.369548612
2.32484902369    811.014708807
2.32506701234    801.018544477
2.32528504188    790.008312314
2.32550311232    778.935070407
2.32572122366    768.872156003
2.32593937592    760.746782332
2.3261575691    754.993729047
2.32637580323    751.343486697
2.32659407831    749.202762242
2.32681239435    748.157433729
2.32703075137    748.229219188
2.32724914938    749.506810616
2.32746758838    751.86673298
2.3276860684    755.040508773
2.32790458943    758.826808747
2.3281231515    763.37033361
2.32834175461    768.971834063
2.32856039878    775.76455554
2.32877908402    783.580566485
2.32899781034    791.917587246
2.32921657774    800.251434529
2.32943538625    808.102895379
2.32965423587    815.14910582
2.32987312662    821.345958616
2.33009205851    826.78303443
2.33031103154    831.538719916
2.33053004574    835.424110947
2.3307491011    838.161398764
2.33096819765    839.69559151
2.3311873354    840.305549594
2.33140651435    840.481331642
2.33162573452    840.801607918
2.33184499592    841.74453216
2.33206429856    843.554366077
2.33228364246    846.208398207
2.33250302762    849.394918097
2.33272245406    852.691327757
2.33294192178    855.697556656
2.33316143081    858.113839084
2.33338098115    859.862753274
2.33360057281    861.011302054
2.3338202058    861.737467083
2.33403988014    862.096996628
2.33425959584    861.979104467
2.33447935291    861.295297639
2.33469915136    860.068071975
2.33491899121    858.44194355
2.33513887246    856.616759864
2.33535879513    854.692425809
2.33557875922    852.724422782
2.33579876476    850.723868067
2.33601881174    848.70185299
2.33623890019    846.61407848
2.33645903012    844.371963976
2.33667920153    841.842677455
2.33689941444    838.91565668
2.33711966886    835.591126924
2.33733996481    831.991068461
2.33756030229    828.204183896
2.33778068131    824.34122093
2.33800110189    820.424360189
2.33822156404    816.519996129
2.33844206777    812.661288937
2.33866261309    808.903509965
2.33888320002    805.379254353
2.33910382857    802.276281181
2.33932449874    799.693812545
2.33954521055    797.642605288
2.33976596402    796.122347387
2.33998675914    795.27632947
2.34020759595    795.534802985
2.34042847444    797.382907502
2.34064939462    800.919096044
2.34087035652    805.800289973
2.34109136014    811.429902518
2.3413124055    817.333139285
2.3415334926    823.223071018
2.34175462146    828.978402048
2.34197579209    834.522034693
2.3421970045    839.809989953
2.3424182587    844.632998915
2.34263955471    848.63872
2.34286089254    851.475054741
2.3430822722    853.043541641
2.34330369369    853.576155629
2.34352515704    853.381808443
2.34374666225    852.504934434
2.34396820934    850.802834634
2.34418979832    848.099908171
2.3444114292    844.484740821
2.34463310199    840.144855958
2.3448548167    835.190651818
2.34507657335    829.479526808
2.34529837195    822.792027119
2.34552021251    815.128701889
2.34574209504    806.852782375
2.34596401955    798.689833069
2.34618598606    791.650500836
2.34640799457    786.744667549
2.34663004511    784.564143998
2.34685213767    784.843867326
2.34707427228    786.671294523
2.34729644894    789.068721524
2.34751866767    791.289622684
2.34774092848    792.906206654
2.34796323138    793.787194491
2.34818557639    794.020733159
2.3484079635    793.629119984
2.34863039275    792.437306287
2.34885286413    790.04018778
2.34907537767    786.208304801
2.34929793336    781.084916542
2.34952053123    775.097995192
2.34974317129    768.642334788
2.34996585355    761.893413109
2.35018857802    754.862337445
2.35041134471    747.549280902
2.35063415363    739.976293076
2.3508570048    732.154456269
2.35107989823    723.996399755
2.35130283393    715.360109725
2.35152581191    706.180250784
2.35174883219    696.621147556
2.35197189478    687.109358868
2.35219499968    678.355299589
2.35241814692    671.320203211
2.35264133649    666.80067238
2.35286456843    664.904509469
2.35308784273    665.040457113
2.3533111594    666.355628434
2.35353451847    668.292559572
2.35375791995    670.698085838
2.35398136384    673.561018415
2.35420485015    676.881107932
2.35442837891    680.712628913
2.35465195011    685.317068583
2.35487556378    691.239231031
2.35509921993    698.990807065
2.35532291856    708.614366911
2.3555466597    719.629281498
2.35577044334    731.315571621
2.35599426951    743.062753738
2.35621813822    754.467757904
2.35644204948    765.334748314
2.35666600329    775.620477422
2.35688999968    785.216414501
2.35711403865    793.709337371
2.35733812022    800.327232727
2.3575622444    804.385719135
2.3577864112    805.81010248
2.35801062064    805.287085135
2.35823487272    803.698567451
2.35845916746    801.708348332
2.35868350486    799.653620045
2.35890788495    797.632240884
2.35913230774    795.709372757
2.35935677323    793.92842439
2.35958128144    792.430513793
2.35980583238    791.421806423
2.36003042606    791.07574231
2.3602550625    791.391954707
2.36047974171    792.196400967
2.36070446369    793.217521391
2.36092922847    794.270759246
2.36115403605    795.247622709
2.36137888645    796.093934646
2.36160377968    796.842288737
2.36182871575    797.56863332
2.36205369467    798.392207136
2.36227871646    799.453830931
2.36250378112    800.872560841
2.36272888867    802.669845683
2.36295403913    804.737172166
2.3631792325    806.911948682
2.3634044688    809.020889973
2.36362974804    810.923323595
2.36385507022    812.543604826
2.36408043537    813.88190044
2.3643058435    814.992452138
2.36453129462    815.864582762
2.36475678873    816.411912954
2.36498232586    816.569758388
2.36520790601    816.316716898
2.3654335292    815.750294329
2.36565919544    814.903095084
2.36588490475    813.710447996
2.36611065712    812.042940352
2.36633645259    809.836036971
2.36656229115    807.122441503
2.36678817282    803.945630839
2.36701409762    800.176347583
2.36724006555    795.523558814
2.36746607663    789.718037764
2.36769213087    782.835962587
2.36791822829    775.309351616
2.36814436889    767.839495263
2.36837055269    761.213371597
2.3685967797    756.141932181
2.36882304993    752.872146896
2.36904936339    751.079740911
2.36927572011    750.031308111
2.36950212008    748.907844485
2.36972856333    746.987873212
2.36995504986    743.830422493
2.37018157968    739.436196529
2.37040815282    734.225657633
2.37063476928    728.887942726
2.37086142907    724.111667655
2.37108813221    720.520385278
2.37131487871    718.382286454
2.37154166858    717.556742817
2.37176850183    717.82800951
2.37199537848    719.23844287
2.37222229854    722.21723708
2.37244926202    727.128789493
2.37267626894    733.875312344
2.3729033193    741.757651357
2.37313041312    749.808739547
2.37335755041    757.062255608
2.37358473118    762.820945571
2.37381195545    766.817379191
2.37403922323    769.320815169
2.37426653453    770.750477101
2.37449388937    771.224973057
2.37472128775    770.466037778
2.37494872968    768.131287132
2.3751762152    764.275224887
2.37540374429    759.509620737
2.37563131698    754.81009591
2.37585893328    751.322930676
2.3760865932    749.979304024
2.37631429676    751.077847521
2.37654204396    754.12462427
2.37676983482    758.187180011
2.37699766935    762.312346868
2.37722554756    765.77243674
2.37745346948    768.236151318
2.3776814351    769.682681513
2.37790944444    770.283723042
2.37813749752    769.943522151
2.37836559434    768.170859325
2.37859373493    764.325233672
2.37882191929    758.215474991
2.37905014743    750.302326686
2.37927841937    741.569617902
2.37950673512    733.053832114
2.37973509469    725.662504073
2.37996349809    719.939488298
2.38019194535    715.862471795
2.38042043646    713.078326891
2.38064897145    711.319555239
2.38087755033    710.756251262
2.3811061731    711.739715714
2.38133483978    714.397021842
2.38156355039    718.375356721
2.38179230493    723.151624425
2.38202110342    728.256409799
2.38224994588    733.4551017
2.38247883231    738.662406242
2.38270776272    743.825063371
2.38293673714    748.825946547
2.38316575556    753.388312424
2.38339481802    757.075943045
2.38362392451    759.399731459
2.38385307505    760.200837559
2.38408226965    759.74613709
2.38431150833    758.398020702
2.3845407911    756.337802289
2.38477011797    753.459568626
2.38499948895    749.6468432
2.38522890406    744.995834277
2.38545836331    739.836455988
2.38568786672    734.56215146
2.38591741428    729.523542003
2.38614700603    724.975406633
2.38637664196    720.97054797
2.3866063221    717.444958878
2.38683604646    714.302823501
2.38706581504    711.628826969
2.38729562787    709.624307438
2.38752548495    708.437402726
2.38775538629    708.003996708
2.38798533192    708.005511707
2.38821532184    707.964577394
2.38844535606    707.372387404
2.38867543461    705.794712382
2.38890555748    703.051978011
2.3891357247    699.219025534
2.38936593627    694.275295749
2.38959619222    687.691910384
2.38982649254    678.590979791
2.39005683727    666.4234662
2.3902872264    651.561602773
2.39051765995    635.403802716
2.39074813793    619.971656721
2.39097866036    607.591956939
2.39120922726    600.187797648
2.39143983862    598.348466522
2.39167049447    600.99237874
2.39190119481    606.552576669
2.39213193967    614.086815345
2.39236272905    623.519994824
2.39259356297    634.946083958
2.39282444144    647.983695637
2.39305536447    661.702637372
2.39328633208    674.761657273
2.39351734427    685.61999986
2.39374840107    692.980813311
2.39397950248    696.519027148
2.39421064851    696.880375737
2.39444183919    694.878880129
2.39467307452    690.515897993
2.39490435451    683.065298098
2.39513567919    672.022872509
2.39536704855    657.822827403
2.39559846263    641.847394459
2.39582992141    625.814893158
2.39606142493    611.431757379
2.3962929732    599.918671478
2.39652456622    591.621448386
2.39675620401    585.843416065
2.39698788658    581.572699498
2.39721961394    578.050747797
2.39745138612    574.982533771
2.39768320312    572.273128671
2.39791506495    569.901285811
2.39814697163    567.982474267
2.39837892317    567.052602575
2.39861091958    567.994018136
2.39884296088    571.719913827
2.39907504708    578.438815784
2.39930717819    587.508190023
2.39953935423    598.075926643
2.39977157521    609.595124279
2.40000384114    621.981224528
2.40023615203    635.233733141
2.4004685079    649.194715388
2.40070090877    663.444052821
2.40093335463    677.436062873
2.40116584552    690.583521326
2.40139838143    702.456966498
2.40163096239    712.941807252
2.4018635884    722.311401908
2.40209625948    730.796954635
2.40232897565    738.304682847
2.40256173691    744.478944103
2.40279454328    749.048186627
2.40302739477    752.159945394
2.4032602914    754.171069339
2.40349323317    755.375312291
2.40372622011    755.699867657
2.40395925222    755.009224228
2.40419232952    753.335349778
2.40442545202    750.940326683
2.40465861973    748.25335965
2.40489183267    745.598757114
2.40512509085    743.216956863
2.40535839428    741.212312518
2.40559174298    739.542806087
2.40582513696    738.135106221
2.40605857623    736.915943898
2.40629206081    735.895644931
2.40652559071    735.105426849
2.40675916594    734.513828801
2.40699278651    734.058115419
2.40722645245    733.63384681
2.40746016375    733.115791608
2.40769392044    732.430992421
2.40792772253    731.548249817
2.40816157003    730.509388934
2.40839546296    729.366630648
2.40862940132    728.161734692
2.40886338514    726.873894749
2.40909741442    725.48231518
2.40933148918    723.987056654
2.40956560943    722.39859787
2.40979977518    720.800299451
2.41003398646    719.275468268
2.41026824326    717.896917935
2.41050254561    716.716607577
2.41073689351    715.724019383
2.41097128698    714.898226753
2.41120572604    714.27034965
2.4114402107    713.93385632
2.41167474097    714.013352701
2.41190931686    714.539778492
2.41214393839    715.440124412
2.41237860557    716.703778372
2.41261331841    718.444804208
2.41284807693    720.849904824
2.41308288114    724.00177724
2.41331773106    727.764987841
2.41355262669    731.796606719
2.41378756806    735.660552635
2.41402255516    738.97295439
2.41425758803    741.433254958
2.41449266666    743.031586924
2.41472779108    743.965495802
2.4149629613    744.463493559
2.41519817733    744.58804076
2.41543343918    744.308258578
2.41566874687    743.562201478
2.41590410041    742.443391062
2.41613949982    741.09707783
2.4163749451    739.678747634
2.41661043628    738.312704004
2.41684597336    737.040327098
2.41708155635    735.85121449
2.41731718528    734.734966359
2.41755286016    733.619106049
2.41778858099    732.462266238
2.4180243478    731.274799925
2.41826016059    730.0774172
2.41849601937    728.942496318
2.41873192417    728.0870699
2.418967875    727.914032623
2.41920387187    729.001630072
2.41943991479    731.783008286
2.41967600377    736.21587277
2.41991213883    741.782908442
2.42014831999    747.812345812
2.42038454726    753.694862831
2.42062082064    759.048688347
2.42085714016    763.709026497
2.42109350582    767.748494148
2.42132991765    771.342816706
2.42156637565    774.57474177
2.42180287984    777.362004172
2.42203943022    779.612081225
2.42227602683    781.314983701
2.42251266966    782.563778309
2.42274935873    783.420533423
2.42298609406    783.813385236
2.42322287566    783.608726088
2.42345970354    782.745112689
2.42369657772    781.32588964
2.42393349821    779.423430831
2.42417046502    776.914527073
2.42440747816    773.470302721
2.42464453766    768.78271728
2.42488164352    762.893631808
2.42511879576    756.245902002
2.42535599439    749.590446052
2.42559323942    743.790667481
2.42583053088    739.585959456
2.42606786876    737.293907433
2.4263052531    736.625749935
2.42654268389    736.974581981
2.42678016115    737.795581377
2.4270176849    738.759952361
2.42725525515    739.764954064
2.42749287192    740.749001228
2.42773053521    741.72235783
2.42796824504    742.705545951
2.42820600143    743.739594432
2.42844380439    744.865478262
2.42868165393    746.072899454
2.42891955007    747.290052019
2.42915749281    748.301725709
2.42939548218    748.698176136
2.42963351819    747.92657583
2.42987160085    745.618891014
2.43010973017    741.857949705
2.43034790617    737.217940923
2.43058612886    732.569475177
2.43082439826    728.884814232
2.43106271438    726.981965422
2.43130107723    727.187259451
2.43153948682    729.182367702
2.43177794318    732.352673577
2.43201644632    736.247618591
2.43225499624    740.733877965
2.43249359296    745.790668705
2.4327322365    751.315470245
2.43297092687    757.052607185
2.43320966408    762.624016837
2.43344844815    767.560034715
2.43368727909    771.442427807
2.43392615691    774.149305418
2.43416508164    775.854866367
2.43440405327    776.916852799
2.43464307184    777.549884503
2.43488213734    777.784810729
2.43512124979    777.570884887
2.43536040922    776.908360585
2.43559961562    775.879063475
2.43583886902    774.493404303
2.43607816943    772.659871495
2.43631751686    770.225914852
2.43655691133    767.151140003
2.43679635285    763.568317275
2.43703584144    759.681398932
2.4372753771    755.633076712
2.43751495986    751.504879624
2.43775458972    747.286676972
2.4379942667    742.998870139
2.43823399082    738.661844497
2.43847376208    734.234950622
2.43871358051    729.697901296
2.43895344611    724.999941354
2.43919335891    720.13099466
2.4394333189    715.253757077
2.43967332612    710.734003232
2.43991338056    707.292756308
2.44015348225    705.873894077
2.4403936312    707.065175882
2.44063382743    710.692461286
2.44087407094    715.901711755
2.44111436175    721.656867651
2.44135469988    727.105330753
2.44159508533    731.709635006
2.44183551813    735.267447211
2.44207599829    737.982175808
2.44231652582    740.128052867
2.44255710073    741.928412889
2.44279772305    743.423994984
2.44303839277    744.604849809
2.44327910993    745.511677096
2.44351987452    746.266178026
2.44376068657    746.949459934
2.44400154609    747.622302498
2.44424245309    748.304960811
2.44448340759    748.997423578
2.44472440961    749.669333963
2.44496545914    750.280235169
2.44520655622    750.749257544
2.44544770085    750.965240895
2.44568889305    750.857573697
2.44593013283    750.487084038
2.44617142021    749.975214223
2.44641275519    749.544333761
2.4466541378    749.416647407
2.44689556805    749.804081913
2.44713704595    750.756824582
2.44737857152    752.193767859
2.44762014477    753.95311656
2.44786176571    755.98422245
2.44810343436    758.307098805
2.44834515073    760.94175368
2.44858691485    763.84765276
2.44882872671    766.843118026
2.44907058633    769.716371614
2.44931249374    772.225549644
2.44955444894    774.149146059
2.44979645195    775.447203431
2.45003850278    776.251057068
2.45028060145    776.742301483
2.45052274796    776.98154739
2.45076494234    776.948808009
2.4510071846    776.603975012
2.45124947476    775.947238793
2.45149181282    775.008962623
2.4517341988    773.75914132
2.45197663271    772.026964209
2.45221911458    769.62164362
2.45246164441    766.513414216
2.45270422222    762.843428644
2.45294684802    758.883387937
2.45318952183    754.84447876
2.45343224366    750.897541401
2.45367501352    747.112839175
2.45391783143    743.560563804
2.45416069741    740.320910188
2.45440361147    737.68480952
2.45464657361    736.153736599
2.45488958387    736.248832073
2.45513264224    738.059417938
2.45537574875    741.183264372
2.45561890341    744.877455513
2.45586210623    748.419742695
2.45610535723    751.228784305
2.45634865643    753.004329798
2.45659200383    753.716934527
2.45683539945    753.467413492
2.45707884331    752.066024826
2.45732233541    748.922580861
2.45756587578    743.357253268
2.45780946443    735.291394071
2.45805310137    725.437113609
2.45829678662    715.016305694
2.45854052019    705.389974084
2.4587843021    697.777987404
2.45902813235    692.809198667
2.45927201097    690.282066347
2.45951593797    689.475361964
2.45975991337    689.718403805
2.46000393717    690.740754832
2.46024800939    692.541951136
2.46049213005    695.101551702
2.46073629916    698.27929208
2.46098051674    702.014885401
2.46122478279    706.457751897
2.46146909734    711.936839742
2.4617134604    718.671067431
2.46195787199    726.48010565
2.46220233211    734.794729772
2.46244684078    742.836731355
2.46269139802    749.698902678
2.46293600384    754.714012984
2.46318065825    757.683820365
2.46342536128    759.008146401
2.46367011293    759.136317785
2.46391491322    758.198541171
2.46415976216    755.926554164
2.46440465977    752.171796155
2.46464960607    747.154160074
2.46489460106    741.47160293
2.46513964476    735.880822218
2.46538473719    731.12796753
2.46562987836    727.719856129
2.46587506828    725.765084631
2.46612030698    724.914761085
2.46636559445    724.601577356
2.46661093073    724.35804629
2.46685631582    723.886007335
2.46710174974    723.05643735
2.4673472325    721.869549822
2.46759276412    720.41493632
2.46783834461    718.712615318
2.46808397399    716.703182023
2.46832965226    714.287551697
2.46857537946    711.465967272
2.46882115558    708.347819218
2.46906698065    705.141588666
2.46931285467    702.055611783
2.46955877768    699.298037818
2.46980474967    696.957899671
2.47005077066    695.015120243
2.47029684067    693.360460968
2.47054295971    691.904579935
2.4707891278    690.607726051
2.47103534496    689.489622057
2.47128161119    688.520448733
2.47152792651    687.690225474
2.47177429093    687.028549115
2.47202070448    686.644189455
2.47226716716    686.71506689
2.47251367899    687.339831429
2.47276023999    688.468700416
2.47300685017    689.953047899
2.47325350954    691.683914693
2.47350021812    693.611736541
2.47374697592    695.736390014
2.47399378296    697.988595229
2.47424063926    700.229984844
2.47448754482    702.114894352
2.47473449966    703.09056902
2.47498150381    702.555343442
2.47522855726    700.253496559
2.47547566004    696.452526314
2.47572281216    691.932784919
2.47597001364    687.621960847
2.47621726449    684.43713708
2.47646456473    683.018579265
2.47671191437    683.424378809
2.47695931342    685.200045791
2.4772067619    687.69434156
2.47745425983    690.424070239
2.47770180722    693.152661669
2.47794940408    695.801334415
2.47819705043    698.389823444
2.47844474629    701.026460748
2.47869249167    703.937601115
2.47894028658    707.398623322
2.47918813104    711.62564953
2.47943602506    716.628058762
2.47968396866    722.090668116
2.47993196186    727.560879559
2.48018000466    732.439005092
2.48042809709    736.224107733
2.48067623916    738.671172121
2.48092443088    739.957851319
2.48117267227    740.52687959
2.48142096334    740.791182585
2.48166930411    741.025876154
2.48191769459    741.358605316
2.4821661348    741.838383145
2.48241462475    742.416059068
2.48266316446    742.954215115
2.48291175394    743.276302042
2.48316039321    743.156884512
2.48340908229    742.488363846
2.48365782118    741.329893982
2.4839066099    739.867989097
2.48415544847    738.269436417
2.4844043369    736.691074224
2.48465327521    735.201465393
2.48490226342    733.80054647
2.48515130153    732.331602698
2.48540038956    730.4520387
2.48564952753    727.565039902
2.48589871545    723.025350885
2.48614795334    716.569798583
2.48639724122    708.551692577
2.48664657909    699.861944581
2.48689596697    691.625420284
2.48714540488    684.995428244
2.48739489283    680.772472421
2.48764443084    679.033279271
2.48789401893    679.219453924
2.4881436571    680.753523487
2.48839334537    683.497949269
2.48864308377    687.657046697
2.48889287229    693.35687638
2.48914271097    700.284174897
2.4893925998    707.81366803
2.48964253882    715.242534781
2.48989252803    721.936789391
2.49014256745    727.487272733
2.49039265709    731.894667537
2.49064279697    735.471620265
2.49089298711    738.598747877
2.49114322751    741.539424907
2.4913935182    744.400936756
2.49164385919    747.193063256
2.49189425049    749.867161243
2.49214469212    752.248034411
2.4923951841    753.985400786
2.49264572644    754.54433882
2.49289631916    753.516862994
2.49314696226    750.962301981
2.49339765577    747.406834205
2.4936483997    743.619351932
2.49389919407    740.387559381
2.49415003889    738.304125954
2.49440093418    737.630776538
2.49465187994    738.133438983
2.49490287621    739.306210018
2.49515392299    740.614451533
2.49540502029    741.630779696
2.49565616814    742.122346964
2.49590736655    742.060340857
2.49615861553    741.639209675
2.4964099151    741.111464765
2.49666126527    740.748816807
2.49691266606    740.735450869
2.49716411749    741.129355645
2.49741561956    741.81392969
2.4976671723    742.469099885
2.49791877573    742.639369639
2.49817042984    741.743632245
2.49842213467    739.356266712
2.49867389023    735.487857978
2.49892569653    730.516979364
2.49917755358    724.841268181
2.49942946141    718.654747665
2.49968142002    711.967413285
2.49993342944    704.818272672
2.50018548968    697.49783522
2.50043760075    690.62522941
2.50068976267    685.370315753
2.50094197546    683.192043667
2.50119423912    685.16153878
2.50144655368    691.102325478
2.50169891915    699.765530858
2.50195133555    709.497525063
2.50220380289    718.964765754
2.50245632119    727.288645356
2.50270889046    734.180210501
2.50296151071    739.804427257
2.50321418197    744.548094411
2.50346690425    748.652972256
2.50371967757    752.071205863
2.50397250193    754.687473849
2.50422537736    756.531187184
2.50447830387    757.795645153
2.50473128148    758.645056677
2.5049843102    759.127860208
2.50523739004    759.176835477
2.50549052103    758.792245341
2.50574370318    758.051396183
2.5059969365    757.098953854
2.50625022101    756.069827453
2.50650355672    754.992947015
2.50675694366    753.897203931
2.50701038183    752.734505596
2.50726387125    751.427937534
2.50751741194    749.746757906
2.50777100391    747.325789228
2.50802464718    743.761695296
2.50827834176    738.930221576
2.50853208767    733.072377448
2.50878588493    726.659594006
2.50903973355    720.182117518
2.50929363354    713.985737296
2.50954758492    708.281536024
2.50980158772    703.13641828
2.51005564193    698.530849545
2.51030974758    694.656429748
2.51056390469    691.973249444
2.51081811327    691.017773991
2.51107237333    691.971171607
2.51132668489    694.496679161
2.51158104797    697.951031739
2.51183546259    701.835253978
2.51208992874    705.890354359
2.51234444647    710.010834712
2.51259901577    714.15833505
2.51285363667    718.256229953
2.51310830918    722.180064774
2.51336303331    725.719343439
2.51361780909    728.692440466
2.51387263652    731.00401054
2.51412751563    732.759694533
2.51438244642    734.026787805
2.51463742893    734.729082626
2.51489246315    734.589631636
2.51514754911    733.369969412
2.51540268682    731.108972252
2.5156578763    728.046174878
2.51591311756    724.382689301
2.51616841062    720.109332813
2.51642375549    715.083222131
2.5166791522    709.257086087
2.51693460076    702.765056626
2.51719010117    695.807955347
2.51744565347    688.462410827
2.51770125765    680.633257715
2.51795691375    672.254029314
2.51821262178    663.410878105
2.51846838174    654.495005289
2.51872419367    646.202320657
2.51898005756    639.523615333
2.51923597345    635.420287946
2.51949194134    634.233730489
2.51974796125    635.50497781
2.5200040332    638.546899377
2.52026015719    643.110873393
2.52051633326    649.500573876
2.52077256142    658.028946455
2.52102884167    668.456811704
2.52128517404    679.917314457
2.52154155854    691.144851085
2.52179799518    700.779743525
2.522054484    707.663077723
2.52231102499    711.41631161
2.52256761817    712.611567089
2.52282426357    712.257557858
2.5230809612    711.153185591
2.52333771107    709.669313597
2.52359451319    707.948605984
2.5238513676    706.105143268
2.52410827429    704.32882467
2.52436523329    702.913802106
2.52462224462    702.334249517
2.52487930828    703.026011904
2.5251364243    705.130571036
2.52539359269    708.353125596
2.52565081347    712.266375829
2.52590808665    716.471816042
2.52616541225    720.779736946
2.52642279028    725.085857865
2.52668022077    729.304922333
2.52693770372    733.285464474
2.52719523916    736.724624451
2.5274528271    739.177806776
2.52771046755    740.200758637
2.52796816053    739.718659386
2.52822590606    738.139245862
2.52848370415    736.115862266
2.52874155483    734.367509661
2.5289994581    733.489693208
2.52925741398    733.784386497
2.52951542249    735.146904581
2.52977348364    737.19861941
2.53003159745    739.504534186
2.53028976394    741.743338469
2.53054798312    743.735654535
2.53080625502    745.406097664
2.53106457963    746.717102169
2.53132295699    747.517884095
2.5315813871    747.346403932
2.53183986999    745.542882288
2.53209840566    741.655580153
2.53235699414    735.827227705
2.53261563544    728.568135592
2.53287432959    720.312781357
2.53313307658    711.146604811
2.53339187644    700.919398553
2.5336507292    689.660082402
2.53390963485    677.774279486
2.53416859342    666.081626155
2.53442760493    655.749421036
2.53468666939    648.066376821
2.53494578682    643.774319982
2.53520495723    642.598316934
2.53546418064    643.558133928
2.53572345707    645.674332851
2.53598278652    648.476060492
2.53624216903    651.868872393
2.53650160461    655.824211
2.53676109326    660.200767931
2.53702063502    664.772801969
2.53728022988    669.314741588
2.53753987788    673.648163457
2.53779957902    677.679301592
2.53805933333    681.427115554
2.53831914082    684.919937446
2.5385790015    688.12038399
2.53883891539    690.88791216
2.53909888251    693.053932698
2.53935890288    694.562557807
2.53961897651    695.526701353
2.53987910341    696.049818433
2.54013928361    696.132169952
2.54039951712    695.605369766
2.54065980396    694.347993466
2.54092014414    692.407328996
2.54118053768    689.971088521
2.54144098459    687.105116556
2.5417014849    683.706704778
2.54196203861    679.589009376
2.54222264575    674.715036779
2.54248330633    669.244301038
2.54274402037    663.457755163
2.54300478788    657.654833654
2.54326560889    652.013195932
2.5435264834    646.672942609
2.54378741143    641.68997507
2.54404839301    637.185529177
2.54430942814    633.48627509
2.54457051684    631.2548384
2.54483165914    631.087940459
2.54509285504    633.124341671
2.54535410456    636.765321038
2.54561540772    641.039343964
2.54587676454    644.938363653
2.54613817503    647.6324037
2.54639963921    648.711832118
2.5466611571    648.252250631
2.5469227287    646.590215242
2.54718435405    643.875596006
2.54744603315    639.829476973
2.54770776602    634.024118889
2.54796955268    626.404705101
2.54823139314    617.447319608
2.54849328742    607.934920547
2.54875523555    598.659119301
2.54901723752    590.280580602
2.54927929337    583.143047959
2.54954140311    577.26437339
2.54980356675    572.615866032
2.55006578431    569.578057508
2.55032805581    569.098307997
2.55059038126    572.188272648
2.55085276069    578.994448946
2.5511151941    588.594646909
2.55137768151    599.593645162
2.55164022295    610.783129176
2.55190281843    621.429372509
2.55216546795    631.207759374
2.55242817155    640.174515612
2.55269092924    648.562159927
2.55295374103    656.584443851
2.55321660694    664.306532671
2.55347952699    671.691512868
2.5537425012    678.702496537
2.55400552957    685.339713339
2.55426861214    691.501435553
2.55453174891    696.863608425
2.5547949399    700.944940265
2.55505818513    703.514641965
2.55532148461    704.758867014
2.55558483836    705.206224057
2.55584824641    705.458948717
2.55611170876    705.95216601
2.55637522543    706.944835798
2.55663879644    708.482903838
2.5569024218    710.362542649
2.55716610154    712.278346681
2.55742983567    713.851215966
2.5576936242    714.711589989
2.55795746716    714.693550041
2.55822136456    713.908524553
2.55848531641    712.652617204
2.55874932274    711.221687568
2.55901338355    709.865177298
2.55927749888    708.684608979
2.55954166873    707.716786035
2.55980589312    706.924667528
2.56007017207    706.271238142
2.56033450559    705.784083942
2.56059889371    705.527664453
2.56086333643    705.557167381
2.56112783378    705.835534533
2.56139238577    706.353396968
2.56165699242    707.119818988
2.56192165375    708.254427066
2.56218636977    709.895166693
2.5624511405    712.032516777
2.56271596596    714.491216942
2.56298084616    716.95805841
2.56324578113    719.028057951
2.56351077087    720.296562349
2.56377581541    720.570855896
2.56404091476    719.971137778
2.56430606894    718.856614398
2.56457127796    717.650562774
2.56483654185    716.720745778
2.56510186062    716.324331125
2.56536723429    716.516129258
2.56563266287    717.176340741
2.56589814638    718.139343501
2.56616368484    719.303930243
2.56642927827    720.642435034
2.56669492668    722.145572969
2.56696063009    723.767343401
2.56722638851    725.351699571
2.56749220197    726.64178984
2.56775807048    727.335129972
2.56802399406    727.156992785
2.56828997272    726.089584213
2.56855600649    724.417608813
2.56882209537    722.599652126
2.56908823939    721.148891908
2.56935443857    720.51396719
2.56962069292    720.905017077
2.56988700245    722.220672286
2.57015336719    724.121647029
2.57041978715    726.268907417
2.57068626235    728.415235686
2.57095279281    730.405091659
2.57121937854    732.192835706
2.57148601956    733.8151777
2.57175271589    735.400227419
2.57201946755    737.085127132
2.57228627455    739.03433029
2.57255313691    741.320770769
2.57282005464    743.889420763
2.57308702777    746.530030108
2.57335405631    748.904665418
2.57362114028    750.584381079
2.5738882797    751.240996621
2.57415547458    750.82038338
2.57442272494    749.560457351
2.5746900308    747.790139829
2.57495739217    745.664805892
2.57522480908    743.202918651
2.57549228154    740.404678551
2.57575980956    737.343222119
2.57602739317    734.137181554
2.57629503238    730.923312199
2.57656272721    727.810931435
2.57683047767    724.863733041
2.57709828379    722.081609796
2.57736614558    719.500872303
2.57763406306    717.257923016
2.57790203624    715.680146785
2.57817006515    715.185626938
2.5784381498    715.964709284
2.57870629021    717.843810199
2.57897448639    720.303983543
2.57924273836    722.763086888
2.57951104615    724.657638191
2.57977940976    725.651782268
2.58004782922    725.709753042
2.58031630454    725.077353404
2.58058483574    724.127343352
2.58085342284    723.150448057
2.58112206585    722.300987184
2.5813907648    721.651489979
2.58165951969    721.183680907
2.58192833055    720.942804503
2.5821971974    721.046626059
2.58246612025    721.766959609
2.58273509912    723.339126056
2.58300413403    725.762592928
2.58327322499    728.774032512
2.58354237202    731.947255511
2.58381157514    734.883589282
2.58408083437    737.23905338
2.58435014973    738.860073747
2.58461952123    739.828586336
2.58488894888    740.235511799
2.58515843272    740.044992995
2.58542797275    738.967913517
2.58569756899    736.751567466
2.58596722147    733.378577414
2.58623693019    729.202274689
2.58650669517    724.702252097
2.58677651644    720.321544481
2.58704639402    716.394394131
2.5873163279    713.056030366
2.58758631813    710.269949881
2.58785636471    707.909393246
2.58812646766    705.910893431
2.588396627    704.355468508
2.58866684274    703.3150281
2.58893711491    702.762181386
2.58920744353    702.579363283
2.5894778286    702.622039921
2.58974827015    702.863018436
2.59001876819    703.356266443
2.59028932275    704.146696132
2.59055993383    705.198063806
2.59083060147    706.402104035
2.59110132567    707.596590299
2.59137210645    708.628429585
2.59164294384    709.371683221
2.59191383784    709.808519729
2.59218478848    710.074130183
2.59245579578    710.483549103
2.59272685975    711.504481634
2.59299798041    713.577253069
2.59326915777    716.926013617
2.59354039187    721.325198911
2.5938116827    726.189900991
2.5940830303    730.746976807
2.59435443468    734.196974518
2.59462589585    736.0105971
2.59489741384    736.161931541
2.59516898866    735.056082727
2.59544062033    733.169632218
2.59571230887    730.745398293
2.5959840543    727.774753037
2.59625585663    724.231119208
2.59652771588    720.231466403
2.59679963207    716.018216273
2.59707160522    711.914271079
2.59734363535    708.215383248
2.59761572246    705.127429155
2.59788786659    702.650020796
2.59816006775    700.567780213
2.59843232596    698.549057302
2.59870464123    696.244585306
2.59897701359    693.359100426
2.59924944304    689.794509396
2.59952192962    685.676526842
2.59979447333    681.327597796
2.6000670742    677.168298954
2.60033973224    673.627795067
2.60061244747    671.009713587
2.60088521991    669.322411771
2.60115804958    668.386545361
2.60143093649    667.996120511
2.60170388067    668.177597622
2.60197688212    669.055657974
2.60224994088    670.710249328
2.60252305695    673.033726406
2.60279623036    675.775737917
2.60306946112    678.775367201
2.60334274925    681.952146726
2.60361609478    685.288127793
2.6038894977    688.729687599
2.60416295806    692.116255386
2.60443647586    695.109081266
2.60471005112    697.200343656
2.60498368386    697.864834784
2.6052573741    696.889614358
2.60553112185    694.587494903
2.60580492714    691.609440621
2.60607878998    688.71273297
2.60635271039    686.520467487
2.60662668839    685.406020023
2.60690072399    685.404303814
2.60717481723    686.22103309
2.6074489681    687.606629408
2.60772317664    689.498493025
2.60799744285    691.967429523
2.60827176677    695.084189413
2.60854614839    698.706163178
2.60882058776    702.504272576
2.60909508487    706.051998744
2.60936963976    708.896535459
2.60964425244    710.736420095
2.60991892292    711.572277018
2.61019365123    711.662147148
2.61046843738    711.37034529
2.61074328139    710.954406694
2.61101818328    710.511983296
2.61129314307    710.096305999
2.61156816078    709.689625236
2.61184323643    709.238739001
2.61211837002    708.619603118
2.61239356159    707.681683936
2.61266881115    706.318866889
2.61294411872    704.549139493
2.61321948431    702.523304104
2.61349490795    700.445151221
2.61377038965    698.500601441
2.61404592944    696.840025025
2.61432152732    695.507478904
2.61459718332    694.431989205
2.61487289746    693.454188039
2.61514866976    692.361803256
2.61542450023    690.951574976
2.61570038889    689.091121872
2.61597633576    686.816075191
2.61625234086    684.3034
2.6165284042    681.835900892
2.61680452582    679.704991117
2.61708070571    678.192987817
2.61735694391    677.370121706
2.61763324043    677.085923733
2.6179095953    676.978274454
2.61818600851    676.614791887
2.61846248011    675.545810374
2.6187390101    673.480779988
2.6190155985    670.446782412
2.61929224534    666.814635794
2.61956895063    663.10466593
2.61984571438    659.86318809
2.62012253663    657.574398208
2.62039941738    656.413827076
2.62067635665    656.275101694
2.62095335447    656.928687451
2.62123041085    658.382885365
2.62150752581    660.892373113
2.62178469937    664.702817595
2.62206193155    669.725432955
2.62233922236    675.519751343
2.62261657183    681.478630111
2.62289397997    687.004213662
2.6231714468    691.622208906
2.62344897235    695.166240492
2.62372655662    697.79512204
2.62400419964    699.843174393
2.62428190143    701.60932238
2.62455966201    703.2078714
2.62483748138    704.68281458
2.62511535959    706.025452663
2.62539329663    707.192010159
2.62567129253    708.007152524
2.62594934731    708.129089181
2.62622746099    707.216300678
2.62650563358    705.120428096
2.62678386511    702.052562833
2.62706215559    698.381344802
2.62734050505    694.422535841
2.62761891349    690.298941429
2.62789738095    686.071965084
2.62817590743    681.785449005
2.62845449297    677.526964629
2.62873313756    673.445268168
2.62901184125    669.793974243
2.62929060403    666.791502585
2.62956942594    664.524899684
2.62984830699    662.836309677
2.6301272472    661.410646192
2.63040624659    659.898144538
2.63068530518    657.993015026
2.63096442299    655.512047046
2.63124360003    652.473076058
2.63152283632    649.086035668
2.63180213189    645.648010169
2.63208148675    642.508180894
2.63236090092    639.910728952
2.63264037442    637.968732196
2.63291990727    636.542203279
2.63319949948    635.369166135
2.63347915109    634.126824017
2.6337588621    632.527529287
2.63403863253    630.397194876
2.63431846241    627.771015078
2.63459835175    624.893247959
2.63487830057    622.199582075
2.63515830889    620.247252406
2.63543837673    619.523368284
2.63571850411    620.209955558
2.63599869104    622.079828725
2.63627893755    624.653660979
2.63655924366    627.565636861
2.63683960938    630.62418721
2.63712003474    633.76835713
2.63740051974    636.980690479
2.63768106442    640.261152303
2.63796166879    643.644457789
2.63824233287    647.191358809
2.63852305668    650.953867051
2.63880384023    654.931848726
2.63908468355    659.003597522
2.63936558666    662.899952064
2.63964654957    666.19574894
2.6399275723    668.370738692
2.64020865488    669.069943422
2.64048979732    668.415734836
2.64077099964    666.885922641
2.64105226186    665.079283158
2.64133358401    663.490070956
2.64161496609    662.473448165
2.64189640812    662.150358448
2.64217791014    662.390419949
2.64245947215    662.98542146
2.64274109417    663.701342283
2.64302277624    664.408253872
2.64330451835    665.028271445
2.64358632054    665.535489433
2.64386818282    665.9213265
2.64415010521    666.18585559
2.64443208773    666.285924268
2.6447141304    666.187051042
2.64499623324    665.863429865
2.64527839627    665.341132346
2.64556061951    664.646207935
2.64584290297    663.726933793
2.64612524668    662.445268304
2.64640765066    660.723731264
2.64669011492    658.614400249
2.64697263948    656.264258447
2.64725522437    653.906443837
2.6475378696    651.765275158
2.64782057519    650.039006112
2.64810334116    648.796353962
2.64838616754    647.993903665
2.64866905433    647.588277069
2.64895200156    647.665394225
2.64923500926    648.457590168
2.64951807743    650.102242742
2.6498012061    652.512672632
2.65008439528    655.326737825
2.650367645    658.070681453
2.65065095528    660.219515113
2.65093432613    661.369169256
2.65121775758    661.382629287
2.65150124964    660.492870646
2.65178480234    659.07885875
2.65206841568    657.450458657
2.6523520897    655.779728686
2.65263582442    654.118260066
2.65291961984    652.448867486
2.65320347599    650.634102769
2.6534873929    648.330512765
2.65377137057    645.031781541
2.65405540904    640.206274801
2.65433950831    633.734808085
2.65462366841    626.073253213
2.65490788936    618.183284196
2.65519217118    611.35171191
2.65547651388    606.924276408
2.65576091749    605.713960544
2.65604538203    607.547259833
2.65632990751    611.445194106
2.65661449396    616.326802044
2.6568991414    621.463272554
2.65718384983    626.511853671
2.65746861929    631.344148562
2.6577534498    635.985984709
2.65803834137    640.514517361
2.65832329402    645.006831156
2.65860830778    649.522842948
2.65889338265    654.062536547
2.65917851867    658.600233813
2.65946371586    662.964941872
2.65974897422    666.81482636
2.66003429378    669.560512737
2.66031967457    670.638758813
2.66060511659    669.871241431
2.66089061988    667.643487679
2.66117618444    664.639580335
2.66146181031    661.483240304
2.66174749749    658.618420423
2.66203324602    656.275337334
2.6623190559    654.453664598
2.66260492716    653.042164592
2.66289085982    651.938243225
2.6631768539    651.124645966
2.66346290941    650.652335842
2.66374902639    650.51256841
2.66403520484    650.585836962
2.66432144479    650.590879089
2.66460774625    650.110390011
2.66489410926    648.676342253
2.66518053382    646.025424316
2.66546701995    642.243544354
2.66575356769    637.816494493
2.66604017704    633.348758162
2.66632684803    629.486849053
2.66661358067    626.698104934
2.66690037499    625.134893046
2.667187231    624.609399954
2.66747414873    624.865988912
2.6677611282    625.853174545
2.66804816943    627.774368645
2.66833527242    630.807334976
2.66862243722    634.823979097
2.66890966383    639.390686367
2.66919695228    643.929918367
2.66948430258    647.881609892
2.66977171475    650.796467709
2.67005918883    652.547930503
2.67034672482    653.365720608
2.67063432274    653.657427392
2.67092198262    653.720081329
2.67120970447    653.740290725
2.67149748833    653.768921184
2.67178533419    653.839847586
2.67207324209    653.995396202
2.67236121205    654.362527892
2.67264924409    655.101961436
2.67293733822    656.38273862
2.67322549446    658.229902138
2.67351371285    660.499249772
2.67380199338    662.98749664
2.6740903361    665.483083131
2.67437874101    667.892999067
2.67466720814    670.158121889
2.6749557375    672.312349331
2.67524432912    674.381107331
2.67553298302    676.339106023
2.67582169922    678.093503105
2.67611047773    679.551554339
2.67639931858    680.662794598
2.67668822179    681.469646922
2.67697718737    682.039819703
2.67726621536    682.381904842
2.67755530576    682.420135076
2.6778444586    682.112535889
2.6781336739    681.493060161
2.67842295168    680.705214372
2.67871229196    679.942945854
2.67900169475    679.366327416
2.67929116009    679.118450347
2.67958068799    679.224369842
2.67987027847    679.574387639
2.68015993154    680.016815096
2.68044964724    680.383252648
2.68073942558    680.513863248
2.68102926658    680.34990283
2.68131917027    679.908397932
2.68160913665    679.282019305
2.68189916576    678.580199216
2.68218925761    677.861819383
2.68247941223    677.152108749
2.68276962963    676.459461576
2.68305990983    675.800667245
2.68335025286    675.158911657
2.68364065873    674.576159843
2.68393112746    674.069171914
2.68422165909    673.663070791
2.68451225361    673.341013325
2.68480291107    673.069387952
2.68509363147    672.764278648
2.68538441484    672.350238776
2.6856752612    671.760264233
2.68596617056    670.977705417
2.68625714296    670.061346627
2.6865481784    669.136965947
2.68683927691    668.338584672
2.68713043852    667.833633457
2.68742166323    667.680525456
2.68771295108    667.853925311
2.68800430207    668.194593144
2.68829571624    668.468121969
2.68858719361    668.423581127
2.68887873418    667.843708591
2.68917033799    666.670311761
2.68946200506    665.00410397
2.6897537354    663.037660517
2.69004552903    660.904887024
2.69033738599    658.656020823
2.69062930628    656.307843846
2.69092128992    653.902179182
2.69121333695    651.480813654
2.69150544737    649.068802772
2.69179762122    646.699519389
2.6920898585    644.381286698
2.69238215924    642.122411816
2.69267452347    639.914514058
2.6929669512    637.774237614
2.69325944245    635.759906524
2.69355199725    633.963115876
2.6938446156    632.433726946
2.69413729755    631.154903351
2.6944300431    630.076505558
2.69472285228    629.198398748
2.6950157251    628.628698932
2.69530866159    628.475410415
2.69560166177    628.77156367
2.69589472566    629.408689767
2.69618785328    630.220190599
2.69648104465    631.02297492
2.6967742998    631.708951764
2.69706761873    632.203376748
2.69736100148    632.547933535
2.69765444807    632.834126709
2.69794795851    633.194922031
2.69824153282    633.813009371
2.69853517103    634.812784281
2.69882887317    636.210601976
2.69912263923    637.881692898
2.69941646926    639.610099573
2.69971036327    641.138579116
2.70000432128    642.226698392
2.70029834331    642.742035108
2.70059242939    642.709852939
2.70088657953    642.263139402
2.70118079375    641.485048124
2.70147507208    640.317795732
2.70176941454    638.662217265
2.70206382114    636.48550249
2.70235829192    633.937052289
2.70265282688    631.224082624
2.70294742606    628.545362892
2.70324208946    626.074648303
2.70353681712    623.894550475
2.70383160905    621.996601657
2.70412646528    620.380622089
2.70442138583    619.137368962
2.70471637071    618.52287007
2.70501141995    618.8011831
2.70530653356    620.054345225
2.70560171158    622.091722654
2.70589695402    624.6650151
2.7061922609    627.641756536
2.70648763225    631.062961243
2.70678306808    634.977858901
2.70707856841    639.30360343
2.70737413327    643.841921427
2.70766976268    648.328722841
2.70796545666    652.508388025
2.70826121523    656.150269607
2.70855703841    659.188768283
2.70885292622    661.690215048
2.70914887869    663.671430815
2.70944489583    664.951538557
2.70974097767    665.201553418
2.71003712422    664.224535959
2.71033333552    662.185942871
2.71062961157    659.580288629
2.7109259524    657.066240304
2.71122235804    655.293664789
2.7115188285    654.772024378
2.71181536381    655.582732708
2.71211196398    657.338505794
2.71240862904    659.331836186
2.712705359    660.716121267
2.7130021539    660.735892227
2.71329901375    658.973108013
2.71359593857    655.617829687
2.71389292838    651.327955005
2.71418998321    646.982448908
2.71448710308    643.393848512
2.71478428801    641.201672544
2.71508153801    640.569072639
2.71537885311    641.191562346
2.71567623334    642.568122263
2.71597367871    644.337544849
2.71627118925    646.335638504
2.71656876497    648.496698865
2.7168664059    650.722313729
2.71716411206    652.824036423
2.71746188347    654.490772571
2.71775972015    655.264308047
2.71805762212    654.776887733
2.71835558941    652.955687567
2.71865362204    650.096128489
2.71895172003    646.591548469
2.71924988339    642.655001972
2.71954811216    638.311309225
2.71984640634    633.544390021
2.72014476598    628.526152215
2.72044319107    623.787889279
2.72074168166    620.391439033
2.72104023775    619.904101443
2.72133885938    623.695810597
2.72163754655    631.951525377
2.7219362993    643.264402541
2.72223511765    655.086374849
2.72253400161    664.300501683
2.72283295121    668.020980466
2.72313196647    664.750901041
2.72343104741    655.269424089
2.72373019405    642.14835234
2.72402940642    628.486973854
2.72432868454    617.023334593
2.72462802842    609.588857595
2.72492743809    606.571819163
2.72522691358    606.959633683
2.7255264549    609.146336941
2.72582606207    611.877343578
2.72612573512    614.460633239
2.72642547407    616.627843331
2.72672527894    618.387374569
2.72702514975    619.861478549
2.72732508652    621.156027179
2.72762508928    622.344291986
2.72792515805    623.418223136
2.72822529284    624.39414019
2.72852549369    625.280232295
2.72882576061    626.10091866
2.72912609362    626.799407274
2.72942649275    627.31896045
2.72972695802    627.610999474
2.73002748945    627.635108546
2.73032808706    627.342785
2.73062875087    626.482820074
2.73092948091    624.633946608
2.73123027719    621.383373153
2.73153113975    616.691500805
2.7318320686    610.940129832
2.73213306375    604.753775243
2.73243412525    598.748292021
2.7327352531    593.377045853
2.73303644733    588.866299964
2.73333770796    585.134555299
2.73363903502    581.906141722
2.73394042852    578.889468181
2.73424188848    575.865996047
2.73454341494    572.698243487
2.7348450079    569.362057853
2.7351466674    565.946465137
2.73544839345    562.661645886
2.73575018608    559.895353033
2.73605204531    558.05115736
2.73635397116    557.378815833
2.73665596365    557.804885891
2.73695802281    559.054159919
2.73726014865    561.005024334
2.73756234121    563.778051525
2.73786460049    567.590530954
2.73816692653    572.465959104
2.73846931934    578.169778094
2.73877177895    584.338646576
2.73907430538    590.754617273
2.73937689866    597.336941776
2.73967955879    604.045227798
2.73998228582    610.822996351
2.74028507975    617.484979053
2.74058794061    623.676989534
2.74089086842    628.876097471
2.74119386321    632.624237616
2.741496925    634.825807944
2.74180005381    635.827748493
2.74210324966    636.089276951
2.74240651257    635.940565295
2.74270984257    635.470305568
2.74301323967    634.710871827
2.74331670391    633.734762226
2.7436202353    632.70280614
2.74392383387    631.839931078
2.74422749963    631.427080899
2.74453123261    631.66466554
2.74483503284    632.600411019
2.74513890033    634.0573096
2.7454428351    635.826414722
2.74574683719    637.747094789
2.7460509066    639.779150545
2.74635504338    641.906472687
2.74665924752    644.112961895
2.74696351907    646.350486045
2.74726785804    648.530880278
2.74757226445    650.526021065
2.74787673832    652.223902859
2.74818127969    653.608705039
2.74848588857    654.728673872
2.74879056498    655.704035679
2.74909530894    656.622900236
2.74940012048    657.525309634
2.74970499963    658.435270426
2.75000994639    659.328786857
2.75031496081    660.093944396
2.75062004289    660.459067657
2.75092519266    659.976928745
2.75123041015    658.264592243
2.75153569537    655.243012929
2.75184104835    651.248457752
2.75214646911    646.7925545
2.75245195767    642.378493079
2.75275751406    638.36536937
2.7530631383    634.93642274
2.75336883041    632.05137965
2.75367459041    629.526458753
2.75398041833    627.162074443
2.75428631419    624.774782012
2.75459227801    622.276925848
2.75489830981    619.62873914
2.75520440963    616.854222764
2.75551057747    613.961423635
2.75581681336    610.934500483
2.75612311733    607.725774949
2.7564294894    604.311490025
2.75673592959    600.755444996
2.75704243792    597.240711272
2.75734901442    594.12519404
2.7576556591    591.869852096
2.757962372    590.871624882
2.75826915313    591.169417699
2.75857600252    592.420657906
2.75888292019    594.124164709
2.75918990616    595.818928526
2.75949696045    597.219057341
2.7598040831    598.213586372
2.76011127411    598.866300417
2.76041853352    599.359947921
2.76072586135    599.940617554
2.76103325761    600.877948831
2.76134072234    602.338261561
2.76164825556    604.337063861
2.76195585728    606.652028038
2.76226352753    608.902508936
2.76257126634    610.581423164
2.76287907372    611.205902631
2.7631869497    610.51528806
2.76349489431    608.637146887
2.76380290756    605.98394909
2.76411098948    602.92030888
2.76441914009    599.652243293
2.76472735942    596.282741959
2.76503564748    592.898875445
2.76534400431    589.650910846
2.76565242992    586.91035159
2.76596092433    585.285498939
2.76626948758    585.510553861
2.76657811967    587.93982643
2.76688682065    592.247972273
2.76719559052    597.604508189
2.76750442931    603.045459979
2.76781333705    607.718232312
2.76812231376    611.055105475
2.76843135946    612.946507943
2.76874047417    613.708952098
2.76904965792    613.745418205
2.76935891073    613.261409457
2.76966823262    612.249389458
2.76997762362    610.670303719
2.77028708375    608.587572704
2.77059661303    606.11970258
2.77090621149    603.274825873
2.77121587915    599.927212459
2.77152561603    595.927608644
2.77183542216    591.292197946
2.77214529756    586.265355351
2.77245524225    581.272184931
2.77276525625    576.871129215
2.77307533959    573.572953343
2.7733854923    571.652095515
2.77369571439    570.918976149
2.77400600589    570.869849004
2.77431636682    570.891408606
2.77462679721    570.433757876
2.77493729707    569.128094932
2.77524786644    566.888634637
2.77555850533    563.904390617
2.77586921377    560.419161283
2.77617999179    556.543129015
2.7764908394    552.253030312
2.77680175662    547.52560609
2.77711274349    542.447410504
2.77742380003    537.222500091
2.77773492625    532.093945618
2.77804612219    527.312421137
2.77835738786    523.050046334
2.77866872329    519.361303785
2.7789801285    516.128348281
2.77929160352    513.288241787
2.77960314837    510.895514487
2.77991476308    509.122020732
2.78022644766    508.084695617
2.78053820214    507.712648635
2.78085002654    507.911595328
2.78116192089    508.767147564
2.78147388521    510.622795038
2.78178591952    513.821714798
2.78209802386    518.409878767
2.78241019823    524.058277011
2.78272244267    530.266386904
2.7830347572    536.62782863
2.78334714184    542.908308985
2.78365959661    548.990827505
2.78397212155    554.820890149
2.78428471667    560.367467788
2.78459738199    565.482568072
2.78491011755    569.901370918
2.78522292336    573.382686213
2.78553579944    575.911557757
2.78584874583    577.691215534
2.78616176254    578.948083409
2.78647484961    579.721456542
2.78678800704    579.887072959
2.78710123487    579.375273598
2.78741453312    578.264349033
2.78772790181    576.733681788
2.78804134098    574.884686273
2.78835485063    572.678695121
2.7886684308    570.045955538
2.7889820815    567.002308507
2.78929580277    563.7345754
2.78960959463    560.623692225
2.78992345709    558.166784887
2.79023739019    556.891600711
2.79055139395    557.045846097
2.79086546839    558.411167519
2.79117961353    560.373527573
2.79149382941    562.171990495
2.79180811604    563.030788519
2.79212247344    562.407567334
2.79243690165    560.218016776
2.79275140068    556.866376672
2.79306597056    552.919319347
2.79338061131    548.849997636
2.79369532297    544.952931886
2.79401010554    541.359691085
2.79432495905    538.116546045
2.79463988354    535.261976808
2.79495487902    533.00473127
2.79526994551    531.723649635
2.79558508305    531.735317585
2.79590029165    533.046602917
2.79621557134    535.285379599
2.79653092214    537.956127461
2.79684634408    540.625629747
2.79716183718    543.046556196
2.79747740147    545.110887136
2.79779303697    546.818871536
2.7981087437    548.217087589
2.79842452168    549.220802223
2.79874037095    549.629551288
2.79905629153    549.227619168
2.79937228343    548.030983934
2.79968834669    546.271638448
2.80000448133    544.343352479
2.80032068737    542.631822847
2.80063696483    541.429882177
2.80095331375    540.883637899
2.80126973414    540.938700672
2.80158622604    541.455979242
2.80190278945    542.40434951
2.80221942441    543.929839142
2.80253613095    546.170654573
2.80285290908    549.110907303
2.80316975883    552.449978917
2.80348668023    555.625922879
2.8038036733    557.892670468
2.80412073806    558.5355899
2.80443787454    557.186717351
2.80475508276    554.101078198
2.80507236274    549.879332532
2.80538971452    545.090847215
2.80570713811    540.050976501
2.80602463355    534.890463582
2.80634220084    529.709203804
2.80665984003    524.699145709
2.80697755113    520.305320295
2.80729533416    517.248620473
2.80761318916    516.387358796
2.80793111614    518.095871653
2.80824911513    521.942993958
2.80856718616    526.861643159
2.80888532925    531.532749649
2.80920354443    534.684427001
2.80952183171    535.451991115
2.80984019112    533.714506072
2.81015862269    530.040353786
2.81047712645    525.142855436
2.81079570241    519.32902501
2.8111143506    512.568869539
2.81143307105    504.824779196
2.81175186378    496.281008679
2.81207072881    487.404590227
2.81238966617    478.81505195
2.81270867589    471.177209591
2.81302775799    464.987166204
2.81334691248    460.343262115
2.81366613941    457.000004826
2.81398543879    454.788498876
2.81430481065    453.944668027
2.81462425501    454.979025226
2.8149437719    458.165029077
2.81526336134    463.180760253
2.81558302335    469.330795637
2.81590275797    475.958476381
2.81622256521    482.659356016
2.8165424451    489.258056146
2.81686239766    495.670806769
2.81718242293    501.806300739
2.81750252092    507.382859129
2.81782269166    511.814419195
2.81814293518    514.401232644
2.81846325149    514.794368053
2.81878364063    513.27692697
2.81910410262    510.557877349
2.81942463748    507.322711456
2.81974524524    504.005314553
2.82006592592    500.826259344
2.82038667955    497.853876744
2.82070750616    495.057617082
2.82102840576    492.353778248
2.82134937839    489.673923948
2.82167042406    486.957277283
2.82199154281    484.181073693
2.82231273465    481.330179121
2.82263399962    478.419825116
2.82295533773    475.450044903
2.82327674902    472.390545768
2.8235982335    469.218621303
2.82391979121    465.896439794
2.82424142217    462.348287413
2.8245631264    458.309027549
2.82488490392    453.278829366
2.82520675477    446.659845983
2.82552867897    438.188042069
2.82585067654    428.250910943
2.82617274751    417.811006689
2.8264948919    408.322012856
2.82681710974    401.387653947
2.82713940105    398.239456814
2.82746176587    399.018551954
2.8277842042    402.814741488
2.82810671609    408.476705279
2.82842930154    415.375760157
2.8287519606    423.397690753
2.82907469328    432.511505162
2.82939749962    442.429404961
2.82972037962    452.501342379
2.83004333333    461.836246148
2.83036636076    469.370235964
2.83068946195    474.349832902
2.8310126369    476.739057181
2.83133588566    477.226155006
2.83165920825    476.770252622
2.83198260469    476.080773335
2.832306075    475.564956467
2.83262961922    475.403566793
2.83295323736    475.596361507
2.83327692946    476.135562822
2.83360069554    477.073654449
2.83392453562    478.583549548
2.83424844972    480.822947249
2.83457243789    483.768770437
2.83489650013    487.194788996
2.83522063648    490.837367779
2.83554484696    494.47824649
2.83586913159    497.997105046
2.83619349041    501.356440495
2.83651792343    504.586428791
2.83684243069    507.769811213
2.8371670122    511.004290104
2.837491668    514.394975171
2.8378163981    518.016855959
2.83814120255    521.847249192
2.83846608135    525.765914471
2.83879103453    529.51765686
2.83911606213    532.727473731
2.83944116416    535.028196449
2.83976634066    536.225483814
2.84009159164    536.447543311
2.84041691714    536.002362623
2.84074231718    535.09272676
2.84106779178    533.733942571
2.84139334097    531.858906406
2.84171896478    529.490440515
2.84204466323    526.771132639
2.84237043634    523.918297133
2.84269628415    521.096660888
2.84302220668    518.433390373
2.84334820395    515.980745603
2.84367427599    513.693706031
2.84400042283    511.437584119
2.84432664449    508.99558108
2.84465294099    506.098796546
2.84497931237    502.538338679
2.84530575865    498.299729973
2.84563227985    493.58506987
2.84595887601    488.723209387
2.84628554713    484.042689941
2.84661229327    479.812054266
2.84693911442    476.187682696
2.84726601064    473.176611888
2.84759298193    470.845543506
2.84792002833    469.559352664
2.84824714986    470.01057748
2.84857434654    472.779320151
2.84890161841    477.849085937
2.84922896549    484.436117124
2.8495563878    491.407354175
2.84988388537    497.54142449
2.85021145823    501.848837757
2.85053910641    503.899203537
2.85086682992    503.947050091
2.8511946288    502.596319239
2.85152250306    500.264456782
2.85185045275    496.959573209
2.85217847787    492.526234363
2.85250657847    486.98008339
2.85283475456    480.581949106
2.85316300617    473.577571871
2.85349133333    466.049067267
2.85381973606    457.907691164
2.85414821439    449.124179357
2.85447676835    439.906784936
2.85480539796    430.767805204
2.85513410324    422.589969306
2.85546288423    416.470295535
2.85579174095    413.267500158
2.85612067342    413.061114377
2.85644968168    415.189443527
2.85677876574    418.961747146
2.85710792564    424.243550085
2.8574371614    431.33746386
2.85776647305    440.412551293
2.85809586061    451.089881348
2.85842532411    462.524590026
2.85875486357    473.672806736
2.85908447903    483.536005286
2.85941417051    491.412426698
2.85974393803    497.236900741
2.86007378162    501.45440194
2.86040370131    504.576038222
2.86073369712    506.71340206
2.86106376908    507.71203597
2.86139391722    507.432393043
2.86172414156    506.000888318
2.86205444213    503.580734274
2.86238481896    500.00286371
2.86271527207    494.685119765
2.86304580148    487.068017337
2.86337640723    477.145776944
2.86370708935    465.605789963
2.86403784784    453.437071714
2.86436868276    441.590874483
2.86469959411    430.774399222
2.86503058193    421.362665065
2.86536164625    413.384161967
2.86569278708    406.918903807
2.86602400447    402.679967209
2.86635529842    402.049578251
2.86668666898    406.195270405
2.86701811616    415.076949174
2.86734963999    427.286456192
2.8676812405    440.961012447
2.86801291772    454.504224798
2.86834467168    466.887149708
2.86867650239    477.677027381
2.86900840989    486.955770891
2.8693403942    494.93743765
2.86967245535    501.424650478
2.87000459336    505.757692939
2.87033680827    507.262776694
2.8706691001    505.912504582
2.87100146887    502.281124045
2.87133391462    496.839654896
2.87166643736    489.41335623
2.87199903714    479.336436573
2.87233171396    466.288226276
2.87266446787    450.739800641
2.87299729888    433.747898741
2.87333020703    416.390276224
2.87366319233    399.480046625
2.87399625483    383.463505774
2.87432939453    368.457151328
2.87466261148    354.299289358
2.8749959057    340.938119739
2.87532927721    328.592528707
2.87566272604    317.7005852
2.87599625222    308.487927722
2.87632985578    300.799890912
2.87666353673    294.365028228
2.87699729512    289.248223697
2.87733113096    285.959869371
2.87766504429    285.017185728
2.87799903513    286.352830566
2.8783331035    289.286382349
2.87866724944    292.904524809
2.87900147296    296.433412826
2.87933577411    299.391688814
2.8796701529    301.568264989
2.88000460937    303.065757638
2.88033914353    304.096024863
2.88067375542    304.841577918
2.88100844506    305.368187192
2.88134321248    305.705141112
2.88167805772    305.918113108
2.88201298078    306.203768657
2.88234798171    307.006074612
2.88268306053    309.008737641
2.88301821726    312.953032271
2.88335345193    319.172203299
2.88368876458    327.3083238
2.88402415523    336.553026041
2.8843596239    346.091423722
2.88469517062    355.291067059
2.88503079542    363.817979421
2.88536649833    371.563671275
2.88570227937    378.586782778
2.88603813858    384.786171267
2.88637407597    389.734145392
2.88671009158    392.836504903
2.88704618543    393.811576856
2.88738235755    393.001772153
2.88771860797    391.155285633
2.88805493672    389.026864072
2.88839134381    387.189345877
2.88872782929    385.975884077
2.88906439318    385.458496039
2.8894010355    385.513550829
2.88973775628    386.010300442
2.89007455555    386.948436027
2.89041143334    388.428983268
2.89074838968    390.502223757
2.89108542458    393.051978089
2.89142253809    395.926015097
2.89175973022    399.030092973
2.89209700101    402.37850953
2.89243435048    406.014468998
2.89277177866    409.908852361
2.89310928557    413.931437369
2.89344687125    417.822090118
2.89378453573    421.234271362
2.89412227902    423.807322355
2.89446010116    425.411895434
2.89479800218    426.200219128
2.89513598209    426.526388279
2.89547404094    426.758600823
2.89581217875    427.163746523
2.89615039554    427.857056435
2.89648869135    428.823916664
2.8968270662    429.833530867
2.89716552011    430.417557495
2.89750405312    429.884804501
2.89784266526    427.501515725
2.89818135655    422.952202962
2.89852012702    416.569492869
2.89885897669    409.110286352
2.89919790561    401.345162312
2.89953691378    393.821008056
2.89987600124    386.875635588
2.90021516803    380.602115179
2.90055441416    375.014345894
2.90089373966    370.348996116
2.90123314457    367.252028503
2.90157262891    366.534005002
2.9019121927    368.581040233
2.90225183598    373.025038562
2.90259155878    379.053223173
2.90293136111    386.025803106
2.90327124302    393.726883479
2.90361120452    402.10573941
2.90395124565    411.068666254
2.90429136644    420.278295464
2.9046315669    429.204031526
2.90497184708    437.136636708
2.90531220699    443.36036448
2.90565264667    447.56125911
2.90599316614    449.969896939
2.90633376543    450.988453389
2.90667444457    450.703801799
2.90701520359    448.730433913
2.90735604252    444.62596746
2.90769696138    438.470587585
2.9080379602    430.987975509
2.90837903901    423.280064733
2.90872019785    416.540657739
2.90906143672    411.790948489
2.90940275568    409.472473066
2.90974415473    409.262111453
2.91008563392    410.365737255
2.91042719327    412.011394894
2.9107688328    413.677656025
2.91111055255    415.093348772
2.91145235255    416.180166479
2.91179423281    416.96687326
2.91213619338    417.560644685
2.91247823428    418.040036375
2.91282035553    418.426512359
2.91316255717    418.748640227
2.91350483922    419.006461452
2.91384720172    419.135923242
2.91418964469    418.930614734
2.91453216815    418.063285286
2.91487477215    416.29953256
2.91521745669    413.647102602
2.91556022183    410.440986584
2.91590306757    407.279017087
2.91624599396    404.865131511
2.91658900102    403.852837539
2.91693208877    404.539654758
2.91727525725    406.732534299
2.91761850649    410.004169168
2.91796183651    414.083900908
2.91830524734    418.985359105
2.91864873901    424.835752148
2.91899231155    431.520847142
2.91933596499    438.671078111
2.91967969936    445.654739756
2.92002351468    451.705976985
2.92036741098    456.123468359
2.9207113883    458.589354982
2.92105544665    459.360161915
2.92139958608    458.961431259
2.9217438066    457.712768324
2.92208810825    455.614770281
2.92243249106    452.52642935
2.92277695505    448.48383822
2.92312150025    443.777846278
2.9234661267    438.798085027
2.92381083441    433.848926296
2.92415562342    429.163745336
2.92450049377    424.841342452
2.92484544546    420.902670223
2.92519047855    417.40399482
2.92553559304    414.606435523
2.92588078898    412.975719262
2.9262260664    412.906519679
2.92657142531    414.369478732
2.92691686575    416.904683531
2.92726238775    419.925612262
2.92760799134    422.916858083
2.92795367654    425.568061303
2.92829944339    427.724316192
2.92864529191    429.343666496
2.92899122214    430.299607076
2.9293372341    430.120439659
2.92968332782    428.010803931
2.93002950333    423.309932603
2.93037576065    416.026707142
2.93072209983    406.930390741
2.93106852088    397.064045502
2.93141502384    387.343080314
2.93176160873    378.414677208
2.93210827559    370.608872401
2.93245502444    363.967068109
2.93280185531    358.607962127
2.93314876823    355.184346407
2.93349576324    354.889502728
2.93384284035    358.711836473
2.9341899996    366.550088609
2.93453724102    377.172488015
2.93488456464    388.983354088
2.93523197048    400.648213522
2.93557945858    411.311048647
2.93592702897    420.607747921
2.93627468166    428.63747267
2.9366224167    435.590458429
2.93697023412    441.355300098
2.93731813393    445.435188046
2.93766611618    447.354814838
2.93801418088    447.192781224
2.93836232808    445.587934884
2.93871055779    443.367595196
2.93905887005    441.260286592
2.93940726489    439.727866859
2.93975574234    438.965861128
2.94010430242    438.903758701
2.94045294517    439.387195859
2.94080167062    440.338864164
2.94115047879    441.877272239
2.94149936971    444.099854768
2.94184834341    446.94323708
2.94219739993    450.148495896
2.9425465393    453.30330624
2.94289576153    455.946856393
2.94324506666    457.660656024
2.94359445473    458.298794842
2.94394392576    458.015554572
2.94429347977    457.202240239
2.94464311681    456.193989818
2.94499283689    455.20710224
2.94534264006    454.332176176
2.94569252633    453.555201348
2.94604249574    452.764618756
2.94639254832    451.723599433
2.94674268409    450.07714087
2.94709290309    447.428796214
2.94744320535    443.619184286
2.9477935909    438.830074694
2.94814405976    433.430925561
2.94849461197    427.769974849
2.94884524755    422.035182131
2.94919596654    416.337841571
2.94954676896    410.705738643
2.94989765485    405.194421794
2.95024862423    399.914966922
2.95059967713    395.082545359
2.9509508136    390.960723978
2.95130203364    387.660089005
2.9516533373    385.131459383
2.9520047246    383.30489548
2.95235619558    382.388032645
2.95270775025    382.879626421
2.95305938867    385.215546047
2.95341111084    389.352884919
2.95376291681    394.770501082
2.9541148066    400.746805695
2.95446678025    406.713299424
2.95481883778    412.295969063
2.95517097922    417.33581671
2.95552320461    421.854002842
2.95587551396    425.850895529
2.95622790732    429.126200038
2.95658038472    431.272256433
2.95693294618    431.916391281
2.95728559173    431.073511241
2.9576383214    429.117978722
2.95799113523    426.4998469
2.95834403324    423.433785366
2.95869701547    419.982295837
2.95905008194    416.166368338
2.95940323268    412.117461691
2.95975646773    408.146386845
2.96010978711    404.770712628
2.96046319086    402.590298825
2.960816679    402.059582395
2.96117025157    403.129105535
2.96152390859    405.287492736
2.9618776501    407.858414665
2.96223147612    410.255778317
2.9625853867    412.08698324
2.96293938184    413.228433243
2.9632934616    413.790813758
2.96364762599    414.049948776
2.96400187505    414.295154383
2.9643562088    414.739781982
2.96471062729    415.500649049
2.96506513053    416.550015479
2.96541971856    417.736380784
2.96577439142    418.798389374
2.96612914912    419.399323354
2.9664839917    419.223404024
2.9668389192    418.133780319
2.96719393163    416.289090817
2.96754902904    413.998891714
2.96790421145    411.57931019
2.96825947889    409.250078542
2.96861483139    407.127789266
2.96897026899    405.253459139
2.96932579172    403.647484427
2.9696813996    402.467390917
2.97003709266    402.062497348
2.97039287094    402.843486541
2.97074873447    405.015069585
2.97110468328    408.35017622
2.97146071739    412.375396088
2.97181683685    416.590376537
2.97217304167    420.625312728
2.97252933189    424.275012317
2.97288570755    427.491858129
2.97324216866    430.371927567
2.97359871527    433.065920606
2.9739553474    435.676534094
2.97431206509    438.265352965
2.97466886836    440.859727973
2.97502575725    443.452816705
2.97538273178    446.017300364
2.97573979199    448.471246962
2.97609693791    450.685009687
2.97645416956    452.549545295
2.97681148699    454.037808267
2.97716889022    455.177358981
2.97752637928    455.927523241
2.9778839542    456.09763304
2.97824161502    455.429031809
2.97859936176    453.820083293
2.97895719445    451.394125974
2.97931511314    448.424265636
2.97967311784    445.067549892
2.98003120859    441.331069565
2.98038938541    437.174252935
2.98074764835    432.638240637
2.98110599743    427.900233964
2.98146443268    423.252902987
2.98182295414    419.049866875
2.98218156183    415.623989737
2.98254025579    413.117477144
2.98289903604    411.407326266
2.98325790263    410.30950573
2.98361685557    409.742047054
2.9839758949    409.847202741
2.98433502066    410.794225489
2.98469423286    412.548572217
2.98505353156    414.84497816
2.98541291676    417.309865354
2.98577238852    419.603947535
2.98613194685    421.469629687
2.98649159179    422.805526988
2.98685132337    423.666244619
2.98721114163    424.160555997
2.98757104658    424.302275786
2.98793103827    423.983284157
2.98829111673    423.061697836
2.98865128199    421.544724513
2.98901153407    419.561402072
2.98937187301    417.260946714
2.98973229885    414.690943279
2.9900928116    411.838056518
2.99045341132    408.729550427
2.99081409801    405.527855681
2.99117487173    402.618307592
2.99153573249    400.703454986
2.99189668034    400.721622339
2.99225771529    403.373841906
2.99261883739    408.583919888
2.99298004667    415.512907069
2.99334134315    422.978450584
2.99370272687    429.860062485
2.99406419786    435.301431014
2.99442575615    438.966380449
2.99478740177    441.038254484
2.99514913476    441.949628505
2.99551095514    441.896784331
2.99587286295    440.711980115
2.99623485822    438.16027033
2.99659694098    434.30325659
2.99695911127    429.525660165
2.99732136911    424.366650204
2.99768371454    419.250476841
2.99804614758    414.479869394
2.99840866828    410.182377236
2.99877127665    406.384563602
2.99913397274    403.146571393
2.99949675658    400.777184696
2.99985962819    399.826802997
3.00022258762    400.751247451
3.00058563488    403.468549898
3.00094877002    407.413349795
3.00131199306    411.806001611
3.00167530404    415.975001952
3.00203870298    419.464224819
3.00240218993    422.106447147
3.00276576491    424.036423362
3.00312942796    425.536291894
3.0034931791    426.854395883
3.00385701837    428.151720287
3.0042209458    429.481881071
3.00458496142    430.838150155
3.00494906527    432.193727654
3.00531325738    433.521829015
3.00567753777    434.755530147
3.00604190649    435.841370108
3.00640636356    436.76606464
3.00677090901    437.549805887
3.00713554289    438.212752334
3.00750026521    438.728252982
3.00786507601    439.036254269
3.00822997533    439.076764521
3.00859496319    438.883387059
3.00896003964    438.576515271
3.00932520469    438.376596291
3.00969045839    438.563947472
3.01005580076    439.391917135
3.01042123184    440.953454807
3.01078675166    443.087915782
3.01115236025    445.408053352
3.01151805764    447.413629513
3.01188384388    448.571566929
3.01224971898    448.509257533
3.01261568298    447.240916069
3.01298173592    445.067190032
3.01334787783    442.361692994
3.01371410873    439.324557012
3.01408042867    435.995966476
3.01444683767    432.396100799
3.01481333576    428.598341643
3.01517992299    424.789091415
3.01554659937    421.241011469
3.01591336495    418.273041309
3.01628021976    416.110756398
3.01664716382    414.720342425
3.01701419718    413.828842755
3.01738131986    412.9908783
3.0177485319    411.721654902
3.01811583333    409.596603034
3.01848322418    406.430501809
3.01885070449    402.350196422
3.01921827428    397.654876197
3.01958593359    392.550600102
3.01995368246    387.103976914
3.02032152091    381.30862395
3.02068944898    375.244335556
3.0210574667    369.169713118
3.0214255741    363.561719605
3.02179377122    359.161754684
3.02216205809    356.736981885
3.02253043474    356.590456414
3.02289890121    358.389618251
3.02326745753    361.385410365
3.02363610372    364.928722767
3.02400483983    368.668661451
3.02437366589    372.45302669
3.02474258193    376.255343275
3.02511158798    380.088809408
3.02548068407    384.05911289
3.02584987024    388.331268502
3.02621914653    393.11636728
3.02658851295    398.480043854
3.02695796956    404.322880359
3.02732751638    410.406969462
3.02769715344    416.448471572
3.02806688077    422.183600605
3.02843669842    427.441150174
3.02880660641    432.201687965
3.02917660477    436.538074318
3.02954669354    440.437441602
3.02991687276    443.735422001
3.03028714245    446.15586583
3.03065750264    447.561151148
3.03102795338    448.070500595
3.0313984947    447.875419056
3.03176912662    446.982996762
3.03213984919    445.170112374
3.03251066242    442.207282229
3.03288156637    438.154515869
3.03325256106    433.387262666
3.03362364652    428.458024796
3.03399482279    423.925331667
3.0343660899    420.222378293
3.03473744788    417.538978265
3.03510889677    415.703700677
3.03548043661    414.354953577
3.03585206741    413.085568088
3.03622378923    411.554370377
3.03659560209    409.564808205
3.03696750602    407.071314964
3.03733950106    404.126710555
3.03771158724    400.757533132
3.0380837646    396.819959788
3.03845603316    392.117901721
3.03882839297    386.592981071
3.03920084405    380.488048161
3.03957338645    374.320617706
3.03994602018    368.875996987
3.0403187453    365.043402028
3.04069156182    363.429927365
3.04106446979    363.975087132
3.04143746923    365.964717932
3.04181056019    368.41084425
3.04218374269    370.37220577
3.04255701677    371.182835761
3.04293038246    370.582332675
3.04330383979    368.826391769
3.04367738881    366.477244976
3.04405102954    364.155325467
3.04442476202    362.402151312
3.04479858628    361.536931464
3.04517250235    361.532931054
3.04554651027    362.08307767
3.04592061008    362.724179573
3.0462948018    362.967420658
3.04666908547    362.422195054
3.04704346113    360.913223633
3.0474179288    358.558431844
3.04779248853    355.625356866
3.04816714034    352.251106286
3.04854188427    348.436006253
3.04891672035    344.128343703
3.04929164863    339.432540175
3.04966666912    334.693499698
3.05004178187    330.561314413
3.05041698692    328.016884256
3.05079228428    328.053139241
3.05116767401    331.057922582
3.05154315612    336.490025065
3.05191873066    343.204956544
3.05229439767    349.929534735
3.05267015716    355.625445363
3.05304600919    359.670619426
3.05342195378    362.046815116
3.05379799097    363.2416076
3.05417412078    363.865277336
3.05455034327    364.404346322
3.05492665845    365.111592543
3.05530306637    366.109974943
3.05567956705    367.379850645
3.05605616054    368.843321134
3.05643284687    370.467868354
3.05680962607    372.259849509
3.05718649817    374.232083739
3.05756346321    376.352086598
3.05794052123    378.529212809
3.05831767225    380.627648187
3.05869491632    382.447065998
3.05907225347    383.800268123
3.05944968373    384.590690861
3.05982720714    384.812289864
3.06020482372    384.407365653
3.06058253353    382.989035933
3.06096033658    379.88679814
3.06133823292    374.572783734
3.06171622258    367.119589716
3.06209430559    358.296295748
3.06247248199    349.270989899
3.06285075181    341.287973777
3.06322911509    335.409849636
3.06360757186    332.111857607
3.06398612216    331.102215443
3.06436476602    331.806071315
3.06474350348    333.94530494
3.06512233457    337.78276
3.06550125932    343.626065185
3.06588027777    351.345059984
3.06625938996    360.282287088
3.06663859592    369.543012904
3.06701789569    378.304104546
3.06739728929    385.942488931
3.06777677677    392.208400699
3.06815635816    397.244177135
3.06853603349    401.243413649
3.0689158028    404.104137915
3.06929566613    405.300811386
3.0696756235    404.366185579
3.07005567496    401.321082228
3.07043582053    396.731550315
3.07081606027    391.252860483
3.07119639418    385.257525839
3.07157682233    378.880540252
3.07195734473    372.179865495
3.07233796142    365.315900894
3.07271867245    358.660266099
3.07309947783    352.878758438
3.07348037762    348.815773021
3.07386137184    347.103648648
3.07424246053    347.753445017
3.07462364372    350.181265788
3.07500492146    353.784618593
3.07538629377    358.377200341
3.07576776068    364.054166799
3.07614932225    370.872218967
3.07653097849    378.542997148
3.07691272945    386.459048096
3.07729457516    393.821945873
3.07767651566    399.751051366
3.07805855097    403.660214645
3.07844068115    405.563707082
3.07882290621    406.011662387
3.07920522621    405.687614683
3.07958764116    405.032113398
3.07997015112    404.217532579
3.0803527561    403.314089467
3.08073545616    402.360086064
3.08111825132    401.419259162
3.08150114162    400.62533863
3.0818841271    400.099187949
3.08226720779    399.955183528
3.08265038372    400.173951519
3.08303365493    400.608884165
3.08341702147    401.037204704
3.08380048335    401.210915877
3.08418404063    400.914048251
3.08456769333    400.08975376
3.08495144148    398.827389764
3.08533528514    397.387737075
3.08571922432    396.05038167
3.08610325907    395.10097895
3.08648738942    394.716979807
3.08687161542    394.8789288
3.08725593708    395.389721023
3.08764035446    395.963655574
3.08802486758    396.289943524
3.08840947648    396.115169163
3.0887941812    395.344621051
3.08917898177    394.042121405
3.08956387823    392.372787569
3.08994887061    390.450894309
3.09033395895    388.270303965
3.09071914329    385.79955694
3.09110442366    383.051528397
3.0914898001    380.0643897
3.09187527265    376.857302395
3.09226084133    373.360858774
3.09264650619    369.455150634
3.09303226726    365.127836667
3.09341812458    360.556188158
3.09380407818    356.170003284
3.09419012811    352.714490467
3.09457627438    351.129855181
3.09496251705    352.090219939
3.09534885615    355.530564877
3.09573529172    360.622403544
3.09612182378    366.216350487
3.09650845238    371.202001027
3.09689517755    374.753809556
3.09728199933    376.545043074
3.09766891776    376.791304642
3.09805593286    375.997799153
3.09844304469    374.511754464
3.09883025327    372.396669409
3.09921755864    369.61523846
3.09960496083    366.243491433
3.09999245989    362.533584099
3.10038005584    358.907285289
3.10076774874    355.867699537
3.1011555386    353.860845837
3.10154342547    353.074541443
3.10193140939    353.31304049
3.10231949038    354.154586647
3.1027076685    355.177848426
3.10309594377    356.081243605
3.10348431623    356.70161336
3.10387278591    357.007787433
3.10426135286    357.075304742
3.10465001711    356.992182759
3.10503877869    356.833800056
3.10542763765    356.606482071
3.10581659402    356.322821905
3.10620564783    355.945257486
3.10659479913    355.379866888
3.10698404794    354.382476582
3.10737339432    352.602683703
3.10776283828    349.765583709
3.10815237987    345.909526154
3.10854201914    341.379482559
3.1089317561    336.682746069
3.1093215908    332.319854846
3.10971152328    328.684524654
3.11010155357    325.926259446
3.11049168172    323.913141493
3.11088190775    322.35716545
3.1112722317    320.99560429
3.11166265361    319.659678435
3.11205317352    318.293172394
3.11244379147    316.864896676
3.11283450749    315.300006593
3.11322532161    313.442620365
3.11361623388    310.949877905
3.11400724434    307.460554556
3.11439835301    302.800830524
3.11478955993    297.114950334
3.11518086516    290.702804178
3.11557226871    283.745611648
3.11596377063    276.218871232
3.11635537095    268.02961122
3.11674706971    259.221910533
3.11713886696    249.970503034
3.11753076272    240.443723954
3.11792275703    230.722652344
3.11831484993    220.794999159
3.11870704146    210.660923016
3.11909933165    200.370309737
3.11949172055    190.028924604
3.11988420818    179.767277498
3.12027679459    169.721958318
3.12066947982    160.00458098
3.12106226389    150.645940806
3.12145514686    141.68921588
3.12184812875    133.388509318
3.1222412096    126.301636236
3.12263438945    121.091280605
3.12302766834    118.047440952
3.12342104631    116.889538179
3.12381452339    117.070796963
3.12420809961    118.29281599
3.12460177503    120.672495806
3.12499554967    124.413312554
3.12538942357    129.433754595
3.12578339678    135.380059125
3.12617746932    141.849316685
3.12657164124    148.612239541
3.12696591256    155.619125341
3.12736028334    162.875971455
3.12775475361    170.339315018
3.12814932341    177.984278198
3.12854399276    185.829256401
3.12893876172    193.942042332
3.12933363032    202.39035884
3.12972859859    211.124560149
3.13012366658    219.959260343
3.13051883432    228.573507033
3.13091410185    236.535627207
3.13130946921    243.420551954
3.13170493643    249.062613947
3.13210050355    253.63535689
3.13249617062    257.460058294
3.13289193767    260.697478026
3.13328780473    263.267983581
3.13368377185    265.036599198
3.13407983906    266.034714879
3.1344760064    266.484498324
3.13487227391    266.65096587
3.13526864163    266.749652446
3.13566510959    266.872864987
3.13606167783    267.045180394
3.1364583464    267.229677858
3.13685511532    267.284995608
3.13725198465    266.947030799
3.1376489544    265.865951422
3.13804602463    263.778254571
3.13844319537    260.703123743
3.13884046666    256.868414294
3.13923783854    252.520161676
3.13963531105    247.689430633
3.14003288421    242.272323285
3.14043055809    236.214099983
3.1408283327    229.64398384
3.14122620809    222.850413379
3.14162418429    216.182804986
3.14202226136    209.996347684
3.14242043932    204.529513305
3.14281871821    199.781756488
3.14321709807    195.575026117
3.14361557894    191.664138198
3.14401416085    187.877570592
3.14441284385    184.135718271
3.14481162798    180.40186048
3.14521051327    176.614860698
3.14560949976    172.670863198
3.1460085875    168.331697031
3.14640777651    163.280022273
3.14680706683    157.265998206
3.14720645852    150.32088583
3.14760595159    142.750588051
3.1480055461    134.976641308
3.14840524208    127.407952616
3.14880503957    120.343228671
3.14920493861    113.910138204
3.14960493924    108.077721623
3.15000504149    102.839428072
3.15040524541    98.4141549628
3.15080555103    95.2642346272
3.1512059584    93.790629227
3.15160646754    93.9616199296
3.15200707851    95.3924846674
3.15240779133    97.7110610612
3.15280860606    100.868001704
3.15320952272    105.032967739
3.15361054135    110.302478543
3.154011662    116.505476337
3.1544128847    123.306983265
3.1548142095    130.481728773
3.15521563642    137.944384351
3.15561716552    145.71294677
3.15601879682    153.738609344
3.15642053038    161.887637865
3.15682236622    169.899001208
3.15722430439    177.445199068
3.15762634492    184.19906639
3.15802848786    190.015678542
3.15843073324    194.998805769
3.1588330811    199.391503875
3.15923553149    203.321461951
3.15963808443    206.752687453
3.16004073998    209.606833732
3.16044349817    211.963048013
3.16084635904    214.05171687
3.16124932262    216.242171596
3.16165238896    218.963864655
3.1620555581    222.60347273
3.16245883008    227.299365984
3.16286220493    232.857291482
3.16326568269    238.835408241
3.16366926341    244.75003178
3.16407294713    250.154214168
3.16447673387    254.794708735
3.16488062369    258.653986435
3.16528461662    261.943898987
3.16568871271    264.900219256
3.16609291198    267.661955928
3.16649721449    270.253381872
3.16690162026    272.662567481
3.16730612934    274.8896513
3.16771074178    276.8564265
3.1681154576    278.328114035
3.16852027685    278.94970454
3.16892519957    278.432793577
3.1693302258    276.790295291
3.16973535557    274.275866814
3.17014058893    271.118837608
3.17054592592    267.319701284
3.17095136658    262.704536916
3.17135691094    257.195805747
3.17176255905    250.980542306
3.17216831094    244.504007578
3.17257416666    238.343185599
3.17298012625    233.092490164
3.17338618974    229.171579884
3.17379235718    226.615456151
3.1741986286    225.110968262
3.17460500405    224.339284813
3.17501148356    224.227856308
3.17541806718    224.890126192
3.17582475495    226.361474839
3.1762315469    228.485428609
3.17663844307    230.919896211
3.17704544352    233.317146773
3.17745254826    235.359753119
3.17785975735    236.868341666
3.17826707083    237.84930914
3.17867448874    238.440718732
3.17908201111    238.816392518
3.17948963798    239.084173834
3.17989736941    239.26208643
3.18030520542    239.350199672
3.18071314605    239.37846966
3.18112119136    239.382797813
3.18152934137    239.434895265
3.18193759613    239.618344808
3.18234595568    239.974844508
3.18275442005    240.486351432
3.1831629893    240.979667334
3.18357166345    241.090836972
3.18398044256    240.235567099
3.18438932665    237.818237361
3.18479831578    233.595605139
3.18520740997    227.855170294
3.18561660928    221.241681134
3.18602591374    214.369436805
3.18643532339    207.69129399
3.18684483828    201.445283352
3.18725445844    195.70250875
3.18766418391    190.432827093
3.18807401474    185.713223219
3.18848395096    181.834743152
3.18889399262    179.189228785
3.18930413976    177.930307
3.18971439242    177.801327758
3.19012475063    178.314156591
3.19053521444    178.939577369
3.19094578389    179.309274637
3.19135645903    179.203752882
3.19176723988    178.611507141
3.1921781265    177.693146498
3.19258911892    176.644713838
3.19300021718    175.656118709
3.19341142133    174.857774785
3.19382273141    174.29103502
3.19423414745    173.94979363
3.1946456695    173.839802015
3.1950572976    174.085282761
3.19546903178    174.899166569
3.1958808721    176.470480059
3.19629281859    178.75720269
3.1967048713    181.474727039
3.19711703025    184.1553345
3.1975292955    186.225324456
3.19794166709    187.194371886
3.19835414506    186.850507635
3.19876672944    185.377962213
3.19917942029    183.179396121
3.19959221763    180.603891355
3.20000512152    177.823002042
3.20041813199    174.895928925
3.20083124908    171.911323358
3.20124447284    169.016756664
3.20165780331    166.524832187
3.20207124053    164.907076825
3.20248478453    164.66990721
3.20289843537    166.012681881
3.20331219308    168.651293448
3.20372605771    172.019116847
3.20414002929    175.573674593
3.20455410786    178.914380033
3.20496829348    181.847116927
3.20538258617    184.348657393
3.20579698599    186.478177956
3.20621149297    188.271262523
3.20662610716    189.592903249
3.20704082859    190.249435719
3.20745565731    190.117933325
3.20787059336    189.275404328
3.20828563678    187.798777458
3.20870078761    185.582819824
3.2091160459    182.287524316
3.20953141168    177.631941798
3.209946885    171.728642022
3.2103624659    165.094938262
3.21077815443    158.535044881
3.21119395061    152.952039084
3.21160985451    149.113214745
3.21202586615    147.322014504
3.21244198557    147.272130873
3.21285821283    148.364651241
3.21327454796    150.15356273
3.21369099101    152.538782124
3.21410754201    155.554968114
3.21452420102    159.166515189
3.21494096806    163.197434356
3.21535784318    167.372480497
3.21577482643    171.200324102
3.21619191785    173.99721854
3.21660911748    175.150264322
3.21702642536    174.526344337
3.21744384153    172.512396785
3.21786136603    169.781129228
3.21827899891    167.226423301
3.21869674022    166.044766287
3.21911458998    167.15712709
3.21953254825    170.596723962
3.21995061507    175.545173212
3.22036879047    180.940032155
3.22078707451    185.795746337
3.22120546722    189.413361716
3.22162396864    191.601564128
3.22204257883    192.617770306
3.22246129781    192.783188701
3.22288012564    192.191635142
3.22329906235    190.80877727
3.22371810799    188.664326745
3.2241372626    185.886863524
3.22455652622    182.529225978
3.2249758989    178.429062055
3.22539538068    173.307929718
3.22581497159    167.062020145
3.22623467169    159.942041041
3.22665448102    152.459818666
3.22707439961    145.242785649
3.22749442752    138.906111239
3.22791456478    133.8495794
3.22833481144    130.077994452
3.22875516753    127.253903359
3.22917563311    125.028604858
3.22959620821    123.221898361
3.23001689288    121.833457452
3.23043768716    120.862955799
3.23085859109    120.217373852
3.23127960472    119.745870502
3.23170072809    119.315132902
3.23212196124    118.832508461
3.23254330422    118.269101237
3.23296475706    117.63076074
3.23338631981    116.981172319
3.23380799252    116.389738417
3.23422977522    115.960476297
3.23465166797    115.791515119
3.23507367079    115.90576404
3.23549578375    116.245234325
3.23591800687    116.648042964
3.2363403402    116.946702284
3.23676278379    116.956583425
3.23718533768    116.550956584
3.23760800191    115.764762367
3.23803077653    114.788632753
3.23845366157    113.928324991
3.23887665708    113.587276421
3.23929976311    114.128159866
3.2397229797    115.700088023
3.24014630689    118.123687466
3.24056974473    121.029735715
3.24099329325    124.043638501
3.2414169525    126.889039693
3.24184072253    129.416462654
3.24226460338    131.608897701
3.24268859509    133.575878745
3.2431126977    135.467071901
3.24353691127    137.443484199
3.24396123582    139.625727196
3.24438567142    142.059599251
3.24481021809    144.693210248
3.24523487589    147.388591059
3.24565964485    149.950512218
3.24608452502    152.155252301
3.24650951645    153.876863687
3.24693461918    155.13866938
3.24735983324    156.176149081
3.2477851587    157.413727954
3.24821059558    159.390018395
3.24863614393    162.643068887
3.24906180381    167.378104561
3.24948757524    173.36487568
3.24991345828    180.09854436
3.25033945296    187.11487025
3.25076555934    194.104608298
3.25119177745    200.890424013
3.25161810735    207.398120286
3.25204454907    213.553579477
3.25247110265    219.145562243
3.25289776815    223.734448062
3.25332454561    226.823941793
3.25375143507    228.221011678
3.25417843657    228.235360726
3.25460555016    227.496077854
3.25503277588    226.637299723
3.25546011378    226.149845685
3.2558875639    226.307244194
3.25631512628    227.114690596
3.25674280098    228.360712713
3.25717058803    229.702959052
3.25759848747    230.805134476
3.25802649936    231.376875786
3.25845462374    231.293296579
3.25888286064    230.589078305
3.25931121013    229.298866058
3.25973967223    227.269461839
3.26016824699    224.125933368
3.26059693447    219.562000425
3.2610257347    213.681144566
3.26145464772    207.001753738
3.26188367359    200.286069582
3.26231281235    194.346669673
3.26274206403    189.853261498
3.26317142869    187.065947108
3.26360090638    185.72220733
3.26403049712    185.310048445
3.26446020098    185.454205668
3.26489001799    186.029429924
3.2653199482    187.052395401
3.26574999166    188.477387021
3.2661801484    190.219055984
3.26661041847    192.186476158
3.26704080193    194.373803051
3.26747129881    196.809182918
3.26790190915    199.509407749
3.26833263301    202.383686884
3.26876347042    205.233791181
3.26919442144    207.782484092
3.26962548611    209.696254066
3.27005666447    210.766357233
3.27048795656    211.055652233
3.27091936244    210.920851183
3.27135088214    210.893464129
3.27178251572    211.611778231
3.27221426321    213.639984914
3.27264612467    217.197253769
3.27307810014    222.033999983
3.27351018966    227.641308658
3.27394239327    233.550293402
3.27437471103    239.478695431
3.27480714298    245.274247915
3.27523968916    250.869405335
3.27567234962    256.219237303
3.27610512441    261.16617331
3.27653801356    265.389454731
3.27697101713    268.540504002
3.27740413516    270.479422198
3.2778373677    271.387279873
3.27827071479    271.613765805
3.27870417647    271.38443961
3.2791377528    270.733406725
3.27957144381    269.621644171
3.28000524956    268.088864928
3.28043917008    266.264652784
3.28087320543    264.289690347
3.28130735565    262.265196418
3.28174162078    260.224900743
3.28217600088    258.180044151
3.28261049598    256.153078781
3.28304510614    254.132770527
3.28347983139    252.152768881
3.28391467178    250.218650181
3.28434962737    248.347197343
3.28478469819    246.510337622
3.28521988429    244.646409172
3.28565518572    242.620992985
3.28609060252    240.210209295
3.28652613474    237.196014608
3.28696178243    233.50052783
3.28739754562    229.225015461
3.28783342438    224.582522834
3.28826941873    219.729941616
3.28870552873    214.723353642
3.28914175443    209.579652468
3.28957809587    204.349244206
3.29001455309    199.149523054
3.29045112615    194.215053176
3.29088781508    189.908578447
3.29132461994    186.592457766
3.29176154077    184.399846598
3.29219857762    183.145728875
3.29263573053    182.47236734
3.29307299955    182.083745151
3.29351038473    181.840260861
3.29394788611    181.67491568
3.29438550374    181.565359991
3.29482323766    181.478125362
3.29526108793    181.390917867
3.29569905458    181.298170088
3.29613713766    181.23328294
3.29657533723    181.224057664
3.29701365332    181.348334154
3.29745208599    181.767295124
3.29789063528    182.847679663
3.29832930123    185.083687249
3.2987680839    188.818945529
3.29920698332    193.94114147
3.29964599955    199.827085098
3.30008513264    205.515526573
3.30052438262    209.885250128
3.30096374955    211.943880989
3.30140323348    211.310424045
3.30184283444    208.369766275
3.30228255249    203.872385175
3.30272238767    198.312937035
3.30316234003    191.714442567
3.30360240962    183.983536723
3.30404259649    175.226377523
3.30448290067    165.886832224
3.30492332222    156.602075519
3.30536386119    148.097164794
3.30580451762    140.996779072
3.30624529155    135.543212596
3.30668618304    131.536045222
3.30712719214    128.598136536
3.30756831888    126.607022264
3.30800956332    125.788521387
3.3084509255    126.401361097
3.30889240548    128.389162515
3.30933400329    131.397427506
3.30977571899    135.110678648
3.31021755262    139.462123599
3.31065950422    144.556080504
3.31110157386    150.419533335
3.31154376157    156.814741631
3.3119860674    163.184466075
3.3124284914    168.690974387
3.31287103362    172.343148282
3.3133136941    173.448392505
3.31375647289    172.047297403
3.31419937004    168.808052689
3.3146423856    164.442169573
3.3150855196    159.291718452
3.31552877211    153.395838574
3.31597214317    146.771629072
3.31641563283    139.689091395
3.31685924112    132.676288256
3.31730296811    126.568456415
3.31774681384    122.348272585
3.31819077835    120.684295101
3.3186348617    121.541527599
3.31907906393    124.259211985
3.31952338509    128.193760551
3.31996782523    133.146680193
3.32041238439    139.221367748
3.32085706263    146.466272255
3.32130185998    154.578935797
3.32174677651    162.955788546
3.32219181225    170.80761547
3.32263696726    177.296747636
3.32308224158    181.887606744
3.32352763526    184.630989793
3.32397314834    186.059291388
3.32441878089    186.824715566
3.32486453294    187.343543051
3.32531040454    187.812852106
3.32575639574    188.265486659
3.32620250659    188.652266906
3.32664873714    188.776523057
3.32709508743    188.223276681
3.32754155752    186.430531319
3.32798814745    183.000697973
3.32843485727    178.016974861
3.32888168702    172.059074612
3.32932863677    165.940682924
3.32977570654    160.501883847
3.33022289641    156.407370586
3.3306702064    153.934078329
3.33111763657    152.939005858
3.33156518697    153.208475864
3.33201285765    154.959345688
3.33246064865    158.854766861
3.33290856003    165.453740334
3.33335659183    174.596251057
3.3338047441    185.40967616
3.33425301689    196.76666694
3.33470141025    207.649849659
3.33514992423    217.352835528
3.33559855887    225.593941804
3.33604731423    232.493887935
3.33649619034    238.249316005
3.33694518727    242.654776501
3.33739430507    245.097838849
3.33784354377    245.048151797
3.33829290342    242.599977311
3.33874238409    238.422524941
3.33919198581    233.227674202
3.33964170864    227.395792475
3.34009155262    220.992443046
3.3405415178    214.061443196
3.34099160424    206.765751467
3.34144181197    199.452303418
3.34189214106    192.597614454
3.34234259154    186.764299402
3.34279316347    182.330363285
3.3432438569    179.294676483
3.34369467188    177.407298398
3.34414560845    176.564559729
3.34459666666    177.062946118
3.34504784657    179.403995523
3.34549914822    183.764518021
3.34595057167    189.770166352
3.34640211696    196.701383221
3.34685378413    203.860982861
3.34730557325    210.790011131
3.34775748436    217.240445239
3.3482095175    223.15872732
3.34866167274    228.577643373
3.34911395011    233.389767532
3.34956634967    237.223680958
3.35001887147    239.627539648
3.35047151556    240.419340681
3.35092428198    239.88044195
3.35137717079    238.550337477
3.35183018203    236.919494625
3.35228331576    235.294888679
3.35273657202    233.827149182
3.35318995086    232.559175672
3.35364345235    231.501560771
3.35409707651    230.691762243
3.35455082341    230.247806411
3.35500469309    230.325199403
3.35545868561    230.961116234
3.35591280101    231.988644958
3.35636703934    233.026328309
3.35682140066    233.52138748
3.357275885    232.819701909
3.35773049244    230.493139775
3.358185223    226.585919992
3.35864007675    221.608612892
3.35909505373    216.19450305
3.359550154    210.879745756
3.36000537759    206.028507367
3.36046072458    201.795709535
3.36091619499    198.143376074
3.36137178889    195.054979813
3.36182750632    192.685234067
3.36228334734    191.397306969
3.36273931199    191.468406357
3.36319540033    192.795845377
3.3636516124    194.913593306
3.36410794826    197.206505419
3.36456440796    199.076131554
3.36502099154    200.100909216
3.36547769906    200.12135205
3.36593453056    199.330433681
3.3663914861    198.107687672
3.36684856574    196.842905418
3.36730576951    195.845454674
3.36776309747    195.29640278
3.36822054967    195.238027801
3.36867812616    195.62196942
3.36913582699    196.51179734
3.36959365221    198.157425878
3.37005160188    200.872392814
3.37050967604    204.751643238
3.37096787475    209.53346058
3.37142619805    214.722318805
3.37188464599    219.748766305
3.37234321864    224.097144556
3.37280191603    227.46499484
3.37326073822    229.869059131
3.37371968526    231.517333317
3.3741787572    232.569782346
3.37463795409    232.957859612
3.37509727598    232.485683562
3.37555672293    231.069040335
3.37601629498    228.905017592
3.37647599219    226.376143247
3.3769358146    223.901650688
3.37739576228    221.831395937
3.37785583526    220.387652968
3.3783160336    219.575208586
3.37877635736    219.250523611
3.37923680657    219.264918782
3.37969738131    219.591645018
3.3801580816    220.278083134
3.38061890752    221.329230045
3.3810798591    222.670727479
3.3815409364    224.170124629
3.38200213948    225.716262844
3.38246346837    227.250961135
3.38292492314    228.742523425
3.38338650384    230.196267064
3.38384821051    231.612222497
3.38431004322    232.979860786
3.384772002    234.272828099
3.38523408691    235.45424692
3.38569629801    236.503105312
3.38615863535    237.430060138
3.38662109897    238.214120133
3.38708368893    238.7868757
3.38754640528    239.016755166
3.38800924807    238.793404
3.38847221736    238.132994089
3.38893531319    237.141193421
3.38939853563    235.891970563
3.38986188471    234.375011564
3.39032536049    232.501097168
3.39078896303    230.233702017
3.39125269237    227.625732684
3.39171654858    224.703753468
3.39218053169    221.399702607
3.39264464176    217.508990074
3.39310887885    212.885027708
3.39357324301    207.56517649
3.39403773428    201.770494701
3.39450235272    195.784777626
3.39496709839    189.812808987
3.39543197133    183.996203705
3.3958969716    178.397763006
3.39636209925    173.048764123
3.39682735433    168.074789288
3.3972927369    163.810866361
3.397758247    160.769753337
3.3982238847    159.327490914
3.39868965003    159.409471564
3.39915554306    160.585266121
3.39962156384    162.414450805
3.40008771241    164.687248514
3.40055398884    167.387605027
3.40102039318    170.520395994
3.40148692547    173.9859573
3.40195358576    177.590679683
3.40242037413    181.10459961
3.40288729061    184.308450262
3.40335433525    187.071961627
3.40382150812    189.374617597
3.40428880926    191.263759237
3.40475623873    192.71364319
3.40522379657    193.516021561
3.40569148285    193.405524516
3.40615929762    192.283868621
3.40662724092    190.329059205
3.40709531281    187.849143185
3.40756351335    185.06329283
3.40803184258    182.039447451
3.40850030057    178.772598938
3.40896888736    175.299374885
3.409437603    171.697982183
3.40990644756    168.098549884
3.41037542108    164.620665947
3.41084452361    161.378588352
3.41131375521    158.439679748
3.41178311594    155.845252113
3.41225260584    153.781997527
3.41272222497    152.763519115
3.41319197338    153.536444535
3.41366185113    156.633809996
3.41413185827    161.923994604
3.41460199486    168.622007117
3.41507226093    175.720756863
3.41554265656    182.302384619
3.41601318179    187.693613108
3.41648383668    191.651921539
3.41695462128    194.354594083
3.41742553564    196.123707138
3.41789657983    197.032503665
3.41836775388    196.853986533
3.41883905786    195.382103842
3.41931049181    192.679993252
3.4197820558    189.100295878
3.42025374988    184.938398766
3.4207255741    180.292978372
3.42119752851    175.092103816
3.42166961317    169.3104097
3.42214182813    163.118783948
3.42261417345    156.863445586
3.42308664918    151.045060934
3.42355925537    146.210177389
3.42403199208    142.724206767
3.42450485936    140.565406227
3.42497785727    139.418208315
3.42545098586    139.024084593
3.42592424518    139.382411307
3.4263976353    140.641943206
3.42687115625    142.837979355
3.42734480811    145.748373811
3.42781859091    148.935064835
3.42829250472    151.914166099
3.42876654959    154.22290254
3.42924072558    155.604707613
3.42971503273    156.07577287
3.43018947111    155.847576509
3.43066404076    155.100533852
3.43113874175    153.788845827
3.43161357413    151.78459766
3.43208853794    149.031892347
3.43256363326    145.73665106
3.43303886012    142.273892159
3.43351421859    139.125941833
3.43398970872    136.779719897
3.43446533056    135.537042101
3.43494108417    135.366240015
3.43541696961    135.979482133
3.43589298693    137.089254384
3.43636913618    138.608085254
3.43684541741    140.566352125
3.4373218307    142.99439896
3.43779837608    145.794613796
3.43827505361    148.869493141
3.43875186335    152.172781378
3.43922880536    155.755413199
3.43970587968    159.678489434
3.44018308638    163.911066659
3.44066042551    168.345610659
3.44113789712    172.80831649
3.44161550127    177.135782399
3.44209323801    181.190308672
3.44257110741    184.900684009
3.4430491095    188.277396071
3.44352724436    191.325821448
3.44400551203    193.903476184
3.44448391258    195.750803714
3.44496244605    196.679875252
3.4454411125    196.742396579
3.44591991198    196.13770829
3.44639884456    195.008923905
3.44687791029    193.285221952
3.44735710922    190.778823724
3.44783644141    187.434424069
3.44831590692    183.425636658
3.44879550579    179.063157732
3.44927523809    174.642090011
3.44975510387    170.35049747
3.45023510319    166.279714406
3.4507152361    162.39908573
3.45119550266    158.576447125
3.45167590293    154.603643877
3.45215643695    150.201711538
3.4526371048    145.13258034
3.45311790651    139.330879151
3.45359884215    132.979746577
3.45407991178    126.434455365
3.45456111544    120.115757441
3.4550424532    114.418606263
3.45552392512    109.580516345
3.45600553124    105.580518757
3.45648727163    102.210385716
3.45696914633    99.3177840754
3.45745115542    96.9326686856
3.45793329893    95.1810523348
3.45841557694    94.1129656683
3.45889798949    93.6166356684
3.45938053664    93.5298819315
3.45986321845    93.7866880869
3.46034603498    94.4625226473
3.46082898627    95.6529651071
3.4613120724    97.3323462942
3.4617952934    99.4296106977
3.46227864935    101.939362338
3.46276214029    105.01255548
3.46324576629    108.875604487
3.4637295274    113.573211161
3.46421342367    118.882953376
3.46469745517    124.345884169
3.46518162195    129.372626146
3.46566592406    133.359354626
3.46615036157    135.919361447
3.46663493452    137.114226661
3.46711964299    137.312333634
3.46760448701    136.871596217
3.46808946666    135.903163594
3.46857458199    134.362240616
3.46905983305    132.234232649
3.4695452199    129.67034252
3.4700307426    126.922048871
3.47051640121    124.300799112
3.47100219578    122.07753651
3.47148812637    120.412504846
3.47197419303    119.305236025
3.47246039583    118.609820524
3.47294673482    118.215609142
3.47343321006    118.107311815
3.47391982161    118.339809281
3.47440656952    118.937863276
3.47489345385    119.876125019
3.47538047465    121.214390496
3.47586763199    123.222613187
3.47635492593    126.325568384
3.47684235651    130.837496687
3.4773299238    136.637183547
3.47781762786    143.19856787
3.47830546874    149.796242196
3.4787934465    155.690622129
3.4792815612    160.292819948
3.47976981289    163.409149207
3.48025820163    165.295489861
3.48074672749    166.397108042
3.48123539052    167.034021694
3.48172419077    167.301404528
3.4822131283    167.1995676
3.48270220318    166.783664855
3.48319141546    166.16860187
3.48368076519    165.479120099
3.48417025244    164.814914045
3.48465987727    164.225764026
3.48514963972    163.736500683
3.48563953987    163.352017698
3.48612957776    163.117010229
3.48661975346    163.165665694
3.48711006703    163.696671386
3.48760051851    164.84385789
3.48809110798    166.561971786
3.48858183549    168.65674144
3.48907270109    170.889404288
3.48956370485    173.051264048
3.49005484682    175.013295975
3.49054612706    176.735960328
3.49103754563    178.254193003
3.4915291026    179.637614083
3.49202079801    180.940887564
3.49251263192    182.178954541
3.4930046044    183.346913161
3.4934967155    184.464641758
3.49398896529    185.522275512
3.49448135381    186.519865078
3.49497388113    187.412902789
3.49546654731    188.156932774
3.49595935241    188.722392105
3.49645229648    189.124271407
3.49694537959    189.352818745
3.49743860178    189.334022893
3.49793196313    188.919819707
3.49842546369    188.021605328
3.49891910352    186.699065092
3.49941288268    185.150089035
3.49990680122    183.641460057
3.50040085921    182.459401436
3.5008950567    181.815802629
3.50138939376    181.76446761
3.50188387045    182.152024859
3.50237848681    182.706957698
3.50287324292    183.113700435
3.50336813883    183.106313737
3.5038631746    182.522599791
3.50435835029    181.407366626
3.50485366596    179.938290208
3.50534912166    178.287925406
3.50584471747    176.564669641
3.50634045343    174.812854685
3.50683632961    173.032505115
3.50733234606    171.258057433
3.50782850285    169.54356816
3.50832480003    167.997076944
3.50882123767    166.765796526
3.50931781583    165.942757864
3.50981453456    165.478524143
3.51031139392    165.181393073
3.51080839397    164.76175431
3.51130553478    163.846941837
3.51180281641    162.133361658
3.5123002389    159.513846646
3.51279780233    156.160691697
3.51329550675    152.368479815
3.51379335222    148.367787657
3.51429133881    144.271413891
3.51478946657    140.143078222
3.51528773556    136.041534338
3.51578614584    132.128209514
3.51628469748    128.759986364
3.51678339053    126.498705887
3.51728222506    125.900683503
3.51778120111    127.115995763
3.51828031876    129.781577406
3.51877957807    133.300339503
3.51927897909    137.202819173
3.51977852188    141.254387023
3.52027820651    145.376836378
3.52077803303    149.521320276
3.52127800151    153.600030596
3.52177811201    157.403364786
3.52227836458    160.629346826
3.52277875929    162.961724106
3.5232792962    164.284339223
3.52377997536    164.758768486
3.52428079685    164.58048753
3.52478176072    163.764654757
3.52528286702    162.117171909
3.52578411583    159.502538349
3.5262855072    156.057751497
3.52678704119    152.201643211
3.52728871787    148.517827864
3.52779053729    145.652423739
3.52829249952    144.134228069
3.52879460462    144.093213848
3.52929685264    145.217401371
3.52979924365    146.96704605
3.53030177771    148.885504647
3.53080445488    150.686432905
3.53130727523    152.263242205
3.5318102388    153.640363897
3.53231334568    154.929442101
3.5328165959    156.246839003
3.53331998955    157.72816004
3.53382352667    159.441060451
3.53432720733    161.380500427
3.5348310316    163.464009016
3.53533499952    165.580178943
3.53583911117    167.622566745
3.53634336661    169.48968583
3.53684776589    171.123674395
3.53735230908    172.548895367
3.53785699624    173.78002161
3.53836182743    174.759257104
3.53886680272    175.327467789
3.53937192216    175.291909978
3.53987718582    174.595188475
3.54038259375    173.329537473
3.54088814603    171.591909386
3.54139384271    169.31038099
3.54189968385    166.249214795
3.54240566952    162.250048725
3.54291179978    157.414860572
3.54341807468    152.124861274
3.5439244943    146.895645757
3.5444310587    142.261475358
3.54493776793    138.645317697
3.54544462205    136.161762642
3.54595162114    134.569365232
3.54645876525    133.463480967
3.54696605445    132.483187955
3.54747348879    131.40733214
3.54798106834    130.139916377
3.54848879317    128.695513311
3.54899666332    127.199107278
3.54950467888    125.857137642
3.55001283989    124.947784664
3.55052114643    124.720126494
3.55102959855    125.259901851
3.55153819631    126.417825642
3.55204693979    127.953717139
3.55255582903    129.713919203
3.55306486411    131.635965215
3.55357404509    133.695771118
3.55408337203    135.845342687
3.55459284499    137.998451451
3.55510246403    139.992412118
3.55561222923    141.631241965
3.55612214063    142.74309315
3.55663219831    143.290173446
3.55714240233    143.406787738
3.55765275275    143.317867824
3.55816324963    143.224204874
3.55867389303    143.278607596
3.55918468303    143.53823444
3.55969561967    143.983818908
3.56020670304    144.500695189
3.56071793318    144.902784681
3.56122931016    144.956539099
3.56174083405    144.462046676
3.5622525049    143.343531218
3.56276432279    141.715870931
3.56327628778    139.731916242
3.56378839992    137.449112164
3.56430065928    134.834396397
3.56481306593    131.859503686
3.56532561993    128.605620819
3.56583832135    125.32030113
3.56635117023    122.42673382
3.56686416666    120.490219492
3.56737731069    120.023136858
3.56789060239    121.1524825
3.56840404182    123.539688506
3.56891762905    126.632925338
3.56943136413    129.985419076
3.56994524714    133.354947419
3.57045927813    136.637132788
3.57097345718    139.789368518
3.57148778434    142.754874492
3.57200225967    145.372664892
3.57251688325    147.358745412
3.57303165514    148.424712866
3.57354657539    148.49559401
3.57406164408    147.790018889
3.57457686127    146.65415049
3.57509222702    145.362782516
3.5756077414    144.067410572
3.57612340448    142.83896936
3.5766392163    141.682128083
3.57715517695    140.573196109
3.57767128649    139.469610706
3.57818754497    138.314689085
3.57870395247    137.07070162
3.57922050904    135.718843569
3.57973721476    134.296961721
3.58025406969    132.875884164
3.58077107388    131.578237057
3.58128822742    130.531219781
3.58180553035    129.819462324
3.58232298276    129.442674281
3.58284058469    129.353455958
3.58335833622    129.56568723
3.58387623741    130.210937329
3.58439428833    131.430036801
3.58491248903    133.25072054
3.5854308396    135.503117157
3.58594934008    137.942306335
3.58646799055    140.304844467
3.58698679107    142.383994428
3.5875057417    144.071930529
3.58802484252    145.392478465
3.58854409358    146.439876504
3.58906349495    147.280086058
3.58958304671    147.908593283
3.5901027489    148.273970741
3.5906226016    148.367065719
3.59114260487    148.211560513
3.59166275878    147.807670833
3.5921830634    147.029078076
3.59270351878    145.665276747
3.593224125    143.590314389
3.59374488212    140.856316186
3.59426579021    137.683865531
3.59478684932    134.293290549
3.59530805954    130.815775686
3.59582942092    127.288813858
3.59635093352    123.721800311
3.59687259742    120.110097364
3.59739441269    116.46776374
3.59791637937    112.794827706
3.59843849755    109.1006571
3.59896076729    105.408616683
3.59948318865    101.784050784
3.60000576171    98.3622196542
3.60052848652    95.4414949061
3.60105136315    93.497110586
3.60157439167    92.9711149286
3.60209757214    93.9648078311
3.60262090464    96.1693474904
3.60314438922    99.1551404605
3.60366802596    102.693328545
3.60419181492    106.792739493
3.60471575616    111.508730199
3.60523984976    116.738403872
3.60576409577    122.211538364
3.60628849428    127.546627806
3.60681304533    132.302179129
3.607337749    136.144098294
3.60786260536    138.975618348
3.60838761447    141.03448823
3.6089127764    142.683546194
3.60943809121    144.23879077
3.60996355898    145.890561012
3.61048917977    147.731553246
3.61101495364    149.738412982
3.61154088066    151.81826738
3.61206696091    153.781015144
3.61259319444    155.404341598
3.61311958133    156.470822922
3.61364612163    156.925373555
3.61417281543    156.865750504
3.61469966278    156.459021181
3.61522666375    155.756385535
3.61575381841    154.730348822
3.61628112683    153.339576149
3.61680858907    151.653730244
3.6173362052    149.830202532
3.61786397529    148.077021966
3.61839189941    146.629688809
3.61891997762    145.668018267
3.61944820999    145.228514442
3.61997659659    145.213810245
3.62050513749    145.503583519
3.62103383275    146.051446717
3.62156268244    146.91250263
3.62209168663    148.127961256
3.62262084538    149.637607309
3.62315015877    151.252306342
3.62367962687    152.681828061
3.62420924973    153.585636005
3.62473902743    153.669619315
3.62526896004    152.856274096
3.62579904762    151.325786518
3.62632929024    149.304119883
3.62685968797    146.892845787
3.62739024088    144.037155976
3.62792094903    140.696089719
3.6284518125    136.971125966
3.62898283135    133.15189375
3.62951400566    129.692944425
3.63004533548    127.190563368
3.63057682088    126.139403604
3.63110846195    126.64826832
3.63164025873    128.339800752
3.63217221131    130.6170602
3.63270431975    132.947958874
3.63323658412    134.984279955
3.63376900449    136.547667949
3.63430158092    137.656851879
3.63483431349    138.426658952
3.63536720226    138.971782568
3.63590024731    139.333590186
3.63643344869    139.516815808
3.63696680649    139.544475697
3.63750032076    139.494403526
3.63803399158    139.517448583
3.63856781902    139.805392007
3.63910180315    140.581754998
3.63963594402    141.964799985
3.64017024173    143.890099476
3.64070469632    146.183804409
3.64123930788    148.68595241
3.64177407646    151.323403644
3.64230900215    154.086920995
3.64284408501    156.953607225
3.6433793251    159.850478812
3.6439147225    162.599887968
3.64445027728    164.924229387
3.64498598951    166.482499803
3.64552185925    167.088809806
3.64605788658    166.807684461
3.64659407156    165.890028558
3.64713041427    164.531896183
3.64766691477    162.742766516
3.64820357314    160.45940883
3.64874038944    157.677718133
3.64927736374    154.51620052
3.64981449612    151.125001303
3.65035178664    147.604167233
3.65088923537    143.976499154
3.65142684239    140.251163998
3.65196460775    136.473592579
3.65250253154    132.729958745
3.65304061382    129.178841549
3.65357885467    126.042056999
3.65411725415    123.504927884
3.65465581233    121.621256568
3.65519452928    120.308993158
3.65573340508    119.558583205
3.65627243979    119.600235187
3.65681163348    120.822165994
3.65735098623    123.449379422
3.6578904981    127.281768042
3.65843016917    131.753477358
3.6589699995    136.127674927
3.65950998917    139.672913728
3.66005013825    141.857238892
3.6605904468    142.569030318
3.6611309149    142.143451716
3.66167154262    141.050581688
3.66221233003    139.597621034
3.6627532772    137.884057461
3.6632943842    135.941666419
3.6638356511    133.81570116
3.66437707797    131.632427112
3.66491866489    129.56298374
3.66546041192    127.827819116
3.66600231914    126.597624048
3.66654438661    125.925931094
3.66708661441    125.731299539
3.66762900261    125.945871536
3.66817155128    126.668159275
3.66871426049    128.095404039
3.66925713031    130.343763036
3.66980016082    133.250854588
3.67034335208    136.403103746
3.67088670417    139.167528591
3.67143021715    140.813196562
3.67197389111    140.753561761
3.6725177261    138.900464995
3.67306172221    135.685806807
3.6736058795    131.733663305
3.67415019805    127.537459362
3.67469467793    123.352681583
3.6752393192    119.277817011
3.67578412194    115.35752645
3.67632908623    111.663265022
3.67687421214    108.405067703
3.67741949972    105.94028812
3.67796494907    104.594562815
3.67851056025    104.420526097
3.67905633333    105.16247272
3.67960226838    106.484603501
3.68014836549    108.221192091
3.68069462471    110.367405286
3.68124104612    112.945189873
3.68178762979    115.856015337
3.6823343758    118.845373983
3.68288128422    121.511929823
3.68342835512    123.374594306
3.68397558857    124.033056522
3.68452298464    123.426025579
3.68507054342    121.839634453
3.68561826496    119.693232793
3.68616614934    117.27215678
3.68671419665    114.692331897
3.68726240694    112.007275821
3.68781078029    109.31935481
3.68835931677    106.859726415
3.68890801646    105.108133445
3.68945687943    104.756994202
3.69000590575    106.404634386
3.6905550955    110.106989375
3.69110444874    115.325146556
3.69165396556    121.263467632
3.69220364602    127.251469465
3.69275349019    132.845636321
3.69330349816    137.860115739
3.69385366999    142.30428773
3.69440400576    146.253982499
3.69495450553    149.647628392
3.69550516939    152.237747645
3.69605599741    153.74617122
3.69660698966    154.147312458
3.69715814621    153.685488235
3.69770946714    152.662221753
3.69826095252    151.206238628
3.69881260242    149.28256515
3.69936441692    146.865107083
3.6999163961    144.051493461
3.70046854001    141.120301288
3.70102084875    138.451318854
3.70157332238    136.507738516
3.70212596098    135.633068439
3.70267876462    135.861639899
3.70323173337    136.888199812
3.70378486731    138.271202071
3.70433816651    139.618103668
3.70489163105    140.660189941
3.705445261    141.283220239
3.70599905644    141.522794115
3.70655301743    141.484896416
3.70710714406    141.248983785
3.7076614364    140.819632773
3.70821589452    140.157437178
3.70877051849    139.280191318
3.7093253084    138.245226179
3.70988026431    137.136165947
3.7104353863    136.001395908
3.71099067444    134.871677885
3.71154612882    133.742617584
3.7121017495    132.609826665
3.71265753655    131.464534004
3.71321349006    130.306751741
3.7137696101    129.127721883
3.71432589674    127.936230784
3.71488235006    126.745436149
3.71543897013    125.607906457
3.71599575703    124.633078598
3.71655271083    124.02657689
3.71710983161    124.011285182
3.71766711944    124.709184937
3.71822457439    126.001532899
3.71878219656    127.629796808
3.719339986    129.278924763
3.71989794279    130.682314309
3.72045606701    131.665430362
3.72101435874    132.215547906
3.72157281805    132.437846881
3.72213144501    132.507220752
3.7226902397    132.576535075
3.7232492022    132.733036602
3.72380833258    133.015896493
3.72436763092    133.411921203
3.72492709729    133.868707695
3.72548673177    134.307773424
3.72604653443    134.65072966
3.72660650536    134.841054485
3.72716664462    134.861472589
3.72772695229    134.738248534
3.72828742845    134.488914166
3.72884807318    134.109233726
3.72940888655    133.555845626
3.72996986863    132.815866619
3.7305310195    131.950300272
3.73109233925    131.085236732
3.73165382794    130.437811445
3.73221548565    130.268313291
3.73277731246    130.775955355
3.73333930844    131.947109535
3.73390147367    133.551289827
3.73446380823    135.189175381
3.73502631219    136.414242988
3.73558898563    136.828176148
3.73615182863    136.241088222
3.73671484127    134.783812163
3.73727802361    132.803507926
3.73784137574    130.655573098
3.73840489773    128.630072664
3.73896858966    126.921554941
3.73953245161    125.611898069
3.74009648366    124.709388269
3.74066068587    124.261197632
3.74122505833    124.448377683
3.74178960112    125.50791005
3.74235431431    127.512410035
3.74291919798    130.227924128
3.74348425221    133.213645982
3.74404947707    135.947334606
3.74461487264    137.91600534
3.745180439    138.788371989
3.74574617623    138.582667603
3.7463120844    137.627337613
3.74687816359    136.345196103
3.74744441388    135.08964778
3.74801083534    134.0802187
3.74857742806    133.415668888
3.74914419211    133.082778637
3.74971112757    133.038238092
3.75027823452    133.341980863
3.75084551303    134.152731759
3.75141296318    135.637616658
3.75198058506    137.778840574
3.75254837873    140.382554742
3.75311634428    143.17357413
3.75368448178    145.889922848
3.75425279132    148.364333948
3.75482127296    150.506951229
3.7553899268    152.343802792
3.7559587529    153.948039686
3.75652775135    155.345584656
3.75709692222    156.493784095
3.75766626559    157.332904553
3.75823578155    157.867508571
3.75880547016    158.153514912
3.75937533151    158.225380799
3.75994536568    158.040524747
3.76051557274    157.500825238
3.76108595277    156.555304826
3.76165650586    155.285533893
3.76222723208    153.837069994
3.76279813151    152.359565715
3.76336920423    150.976873177
3.76394045031    149.748666217
3.76451186984    148.66200278
3.7650834629    147.652765367
3.76565522956    146.59720931
3.7662271699    145.350423086
3.76679928401    143.763409598
3.76737157196    141.776828659
3.76794403383    139.459196617
3.7685166697    136.942819409
3.76908947965    134.376869976
3.76966246376    131.863528279
3.77023562211    129.462308016
3.77080895478    127.202878524
3.77138246185    125.10637008
3.77195614339    123.270394243
3.77252999949    121.902921223
3.77310403023    121.262640873
3.77367823568    121.45080704
3.77425261593    122.343551579
3.77482717105    123.638910594
3.77540190113    125.048015723
3.77597680625    126.35021148
3.77655188648    127.435353005
3.77712714191    128.278205632
3.77770257261    128.925602365
3.77827817867    129.432792323
3.77885396017    129.791433436
3.77942991718    129.963558775
3.78000604979    129.94087394
3.78058235808    129.770098748
3.78115884212    129.56557171
3.781735502    129.479547846
3.7823123378    129.689460106
3.7828893496    130.309136289
3.78346653748    131.317078408
3.78404390152    132.548222025
3.78462144179    133.740597575
3.78519915839    134.586127769
3.7857770514    134.815085961
3.78635512088    134.314146504
3.78693336693    133.223134105
3.78751178962    131.837679695
3.78809038904    130.482553062
3.78866916526    129.452636356
3.78924811837    128.928735546
3.78982724845    128.906176645
3.79040655559    129.24138949
3.79098603985    129.744693301
3.79156570132    130.26449753
3.79214554009    130.704065253
3.79272555623    131.029838289
3.79330574983    131.241920865
3.79388612097    131.365625643
3.79446666972    131.409433603
3.79504739618    131.352424126
3.79562830042    131.190492344
3.79620938252    130.948911804
3.79679064257    130.686485892
3.79737208065    130.503882678
3.79795369684    130.539378682
3.79853549121    130.918507764
3.79911746386    131.695422191
3.79969961487    132.785984481
3.80028194431    134.02660219
3.80086445227    135.220394812
3.80144713884    136.18746183
3.80203000408    136.810875089
3.8026130481    137.078403843
3.80319627096    137.057269406
3.80377967275    136.806251158
3.80436325355    136.275421038
3.80494701345    135.381496363
3.80553095252    134.074702751
3.80611507086    132.409688726
3.80669936854    130.482767669
3.80728384564    128.331728324
3.80786850225    125.915072403
3.80845333845    123.187182276
3.80903835432    120.1775224
3.80962354995    117.003023272
3.81020892542    113.817961342
3.81079448081    110.805573126
3.81138021621    108.098914709
3.81196613169    105.755968263
3.81255222734    103.743116793
3.81313850325    101.993511452
3.8137249595    100.527698779
3.81431159616    99.4618011457
3.81489841333    98.8951760388
3.81548541108    98.7982853713
3.81607258951    99.0170457729
3.81665994869    99.3352916107
3.81724748871    99.5744746505
3.81783520964    99.5977551798
3.81842311159    99.3597088965
3.81901119462    98.9061867851
3.81959945882    98.3451588631
3.82018790427    97.792749954
3.82077653107    97.3483720853
3.82136533929    97.0616200718
3.82195432901    96.9323483586
3.82254350033    96.9024701594
3.82313285332    96.8808712453
3.82372238807    96.7724137216
3.82431210466    96.5068857731
3.82490200318    96.04309742
3.82549208371    95.4060256726
3.82608234634    94.6330101047
3.82667279115    93.7117880874
3.82726341822    92.5970836222
3.82785422764    91.2478046427
3.82844521949    89.6847985238
3.82903639386    88.0113795869
3.82962775083    86.3595980558
3.83021929049    84.8819518801
3.83081101292    83.70602528
3.83140291821    82.8809738646
3.83199500643    82.3446989464
3.83258727769    81.9857742187
3.83317973205    81.7052580407
3.83377236961    81.4537049488
3.83436519045    81.2105219693
3.83495819466    80.955142011
3.83555138231    80.6752446042
3.8361447535    80.3297589656
3.83673830832    79.857124806
3.83733204683    79.1999647562
3.83792596914    78.3420283051
3.83852007533    77.3532747222
3.83911436548    76.3487099837
3.83970883968    75.5211309309
3.84030349801    75.0671957056
3.84089834056    75.1218307952
3.84149336741    75.6599762483
3.84208857866    76.545993131
3.84268397437    77.6321238446
3.84327955466    78.8281116017
3.84387531958    80.1215750238
3.84447126925    81.5042398541
3.84506740373    82.9473903347
3.84566372311    84.4019011293
3.84626022749    85.8105323255
3.84685691695    87.103855084
3.84745379157    88.2452094326
3.84805085143    89.2388198743
3.84864809664    90.0970715581
3.84924552726    90.8119275115
3.8498431434    91.2978372194
3.85044094513    91.4530408752
3.85103893254    91.2248374967
3.85163710572    90.6747295086
3.85223546476    89.9048945262
3.85283400973    88.9847928758
3.85343274074    87.9145649598
3.85403165786    86.6943511369
3.85463076118    85.3405717221
3.85523005078    83.9225212623
3.85582952677    82.513474957
3.85642918921    81.1988167146
3.85702903821    80.0516282088
3.85762907384    79.1042637723
3.85822929619    78.3484121402
3.85882970536    77.8123237263
3.85943030142    77.6216508127
3.86003108447    77.9992974261
3.86063205459    79.0948566675
3.86123321187    80.8670962103
3.8618345564    83.1045305328
3.86243608826    85.5716147335
3.86303780755    88.1141443683
3.86363971434    90.6550772922
3.86424180873    93.1741648746
3.86484409081    95.6511835129
3.86544656066    98.0416510899
3.86604921837    100.240450979
3.86665206403    102.118328476
3.86725509773    103.574495106
3.86785831955    104.621471571
3.86846172959    105.348541669
3.86906532792    105.788322073
3.86966911464    105.868389264
3.87027308985    105.463926463
3.87087725361    104.535027626
3.87148160603    103.191120732
3.8720861472    101.642332984
3.87269087719    100.090465435
3.8732957961    98.6967576646
3.87390090402    97.5376254531
3.87450620104    96.6007645957
3.87511168724    95.793343161
3.87571736271    94.9864122537
3.87632322755    94.0431349392
3.87692928184    92.8550087185
3.87753552567    91.3981311048
3.87814195912    89.7250258998
3.8787485823    87.9685427221
3.87935539528    86.2653833302
3.87996239816    84.7480619815
3.88056959102    83.4927051573
3.88117697396    82.5070965913
3.88178454706    81.758877458
3.88239231042    81.2718972428
3.88300026412    81.1702451619
3.88360840824    81.6019119128
3.88421674289    82.6104877264
3.88482526816    84.0551841966
3.88543398412    85.679222779
3.88604289087    87.1981137453
3.8866519885    88.3557475049
3.8872612771    89.004389277
3.88787075676    89.1605200675
3.88848042757    88.9445878105
3.88909028962    88.4409048702
3.889700343    87.6337543326
3.8903105878    86.4355162667
3.89092102411    84.8345755171
3.89153165202    82.9271490751
3.89214247161    80.9011483313
3.89275348299    78.9602121239
3.89336468624    77.2917659884
3.89397608144    76.0032355727
3.8945876687    75.0783155945
3.89519944811    74.4329645446
3.89581141974    74.0191057885
3.8964235837    73.8683873101
3.89703594007    74.0681635986
3.89764848894    74.6499499085
3.89826123041    75.5696121332
3.89887416457    76.7671585029
3.8994872915    78.2980035243
3.9001006113    80.3009813829
3.90071412406    82.8710323507
3.90132782987    85.9321297374
3.90194172882    89.2534365269
3.902555821    92.5091093657
3.90317010651    95.3538671456
3.90378458543    97.5182598256
3.90439925786    98.9235898503
3.90501412388    99.725235356
3.90562918359    100.165596946
3.90624443709    100.419396181
3.90685988446    100.546238307
3.90747552579    100.558125499
3.90809136117    100.44724713
3.90870739071    100.217677743
3.90932361448    99.8260030347
3.90994003258    99.1813953424
3.91055664511    98.1812779271
3.91117345215    96.8101749503
3.9117904538    95.159332734
3.91240765015    93.3633411989
3.91302504129    91.5487213639
3.91364262731    89.7984047225
3.91426040831    88.1399596675
3.91487838438    86.5693543788
3.9154965556    85.0628394915
3.91611492208    83.584865848
3.91673348391    82.1156969739
3.91735224118    80.6395623318
3.91797119397    79.1485900329
3.91859034239    77.6388566795
3.91920968652    76.0867584375
3.91982922647    74.464785912
3.92044896231    72.7257915664
3.92106889416    70.8580874916
3.92168902208    68.8932527881
3.92230934619    66.9375120556
3.92292986658    65.1598280114
3.92355058333    63.8114443768
3.92417149654    63.1040160117
3.92479260631    63.0958222662
3.92541391272    63.6566884153
3.92603541587    64.597753509
3.92665711586    65.8480588886
3.92727901277    67.4425975715
3.92790110671    69.4241577323
3.92852339776    71.7375137722
3.92914588601    74.237415705
3.92976857158    76.7357224871
3.93039145453    79.0562755538
3.93101453498    81.0661866403
3.93163781301    82.7305410998
3.93226128872    84.1005085631
3.9328849622    85.2350135625
3.93350883354    86.1069203697
3.93413290285    86.6109841596
3.93475717021    86.6694350921
3.93538163571    86.3178396512
3.93600629947    85.6619826683
3.93663116156    84.7762963238
3.93725622208    83.6453961356
3.93788148112    82.2110191912
3.93850693879    80.4617599671
3.93913259518    78.4914536818
3.93975845037    76.444466153
3.94038450447    74.4922432646
3.94101075757    72.7826511739
3.94163720977    71.3971989101
3.94226386115    70.3472514224
3.94289071182    69.6247092537
3.94351776187    69.3653630052
3.94414501139    69.8564378041
3.94477246049    71.4003377862
3.94540010925    74.0426768763
3.94602795777    77.4755949978
3.94665600615    81.1858530722
3.94728425448    84.6104091665
3.94791270286    87.283937045
3.94854135138    88.9666708365
3.94917020013    89.7293509028
3.94979924923    89.8519468385
3.95042849875    89.5753225618
3.9510579488    88.9579663496
3.95168759946    87.9808410849
3.95231745085    86.648162619
3.95294750305    85.0608938085
3.95357775616    83.3895088067
3.95420821028    81.8274703459
3.95483886549    80.5331968984
3.95546972191    79.5837361235
3.95610077962    78.9633030367
3.95673203872    78.5634277811
3.9573634993    78.3028081466
3.95799516147    78.1427090068
3.95862702533    78.0868932794
3.95925909095    78.1275452763
3.95989135845    78.2375772023
3.96052382793    78.3822246266
3.96115649946    78.5229135356
3.96178937317    78.6480893312
3.96242244913    78.7346569504
3.96305572745    78.7980547203
3.96368920822    78.8421542293
3.96432289155    78.8900614531
3.96495677752    78.9494660182
3.96559086625    79.0395842873
3.96622515781    79.1565422581
3.96685965232    79.28494227
3.96749434986    79.3863557326
3.96812925054    79.3916783754
3.96876435446    79.2318950227
3.9693996617    78.8687833257
3.97003517237    78.3332335781
3.97067088657    77.6982882917
3.97130680439    77.0675718759
3.97194292594    76.5215774769
3.9725792513    76.1330304754
3.97321578059    75.9132723262
3.97385251388    75.8429929807
3.9744894513    75.9067363265
3.97512659292    76.1502976681
3.97576393886    76.6500200206
3.9764014892    77.447727332
3.97703924405    78.5048991121
3.9776772035    79.7257323639
3.97831536766    81.0107254131
3.97895373662    82.2796030297
3.97959231049    83.5018322212
3.98023108935    84.6621887624
3.98087007331    85.7759953054
3.98150926247    86.8547406503
3.98214865692    87.8946446365
3.98278825677    88.8843068134
3.98342806211    89.8199643443
3.98406807305    90.6940489326
3.98470828967    91.4837678059
3.98534871209    92.1092455963
3.9859893404    92.44122945
3.9866301747    92.3506330685
3.98727121509    91.8226488122
3.98791246167    90.9565645609
3.98855391453    89.8933549704
3.98919557378    88.7168125688
3.98983743952    87.4612373788
3.99047951185    86.1267058299
3.99112179086    84.7094984472
3.99176427666    83.1831292512
3.99240696935    81.4490611018
3.99304986902    79.3481995864
3.99369297578    76.721655624
3.99433628973    73.5547766324
3.99497981096    70.0072280907
3.99562353958    66.3218027424
3.99626747569    62.7371946239
3.99691161938    59.4539356598
3.99755597076    56.5701253745
3.99820052993    54.0702471442
3.99884529699    51.9047678967
3.99949027204    50.107390175
4.00013545518    48.8402698917
4.00078084651    48.2577972175
4.00142644613    48.3630867732
4.00207225414    48.9629140473
4.00271827064    49.7925883177
4.00336449574    50.6292654715
4.00401092954    51.3258301864
4.00465757213    51.8258554622
4.00530442362    52.1408403303
4.00595148411    52.3237208468
4.0065987537    52.4198306127
4.00724623249    52.440551627
4.00789392058    52.3897215077
4.00854181808    52.2824636556
4.00918992508    52.1790290837
4.00983824169    52.1922460836
4.01048676802    52.4911946274
4.01113550415    53.2710462772
4.01178445019    54.6215116283
4.01243360625    56.4556442383
4.01308297243    58.5777149455
4.01373254882    60.7697247419
4.01438233554    62.858987199
4.01503233268    64.7405636608
4.01568254035    66.3771540268
4.01633295864    67.7877396848
4.01698358766    68.957548646
4.01763442752    69.7856593931
4.01828547831    70.1263382907
4.01893674014    69.9051777262
4.0195882131    69.2200376862
4.02023989732    68.2734170653
4.02089179287    67.3049569222
4.02154389988    66.494160328
4.02219621843    65.9642281538
4.02284874864    65.7298342026
4.02350149061    65.7197155996
4.02415444444    65.8552328634
4.02480761023    66.0877131944
4.02546098809    66.4207942854
4.02611457812    66.850647066
4.02676838042    67.3510707439
4.0274223951    67.8660720355
4.02807662226    68.3285489103
4.028731062    68.6565833829
4.02938571444    68.801885685
4.03004057966    68.7683571124
4.03069565778    68.6268944889
4.03135094889    68.4780709535
4.03200645311    68.4260486367
4.03266217054    68.5674168492
4.03331810128    68.9428782121
4.03397424543    69.5001778564
4.0346306031    70.1165436512
4.03528717439    70.6247980532
4.03594395941    70.8319927065
4.03660095827    70.5936786083
4.03725817106    69.8991605195
4.03791559789    68.8527344373
4.03857323887    67.5808069126
4.03923109409    66.1429037602
4.03988916368    64.5428925745
4.04054744772    62.7846368531
4.04120594632    60.9164298014
4.0418646596    59.0790439844
4.04252358765    57.4870785522
4.04318273058    56.4103417535
4.04384208849    56.0628189921
4.0445016615    56.4364032599
4.0451614497    57.3197364212
4.0458214532    58.409373828
4.0464816721    59.4391989481
4.04714210652    60.2246674715
4.04780275655    60.6811289355
4.04846362231    60.827353082
4.04912470389    60.7005283181
4.04978600141    60.2714237445
4.05044751497    59.4076392404
4.05110924467    58.0027407838
4.05177119063    56.0830447066
4.05243335294    53.8626361339
4.05309573172    51.6583948303
4.05375832706    49.841986562
4.05442113908    48.7367663948
4.05508416789    48.4744310216
4.05574741358    48.9365094735
4.05641087627    49.8687028393
4.05707455606    51.072153723
4.05773845306    52.4694666919
4.05840256737    54.0531081195
4.05906689911    55.8045421296
4.05973144837    57.6465501632
4.06039621527    59.4579994497
4.06106119991    61.0885806604
4.0617264024    62.3918474431
4.06239182284    63.3094907558
4.06305746135    63.8711943341
4.06372331803    64.1615332177
4.06438939299    64.1880954229
4.06505568633    63.8779485373
4.06572219817    63.1582564315
4.06638892861    62.0733078492
4.06705587775    60.7806697819
4.06772304571    59.5400367043
4.06839043259    58.6436445355
4.0690580385    58.350474176
4.06972586355    58.7512118011
4.07039390785    59.7101248262
4.07106217151    60.9092188209
4.07173065462    61.9762026247
4.07239935731    62.5538590928
4.07306827967    62.420313248
4.07373742182    61.5871976517
4.07440678387    60.2810552559
4.07507636592    58.8009642582
4.07574616809    57.4201274509
4.07641619047    56.316768688
4.07708643319    55.5633754986
4.07775689634    55.1050505934
4.07842758004    54.8651556182
4.0790984844    54.788958529
4.07976960952    54.912630405
4.08044095551    55.2686620808
4.08111252249    55.8568240936
4.08178431056    56.6297018484
4.08245631983    57.5544566152
4.08312855041    58.6527015069
4.08380100241    59.9786553426
4.08447367594    61.5465922974
4.08514657111    63.2837990779
4.08581968803    65.0307183848
4.0864930268    66.5447142265
4.08716658755    67.5653691302
4.08784037037    67.9086063815
4.08851437537    67.5968020586
4.08918860268    66.8258952337
4.08986305239    65.8204901846
4.09053772462    64.7362267006
4.09121261948    63.6237644772
4.09188773707    62.4867435629
4.09256307751    61.3143571674
4.09323864091    60.0849847261
4.09391442738    58.7553852737
4.09459043703    57.2679470544
4.09526666997    55.5723462006
4.0959431263    53.6940216988
4.09661980615    51.7016203091
4.09729670962    49.6853109372
4.09797383683    47.7279422062
4.09865118787    45.8906535029
4.09932876288    44.1949185411
4.10000656194    42.6082209694
4.10068458519    41.0837018217
4.10136283272    39.5637791821
4.10204130466    38.0089166032
4.1027200011    36.4083710483
4.10339892216    34.774040835
4.10407806796    33.1774077954
4.10475743861    31.7648714449
4.10543703421    30.7655191853
4.10611685488    30.4067003759
4.10679690074    30.7666614201
4.10747717188    31.7149339318
4.10815766843    33.0187423394
4.1088383905    34.4878864263
4.10951933819    36.0301741965
4.11020051163    37.6075883501
4.11088191092    39.1982646206
4.11156353617    40.7556844779
4.1122453875    42.179750628
4.11292746503    43.3240243128
4.11360976885    44.0243933519
4.11429229909    44.2348562806
4.11497505586    44.0416122205
4.11565803928    43.5842984499
4.11634124944    42.9666782071
4.11702468648    42.2174528997
4.11770835049    41.3296213793
4.11839224159    40.3318448692
4.11907635991    39.284825358
4.11976070554    38.2919402994
4.1204452786    37.4778010891
4.12113007922    36.9632927029
4.12181510749    36.7801521189
4.12250036353    36.8604415811
4.12318584746    37.0580563721
4.12387155939    37.1950828307
4.12455749944    37.115171989
4.12524366772    36.7261475648
4.12593006433    36.028318116
4.12661668941    35.1178745879
4.12730354305    34.1128902897
4.12799062538    33.1014717686
4.1286779365    32.1357760936
4.12936547654    31.2405838695
4.13005324561    30.4378055704
4.13074124382    29.7985864023
4.13142947128    29.4984928335
4.13211792812    29.78227573
4.13280661444    30.8132799988
4.13349553036    32.5309429156
4.134184676    34.667087994
4.13487405147    36.8700678826
4.13556365688    38.8060299738
4.13625349235    40.2246314493
4.136943558    41.045118925
4.13763385394    41.3811242478
4.13832438028    41.4591253036
4.13901513715    41.4805879601
4.13970612465    41.5867201171
4.1403973429    41.8656271037
4.14108879202    42.331241735
4.14178047213    42.9481238873
4.14247238333    43.687929612
4.14316452575    44.5293976635
4.14385689951    45.4653825738
4.1445495047    46.4711451334
4.14524234146    47.4727084796
4.1459354099    48.3434212623
4.14662871014    48.8548086945
4.14732224229    48.7435431688
4.14801600646    47.8450600194
4.14871000278    46.2409595385
4.14940423137    44.1883491967
4.15009869232    41.9966594152
4.15079338578    39.9011983019
4.15148831184    38.0527479269
4.15218347064    36.5036751309
4.15287886227    35.2116031021
4.15357448687    34.1552426665
4.15427034455    33.3939271177
4.15496643543    33.0667764522
4.15566275962    33.2728036797
4.15635931724    33.9666658
4.15705610841    34.9917994029
4.15775313324    36.1960480666
4.15845039186    37.4953022837
4.15914788437    38.8880673707
4.15984561091    40.3672594219
4.16054357158    41.9292967878
4.16124176651    43.5566339962
4.16194019581    45.2457130817
4.1626388596    46.992980974
4.163337758    48.7844229884
4.16403689112    50.5607035068
4.16473625909    52.2137553622
4.16543586203    53.5345823189
4.16613570004    54.206460359
4.16683577325    53.9479217045
4.16753608179    52.7076763047
4.16823662576    50.7338400675
4.16893740529    48.4064156867
4.16963842049    46.0770695772
4.17033967148    43.985726833
4.17104115839    42.2468553745
4.17174288133    40.8392516267
4.17244484042    39.668794492
4.17314703579    38.6414886724
4.17384946754    37.7224776824
4.1745521358    36.9081821353
4.17525504069    36.1984972819
4.17595818232    35.5829139669
4.17666156083    35.0648045121
4.17736517632    34.6856558754
4.17806902892    34.5326276805
4.17877311875    34.6588235589
4.17947744592    35.0556527275
4.18018201056    35.6667764867
4.18088681279    36.481599437
4.18159185272    37.5587084829
4.18229713048    38.9808126467
4.18300264619    40.7475622759
4.18370839997    42.7549595224
4.18441439194    44.8128018492
4.18512062222    46.6862593794
4.18582709093    48.1546248937
4.18653379818    49.09409771
4.18724074411    49.5362544819
4.18794792884    49.6333089346
4.18865535247    49.5510561439
4.18936301514    49.3930466542
4.19007091697    49.217913218
4.19077905808    49.0532193897
4.19148743858    48.898955033
4.1921960586    48.744786564
4.19290491827    48.5494363043
4.1936140177    48.2648048214
4.19432335701    47.8737958298
4.19503293633    47.3902625634
4.19574275578    46.8692614554
4.19645281547    46.400114663
4.19716311555    46.0891877259
4.19787365611    46.0118165702
4.19858443729    46.1780560153
4.19929545921    46.4813489329
4.20000672199    46.6918673898
4.20071822576    46.3607655163
4.20142997063    44.6629611218
4.20214195673    40.6580508617
4.20285418418    34.4031577083
4.2035666531    28.1925397401
4.20427936362    25.8052345003
4.20499231586    29.4118298381
4.20570550995    37.1224151801
4.20641894599    44.034165699
4.20713262413    45.9427625094
4.20784654448    42.4092899923
4.20856070717    36.8501356097
4.20927511231    33.8211270904
4.20998976004    35.3613984986
4.21070465047    39.1012574951
4.21141978374    40.4859266696
4.21213515995    37.3636509749
4.21285077925    32.1054010732
4.21356664174    28.9904641599
4.21428274756    29.8253924532
4.21499909683    32.7071580111
4.21571568967    34.5712582441
4.21643252621    33.9914493871
4.21714960657    31.6016724192
4.21786693088    28.588399794
4.21858449926    25.5268802991
4.21930231183    23.0224927315
4.22002036873    23.0000569955
4.22073867007    27.6434948668
4.22145721598    36.021294826
4.22217600658    43.315998133
4.222895042    45.2070595441
4.22361432237    42.3745999641
4.22433384781    39.1882368278
4.22505361844    38.856445988
4.2257736344    41.0782986463
4.2264938958    43.4712832116
4.22721440277    44.4548033814
4.22793515544    44.8591453123
4.22865615393    45.9970735816
4.22937739837    46.6744377246
4.23009888888    44.4144746364
4.2308206256    39.7100621901
4.23154260864    36.4374405632
4.23226483814    37.1137348754
4.23298731421    39.7909196702
4.23371003699    40.7017624274
4.2344330066    38.6912456623
4.23515622317    36.1325379923
4.23587968682    35.6921601833
4.23660339768    36.9130991454
4.23732735589    37.0520496879
4.23805156155    35.2919609195
4.23877601481    34.4990419774
4.23950071579    37.5019385966
4.24022566461    43.2204508719
4.24095086141    48.1112796932
4.2416763063    49.8594328446
4.24240199943    48.4076528093
4.2431279409    45.3815521057
4.24385413086    43.1566492104
4.24458056944    43.0042593666
4.24530725674    43.8954994865
4.24603419292    43.6087753401
4.24676137809    41.1225967239
4.24748881237    37.9643681991
4.24821649591    36.6881049088
4.24894442883    37.7005340678
4.24967261125    38.9332653795
4.2504010433    39.0839432524
4.25112972512    39.1542013962
4.25185865683    40.3215906049
4.25258783856    42.6083897686
4.25331727044    45.6925389468
4.25404695259    48.7478316979
4.25477688515    50.0673042351
4.25550706824    48.7878511303
4.256237502    46.1038849248
4.25696818655    43.3149670813
4.25769912202    40.1810216713
4.25843030854    36.2955641056
4.25916174625    32.7804664039
4.25989343526    31.2609291664
4.26062537571    31.5516745323
4.26135756773    32.0690000783
4.26209001145    32.3958763906
4.262822707    33.4553245701
4.26355565451    35.4165859697
4.26428885411    37.5427731868
4.26502230592    39.6442202354
4.26575601009    41.9801707672
4.26648996673    44.4141722152
4.26722417598    46.4977828048
4.26795863798    47.5873041282
4.26869335284    46.4458691088
4.2694283207    42.11699322
4.2701635417    35.9703521097
4.27089901596    31.499190214
4.27163474361    31.4783980552
4.27237072478    35.5422575692
4.27310695961    40.6038345258
4.27384344823    43.6986393766
4.27458019077    44.3819057339
4.27531718735    43.9861313746
4.27605443812    43.5244753373
4.27679194319    43.0631298657
4.27752970272    42.2120990182
4.27826771681    40.7999829081
4.27900598562    39.1642454111
4.27974450926    37.2952139074
4.28048328787    34.3944120448
4.28122232159    30.3932932049
4.28196161054    26.9678304975
4.28270115486    25.7656364101
4.28344095468    26.5764360412
4.28418101013    28.2304679247
4.28492132135    30.1405867712
4.28566188846    31.8037584249
4.28640271161    31.918167747
4.28714379091    29.6227179476
4.28788512652    25.9546614193
4.28862671855    22.9898026217
4.28936856714    21.9149457174
4.29011067243    22.3124908427
4.29085303455    23.0694157835
4.29159565362    23.6130472076
4.2923385298    24.0414183684
4.2930816632    24.546267409
4.29382505396    25.3298916586
4.29456870222    26.6156203366
4.29531260811    28.1079348781
4.29605677177    28.7417232883
4.29680119332    27.5250820123
4.2975458729    24.4854744986
4.29829081065    20.4538982484
4.2990360067    16.2726343571
4.29978146118    12.6202318355
4.30052717424    10.191301469
4.30127314599    9.45950884038
4.30201937659    10.2276909055
4.30276586615    11.6763815233
4.30351261483    13.0414537589
4.30425962275    14.1232292563
4.30500689004    15.0694896645
4.30575441685    16.0359663768
4.30650220331    17.2117601156
4.30725024955    18.6390269431
4.30799855571    19.9118254586
4.30874712192    20.7179376675
4.30949594832    21.5059024927
4.31024503505    22.7558611124
4.31099438224    23.926201621
4.31174399003    24.090607151
4.31249385855    23.3870217819
4.31324398794    22.9992244018
4.31399437833    23.7203922232
4.31474502987    25.2625448661
4.31549594268    26.766602524
4.31624711691    27.3000217174
4.31699855269    26.3929812266
4.31775025015    24.5727996019
4.31850220945    22.8699670304
4.3192544307    21.8412524408
4.32000691405    21.5199759429
4.32075965963    21.8487121185
4.32151266759    22.712475842
4.32226593806    23.9397948635
4.32301947117    25.2157626019
4.32377326707    25.769491169
4.32452732589    24.9388463446
4.32528164777    23.3594885413
4.32603623284    22.417157108
4.32679108125    22.3091991912
4.32754619313    21.9271624873
4.32830156862    20.5957205042
4.32905720786    18.8489416174
4.32981311099    17.7094902138
4.33056927814    17.6688030716
4.33132570946    18.2660640287
4.33208240507    18.7159661849
4.33283936513    18.6115024698
4.33359658977    17.8334668926
4.33435407912    16.4717308448
4.33511183333    14.9597054035
4.33586985253    13.8012853958
4.33662813687    13.181318314
4.33738668649    12.9137655351
4.33814550151    12.6277602058
4.33890458209    12.0457868679
4.33966392836    11.1431099262
4.34042354046    10.0497488938
4.34118341853    8.88238534621
4.34194356271    7.70589344635
4.34270397314    6.573833497
4.34346464996    5.56244961662
4.34422559331    4.79177859459
4.34498680334    4.37656367289
4.34574828017    4.33404316742
4.34651002395    4.60492742768
4.34727203482    5.15208858503
4.34803431293    5.94836648302
4.34879685841    6.90844228446
4.3495596714    7.89757092798
4.35032275204    8.82401415825
4.35108610048    9.74054254241
4.35184971686    10.7991588848
4.35261360131    12.0482315757
4.35337775397    13.3589667208
4.354142175    14.5954146362
4.35490686453    15.7244909247
4.3556718227    16.6031880786
4.35643704966    16.8028789762
4.35720254554    16.1564141955
4.35796831048    15.5024402032
4.35873434464    16.0186933858
4.35950064814    17.6307555474
4.36026722114    18.9868982978
4.36103406378    19.1188562469
4.36180117619    18.3031847022
4.36256855852    17.3371544341
4.36333621092    16.7723366985
4.36410413352    16.8210483099
4.36487232646    17.491529461
4.3656407899    18.7656718306
4.36640952397    20.5575141308
4.36717852882    22.2415538592
4.36794780459    22.6280228947
4.36871735142    21.0931426988
4.36948716945    18.5521062704
4.37025725884    16.7654828845
4.37102761971    16.8447167569
4.37179825223    18.5546453111
4.37256915652    20.7498247839
4.37334033274    22.2804181424
4.37411178103    22.5560753576
4.37488350152    21.7282040203
4.37565549438    20.5395827392
4.37642775973    19.6369062394
4.37720029773    19.1691630471
4.37797310852    19.2684086236
4.37874619224    20.2197968462
4.37951954904    21.8231614876
4.38029317906    23.2492043917
4.38106708245    23.7917300265
4.38184125935    23.4069506902
4.3826157099    22.4862570541
4.38339043427    21.2687861102
4.38416543257    19.62617243
4.38494070498    17.7415988886
4.38571625162    16.7182395069
4.38649207264    17.5989361005
4.3872681682    19.8547916058
4.38804453843    21.8157091259
4.38882118348    22.4833074892
4.38959810349    22.0670377398
4.39037529863    21.1221040201
4.39115276902    20.0514453171
4.39193051481    19.2169880159
4.39270853616    18.9108841659
4.39348683321    19.200556257
4.3942654061    19.8699046818
4.39504425499    20.4652043514
4.39582338001    20.4664001654
4.39660278132    19.5015251269
4.39738245906    17.6522920904
4.39816241338    15.6836942866
4.39894264443    14.5087091406
4.39972315235    14.2161523443
4.40050393729    14.1367827971
4.4012849994    13.8982550962
4.40206633883    13.7953320821
4.40284795572    14.0509197706
4.40362985023    14.2835584561
4.40441202249    13.9798417662
4.40519447267    13.1521828851
4.4059772009    12.2606257554
4.40676020733    11.7063283142
4.40754349212    11.5953940235
4.4083270554    11.8386631651
4.40911089734    12.2926645016
4.40989501808    12.756291497
4.41067941776    12.9488346353
4.41146409654    12.6686012625
4.41224905456    11.9456057622
4.41303429198    10.944896531
4.41381980894    9.81607743199
4.4146056056    8.72281335924
4.41539168209    7.8775461098
4.41617803858    7.36249211021
4.41696467521    6.99472811365
4.41775159213    6.55192944261
4.41853878949    6.14227810218
4.41932626745    6.30357732267
4.42011402614    7.62857822478
4.42090206572    9.94926116655
4.42169038635    11.8717583702
4.42247898816    11.8288754996
4.42326787132    9.82673250571
4.42405703598    7.42898344855
4.42484648227    5.99227597723
4.42563621036    5.64896434672
4.42642622039    5.80651700416
4.42721651252    5.91983576555
4.4280070869    5.77183778943
4.42879794368    5.4417311586
4.429589083    5.25424915401
4.43038050503    5.87964979201
4.43117220991    8.43842823497
4.43196419779    13.6378507733
4.43275646883    19.7091405179
4.43354902318    22.4146706227
4.43434186099    19.4096501478
4.43513498241    13.294323348
4.43592838759    8.31400891355
4.43672207669    6.06930096917
4.43751604986    5.68754983801
4.43831030726    5.9817628417
4.43910484902    6.38348018482
4.43989967532    6.79840676133
4.44069478629    7.26915443248
4.4414901821    7.76316823427
4.44228586289    8.20748925366
4.44308182882    8.58195255452
4.44387808004    8.89673837382
4.44467461671    9.21405193746
4.44547143898    9.72177739354
4.446268547    10.5475739507
4.44706594093    11.5308675387
4.44786362092    12.3661179983
4.44866158713    12.8389765968
4.4494598397    12.8627777334
4.45025837879    12.4682339167
4.45105720457    11.7708700986
4.45185631717    10.9556149172
4.45265571676    10.3392047699
4.45345540349    10.2144432
4.45425537752    10.4613195246
4.45505563899    10.6205705477
4.45585618808    10.4866988717
4.45665702492    10.3054239234
4.45745814967    10.4091595039
4.4582595625    10.9107800809
4.45906126356    11.6444028637
4.45986325299    12.3507409778
4.46066553097    13.049578451
4.46146809763    13.9985577141
4.46227095315    15.190726801
4.46307409767    16.3683733497
4.46387753135    17.5202832457
4.46468125435    18.7590366136
4.46548526682    19.8886277419
4.46628956892    20.6026802148
4.46709416081    20.832244024
4.46789904264    20.6402482912
4.46870421457    19.916311952
4.46950967676    18.5051083629
4.47031542936    16.8803656556
4.47112147253    16.046628875
4.47192780643    16.2386090409
4.47273443121    16.5716149115
4.47354134704    16.3616679225
4.47434855407    15.7715657089
4.47515605245    15.0903926649
4.47596384235    14.3656381545
4.47677192393    13.6414039204
4.47758029733    13.0133071728
4.47838896273    12.6736158802
4.47919792027    13.0057180706
4.48000717012    14.4048010197
4.48081671244    16.8380823231
4.48162654738    19.5029451298
4.4824366751    21.1193752944
4.48324709576    20.825613379
4.48405780952    18.8108037814
4.48486881654    16.0031239033
4.48568011698    13.3549560799
4.48649171099    11.6818098234
4.48730359874    11.6547582473
4.48811578039    13.2032653793
4.48892825609    15.2308233636
4.48974102601    16.5615101979
4.4905540903    17.0503346526
4.49136744913    17.3796168211
4.49218110265    17.829126289
4.49299505103    17.6632980699
4.49380929443    16.0341389138
4.494623833    13.1824195794
4.4954386669    10.2774050586
4.49625379631    8.31047750458
4.49706922137    7.53987130918
4.49788494225    7.73442052007
4.49870095911    8.57066317729
4.49951727212    9.92364240019
4.50033388142    11.8504229077
4.50115078719    14.143233186
4.50196798959    16.0840868431
4.50278548877    16.8966848503
4.5036032849    16.285291879
4.50442137814    14.4666495702
4.50523976865    11.9223526171
4.50605845659    9.30335901475
4.50687744214    7.39127500052
4.50769672544    6.78948961022
4.50851630666    7.43171848585
4.50933618597    8.42946508765
4.51015636352    8.72547370608
4.51097683948    8.12644947432
4.51179761402    7.46280010354
4.51261868729    7.55184714366
4.51344005945    8.21702925419
4.51426173068    8.51197519382
4.51508370114    7.84380513597
4.51590597098    6.60499571101
4.51672854037    5.6033385199
4.51755140948    5.20689828227
4.51837457847    5.28794002285
4.5191980475    5.70292474778
4.52002181674    6.43875950301
4.52084588635    7.34626242098
4.5216702565    8.07326910027
4.52249492735    8.37161326393
4.52331989906    8.39663831981
4.5241451718    8.61634817
4.52497074574    9.25174457567
4.52579662103    9.85715158852
4.52662279785    9.75202853922
4.52744927636    8.9448238505
4.52827605673    8.25794257102
4.52910313911    8.30592862061
4.52993052368    8.80506459946
4.5307582106    9.21869684995
4.53158620004    9.44208205083
4.53241449217    9.60524907724
4.53324308714    9.99105735652
4.53407198512    11.0231507706
4.53490118629    12.6052522361
4.53573069081    14.0054165955
4.53656049884    14.7678031269
4.53739061055    15.084330767
4.53822102611    15.3944576531
4.53905174568    16.0606846325
4.53988276943    16.9940105727
4.54071409754    17.4761372444
4.54154573015    16.7408544508
4.54237766746    14.791844268
4.54320990961    12.5843851673
4.54404245678    11.2155717796
4.54487530913    10.897324052
4.54570846685    11.1257005437
4.54654193008    11.5276827346
4.547375699    11.9018781734
4.54820977378    11.9486722128
4.54904415458    11.4954251314
4.54987884159    10.8050129352
4.55071383495    10.4380736049
4.55154913485    10.5606388196
4.55238474144    10.6078273948
4.55322065491    9.99166823251
4.55405687542    8.7959941634
4.55489340313    7.5711739931
4.55573023822    6.73332006022
4.55656738086    6.27326863269
4.55740483121    6.10500321535
4.55824258946    6.52944025412
4.55908065575    7.95557548102
4.55991903028    10.276148158
4.56075771319    12.8046289117
4.56159670468    14.6302643067
4.5624360049    15.1074296705
4.56327561403    14.3807842768
4.56411553224    13.2586979704
4.56495575969    12.4984382338
4.56579629656    12.6043607283
4.56663714303    13.927837245
4.56747829925    16.2391008169
4.56831976541    18.4370979026
4.56916154167    19.1417143412
4.5700036282    17.7983646236
4.57084602519    15.3511771202
4.57168873279    13.5434991284
4.57253175118    13.3441398416
4.57337508053    14.1672821766
4.57421872102    14.6282485983
4.57506267281    14.0438666561
4.57590693608    12.9111771079
4.57675151101    11.8162745423
4.57759639776    10.7267951184
4.5784415965    9.72379882719
4.57928710741    9.5996646604
4.58013293067    11.0746851515
4.58097906644    13.5909218184
4.5818255149    15.4891308384
4.58267227622    15.7722275334
4.58351935058    15.1840781981
4.58436673815    14.9727288374
4.5852144391    15.234120289
4.5860624536    15.2828301328
4.58691078184    15.0923638842
4.58775942399    15.5229295144
4.58860838021    17.1333263115
4.58945765068    19.0330787277
4.59030723559    19.4806406889
4.59115713509    17.9167481255
4.59200734938    15.5498599607
4.59285787861    13.6887052738
4.59370872298    12.5172776352
4.59455988265    11.5819054381
4.59541135779    10.5366881604
4.59626314859    9.32764611859
4.59711525522    8.25570550957
4.59796767785    7.94571990486
4.59882041666    8.89666120205
4.59967347183    10.8801763641
4.60052684353    12.9465071254
4.60138053194    14.2612656169
4.60223453724    14.7721817495
4.6030888596    14.8077975615
4.60394349919    14.4080137326
4.6047984562    13.5077201962
4.6056537308    12.429626197
4.60650932317    11.6914610428
4.60736523349    11.549236678
4.60822146193    11.9507455029
4.60907800867    12.668217702
4.60993487389    13.45857064
4.61079205776    14.1797797025
4.61164956047    14.7412142532
4.61250738219    15.1305453524
4.6133655231    15.4241136005
4.61422398337    15.4729090009
4.61508276319    14.8629566997
4.61594186274    13.5501484807
4.61680128219    12.2212917195
4.61766102172    11.6464035919
4.61852108151    11.8858793275
4.61938146174    12.4601504286
4.62024216259    13.0206764245
4.62110318424    13.6130653925
4.62196452687    14.4875250558
4.62282619065    15.593086965
4.62368817577    16.229671519
4.6245504824    15.612848043
4.62541311073    13.8635834374
4.62627606094    12.1554606898
4.6271393332    11.629525937
4.6280029277    12.2581989233
4.62886684462    13.0992072606
4.62973108414    13.5776095865
4.63059564643    14.0567800352
4.63146053168    15.1383378867
4.63232574008    16.753126488
4.63319127179    18.0621759126
4.63405712701    18.1489198358
4.63492330591    16.7467397449
4.63578980868    14.4524557541
4.6366566355    12.4546756513
4.63752378654    11.9146425863
4.638391262    13.1295097792
4.63925906205    15.0672558127
4.64012718687    16.0800507495
4.64099563665    15.4476482017
4.64186441158    14.0997543579
4.64273351182    13.5765731892
4.64360293757    14.3800243227
4.64447268901    15.6751548843
4.64534276632    16.3508248335
4.64621316969    15.8202882312
4.6470838993    14.2809212435
4.64795495532    12.7519422078
4.64882633795    12.2496436921
4.64969804737    12.6226653291
4.65057008377    12.7448746351
4.65144244732    11.9748112401
4.65231513821    10.9317906561
4.65318815662    10.5861114879
4.65406150275    11.034985033
4.65493517677    11.7718144025
4.65580917887    12.7401999606
4.65668350923    14.1841754702
4.65755816804    15.799065429
4.65843315548    16.905009232
4.65930847175    17.093929769
4.66018411702    16.3042074054
4.66106009147    14.944731142
4.66193639531    14.0545642289
4.6628130287    14.5632882941
4.66368999185    16.278869463
4.66456728492    18.017615188
4.66544490812    18.8284885967
4.66632286162    18.8863918226
4.66720114561    18.8939981829
4.66807976029    18.7911435619
4.66895870583    17.7826147737
4.66983798242    15.6254048206
4.67071759025    13.1086213474
4.67159752951    11.1897682113
4.67247780038    10.2487603228
4.67335840306    10.1507560251
4.67423933773    10.6011340781
4.67512060457    11.3776533336
4.67600220378    12.2155378364
4.67688413554    12.5507151079
4.67776640005    11.8926483452
4.67864899748    10.541378293
4.67953192803    9.45043877001
4.68041519189    9.36957688455
4.68129878925    10.3340749834
4.68218272029    11.7962973559
4.6830669852    13.1333291834
4.68395158418    14.036596663
4.68483651741    14.4616784656
4.68572178508    14.5823614076
4.68660738738    14.9086185412
4.68749332451    15.9746970625
4.68837959664    17.5368291411
4.68926620398    18.350564153
4.69015314671    17.2857719383
4.69104042502    14.6847927861
4.6919280391    12.1673644605
4.69281598914    11.0305936811
4.69370427534    11.2103298718
4.69459289789    11.9274575813
4.69548185697    12.7874914716
4.69637115277    13.7244650163
4.6972607855    14.3288171361
4.69815075533    14.0474966873
4.69904106247    12.9466912175
4.6999317071    11.7216055628
4.70082268941    10.9700621319
4.7017140096    10.7708554003
4.70260566786    10.8747862693
4.70349766439    10.9045576115
4.70438999936    10.4410908148
4.70528267299    9.32515769126
4.70617568545    7.8553890117
4.70706903695    6.50136767556
4.70796272767    5.53470521573
4.70885675781    4.97432516378
4.70975112757    4.7006274233
4.71064583713    4.55494982353
4.71154088669    4.45460351592
4.71243627644    4.45508941252
4.71333200658    4.60801295527
4.71422807731    4.81877849602
4.71512448881    4.99157400995
4.71602124128    5.16396515623
4.71691833491    5.36829633066
4.71781576991    5.57002566945
4.71871354646    5.8270050798
4.71961166476    6.25998379307
4.720510125    6.80227127914
4.72140892739    7.16238560714
4.72230807211    7.12413397765
4.72320755936    6.85522480376
4.72410738934    6.78053495695
4.72500756224    7.02552578647
4.72590807826    7.2440641722
4.7268089376    7.20178648585
4.72771014045    7.12626068678
4.728611687    7.26309893408
4.72951357746    7.50878352274
4.73041581203    7.59050769499
4.73131839089    7.31395327002
4.73222131424    6.68790168543
4.73312458229    5.99727066945
4.73402819523    5.65714476303
4.73493215326    5.86726602121
4.73583645658    6.43745333014
4.73674110538    6.98483292767
4.73764609985    7.22922795975
4.73855144021    7.0637949182
4.73945712665    6.50031074269
4.74036315937    5.70958291816
4.74126953855    5.01173004297
4.74217626442    4.63360707724
4.74308333715    4.50683914004
4.74399075696    4.42181650378
4.74489852404    4.32879986316
4.74580663859    4.38218584282
4.74671510081    4.69480159342
4.7476239109    5.11932404589
4.74853306906    5.35310435438
4.74944257549    5.27786606505
4.75035243039    5.07056703803
4.75126263396    4.93655789574
4.7521731864    4.86531106325
4.75308408791    4.72639515346
4.7539953387    4.50864984656
4.75490693895    4.37799921219
4.75581888888    4.5247110076
4.75673118869    4.99229809764
4.75764383857    5.59150515855
4.75855683873    6.01212032401
4.75947018937    6.14649680769
4.7603838907    6.20151200586
4.7612979429    6.35998472678
4.7622123462    6.52766721949
4.76312710078    6.49290756805
4.76404220685    6.15229055754
4.76495766461    5.55837255561
4.76587347427    4.862405888
4.76678963603    4.23270986816
4.76770615009    3.78812791783
4.76862301666    3.60290916802
4.76954023594    3.72194651987
4.77045780813    4.11060955521
4.77137573343    4.62939696281
4.77229401206    5.14619103373
4.7732126442    5.67001818626
4.77413163008    6.25207735319
4.77505096989    6.72521160272
4.77597066384    6.73243114525
4.77689071212    6.17330261377
4.77781111496    5.48982853968
4.77873187255    5.30128507096
4.77965298509    5.77942705499
4.78057445279    6.49667002053
4.78149627587    6.93536224825
4.78241845451    7.09265261801
4.78334098894    7.43985367482
4.78426387934    8.2908800897
4.78518712594    9.3683730043
4.78611072894    10.0123417061
4.78703468854    9.78627756488
4.78795900495    8.8663463656
4.78888367838    7.78706290975
4.78980870903    6.85543036181
4.79073409711    5.99302258579
4.79165984283    5.12653872458
4.79258594639    4.43764996328
4.79351240801    4.172489463
4.79443922789    4.42448592376
4.79536640623    5.1117792537
4.79629394326    5.94680258865
4.79722183916    6.5354838998
4.79815009416    6.84002087622
4.79907870847    7.30133874045
4.80000768228    8.10219706409
4.80093701581    8.71536479383
4.80186670926    8.63724420042
4.80279676286    8.12057913054
4.8037271768    7.77412985278
4.8046579513    7.81093639493
4.80558908656    7.99644969989
4.8065205828    8.05669641216
4.80745244022    7.88899043691
4.80838465903    7.44154712315
4.80931723946    6.65141984248
4.8102501817    5.65412755792
4.81118348596    4.86896072057
4.81211715246    4.72030464313
4.81305118141    5.34394776222
4.81398557302    6.51248770689
4.8149203275    7.72133292863
4.81585544507    8.4400788479
4.81679092592    8.41230024793
4.81772677028    7.80821972223
4.81866297836    7.07594836558
4.81959955037    6.61604015339
4.82053648652    6.60462042619
4.82147378702    6.93216842991
4.82241145209    7.21265349316
4.82334948194    7.11705117662
4.82428787678    6.75363171475
4.82522663682    6.51672409197
4.82616576229    6.59804956987
4.82710525339    6.82776243348
4.82804511033    7.00177678388
4.82898533333    7.07996137904
4.8299259226    6.95744043589
4.83086687836    6.45124508345
4.83180820083    5.63046597199
4.8327498902    4.80825366238
4.83369194671    4.20331746558
4.83463437057    3.83299710433
4.83557716198    3.65951819172
4.83652032117    3.7123807551
4.83746384835    4.04352119446
4.83840774373    4.59216674183
4.83935200754    5.19125252762
4.84029663998    5.70701339733
4.84124164128    6.02834062701
4.84218701165    6.01257523148
4.8431327513    5.6405178435
4.84407886045    5.13344872334
4.84502533932    4.75274847417
4.84597218813    4.57655384197
4.84691940708    4.53898467127
4.84786699641    4.53772505342
4.84881495632    4.46444573678
4.84976328704    4.31486030707
4.85071198878    4.2651114607
4.85166106176    4.45689716257
4.85261050619    4.75022886567
4.8535603223    4.88314274977
4.85451051031    4.82092804984
4.85546107042    4.70848511871
4.85641200287    4.52895001611
4.85736330786    4.12067100357
4.85831498563    3.50287644315
4.85926703638    2.90707809373
4.86021946034    2.54589017214
4.86117225772    2.50993538182
4.86212542875    2.7542699492
4.86307897365    3.10248476991
4.86403289263    3.36019690332
4.86498718592    3.42122219928
4.86594185374    3.27634198648
4.8668968963    3.04451558749
4.86785231383    2.93970734313
4.86880810655    3.0770752262
4.86976427467    3.37243748741
4.87072081843    3.68133188987
4.87167773804    3.92730093384
4.87263503373    4.05998712216
4.87359270571    4.00823464855
4.8745507542    3.75291857544
4.87550917944    3.39247901242
4.87646798164    3.08470865608
4.87742716102    2.93758237816
4.87838671781    2.9465910342
4.87934665223    3.00105866081
4.8803069645    3.00597143196
4.88126765485    3.00707256448
4.8822287235    3.11523535524
4.88319017067    3.31486346264
4.88415199658    3.44740841645
4.88511420147    3.38497996666
4.88607678554    3.14401998021
4.88703974904    2.85108886674
4.88800309218    2.65912380819
4.88896681519    2.64744934516
4.88993091829    2.75490204708
4.8908954017    2.8640390398
4.89186026566    2.93619416882
4.89282551039    3.00677605821
4.8937911361    3.09270448728
4.89475714304    3.16998252896
4.89572353142    3.18916809365
4.89669030147    3.07239767055
4.89765745341    2.77571333407
4.89862498748    2.3657326798
4.8995929039    1.97972959824
4.90056120289    1.73897267615
4.90152988469    1.69267550633
4.90249894951    1.81016278717
4.9034683976    2.01558567816
4.90443822916    2.21227254324
4.90540844444    2.304357944
4.90637904366    2.2606396424
4.90735002704    2.13572017818
4.90832139482    1.99634026173
4.90929314723    1.87719353044
4.91026528448    1.80717510634
4.91123780682    1.81242650441
4.91221071447    1.90137931727
4.91318400766    2.06321191702
4.91415768661    2.2573449871
4.91513175156    2.42741823911
4.91610620274    2.53522655387
4.91708104038    2.54747779763
4.9180562647    2.43963346728
4.91903187595    2.25007454953
4.92000787433    2.06124004698
4.9209842601    1.91500792646
4.92196103347    1.81864162724
4.92293819469    1.78168858935
4.92391574397    1.79332783702
4.92489368156    1.83143600957
4.92587200768    1.89884769736
4.92685072256    1.99104362046
4.92782982644    2.07524663713
4.92880931955    2.15542424611
4.92978920212    2.29555607688
4.93076947438    2.53260699477
4.93175013656    2.81603814625
4.93273118891    3.04854190067
4.93371263164    3.16036801755
4.934694465    3.16209059159
4.93567668922    3.15264027914
4.93665930453    3.2360013116
4.93764231116    3.40908634315
4.93862570935    3.56690822663
4.93960949933    3.60662972153
4.94059368134    3.46744644626
4.94157825561    3.12579813267
4.94256322237    2.65049776758
4.94354858187    2.22286315582
4.94453433433    2.03060161923
4.94552047998    2.14122843822
4.94650701908    2.46950880068
4.94749395184    2.84014371672
4.94848127852    3.09510425189
4.94946899933    3.19039046032
4.95045711452    3.19158457391
4.95144562433    3.16145105865
4.95243452899    3.06822089285
4.95342382873    2.8648951271
4.9544135238    2.6489200837
4.95540361444    2.64564527941
4.95639410087    2.967561016
4.95738498333    3.4713106366
4.95837626208    3.90012730928
4.95936793733    4.0888736896
4.96036000933    4.04496500255
4.96135247832    3.90429386321
4.96234534453    3.77552206447
4.96333860821    3.65421680781
4.9643322696    3.54552223423
4.96532632892    3.53183856776
4.96632078643    3.62040731665
4.96731564236    3.67606257539
4.96831089694    3.59447854452
4.96930655043    3.40520702997
4.97030260305    3.15831528637
4.97129905506    2.84188270999
4.97229590669    2.45770527255
4.97329315817    2.06527781612
4.97429080976    1.73509560759
4.97528886169    1.53133549267
4.9762873142    1.49516491552
4.97728616753    1.58603148718
4.97828542193    1.69046479097
4.97928507764    1.72454331799
4.98028513489    1.71404954795
4.98128559394    1.76914733378
4.98228645502    1.96827523881
4.98328771838    2.27341681977
4.98428938425    2.57198371416
4.98529145288    2.76098504543
4.98629392452    2.78054912456
4.9872967994    2.62626078955
4.98830007778    2.34559906562
4.98930375989    2.01830097603
4.99030784597    1.75969632555
4.99131233628    1.69429891673
4.99231723105    1.85924196842
4.99332253054    2.15788580738
4.99432823497    2.43509914059
4.99533434461    2.56619664307
4.99634085969    2.51283728035
4.99734778046    2.3668009542
4.99835510716    2.29543395979
4.99936284005    2.39392800257
5.00037097936    2.63987518561
5.00137952534    2.96808775729
5.00238847824    3.29240998222
5.00339783831    3.50993962851
5.00440760578    3.574926904
5.00541778091    3.53945092159
5.00642836395    3.47336105953
5.00743935514    3.39815905217
5.00845075472    3.28420340795
5.00946256296    3.08021228773
5.01047478008    2.78749932059
5.01148740635    2.52800980742
5.01250044201    2.47114836795
5.01351388731    2.65612637625
5.0145277425    2.93835422487
5.01554200782    3.13044481885
5.01655668352    3.17219217914
5.01757176986    3.14616797748
5.01858726708    3.15425895669
5.01960317543    3.201223886
5.02061949517    3.2076051183
5.02163622654    3.12668827971
5.02265336979    3.00676242148
5.02367092517    2.92479280067
5.02468889294    2.89797895725
5.02570727334    2.87214382904
5.02672606662    2.78075303767
5.02774527304    2.62723555718
5.02876489285    2.471689668
5.0297849263    2.33104179989
5.03080537363    2.16828599826
5.03182623511    1.99082952335
5.03284751099    1.88697875005
5.03386920151    1.92740372591
5.03489130693    2.06767733957
5.03591382751    2.20022981658
5.03693676349    2.26805506646
5.03796011512    2.27928511077
5.03898388267    2.26521232192
5.04000806639    2.2625776912
5.04103266653    2.28007704209
5.04205768333    2.27577226043
5.04308311707    2.22053835331
5.04410896799    2.15201487945
5.04513523635    2.12909159442
5.04616192239    2.16907326096
5.04718902639    2.2329271703
5.04821654858    2.25691048577
5.04924448924    2.22119467575
5.0502728486    2.17358117953
5.05130162694    2.15586854934
5.0523308245    2.15456387332
5.05336044154    2.16682904077
5.05439047832    2.2455533614
5.05542093509    2.41043689818
5.05645181212    2.57596595456
5.05748310966    2.64607973286
5.05851482796    2.62396713415
5.05954696728    2.57824861431
5.06057952789    2.55405518315
5.06161251003    2.5534848943
5.06264591397    2.56235220411
5.06367973997    2.56696636663
5.06471398828    2.55106575107
5.06574865917    2.51302591539
5.06678375289    2.49904350517
5.0678192697    2.57572499486
5.06885520986    2.75143238692
5.06989157363    2.96581505778
5.07092836128    3.14592150526
5.07196557305    3.24172207114
5.07300320921    3.23287666412
5.07404127003    3.13994869537
5.07507975576    3.01187756835
5.07611866666    2.8907165965
5.077158003    2.77622277568
5.07819776503    2.64259290812
5.07923795302    2.53509075244
5.08027856723    2.58794340048
5.08131960792    2.86676767594
5.08236107535    3.2568025062
5.08340296979    3.54307955835
5.0844452915    3.56923019688
5.08548804074    3.35568353008
5.08653121777    3.06681523899
5.08757482286    2.84453614808
5.08861885628    2.73337094677
5.08966331828    2.76189682619
5.09070820912    2.93624231065
5.09175352908    3.14963064632
5.09279927842    3.27447596902
5.0938454574    3.32207422425
5.09489206629    3.37732044431
5.09593910535    3.4690811932
5.09698657485    3.57775827466
5.09803447505    3.66842878414
5.09908280622    3.70343624205
5.10013156862    3.6758745764
5.10118076253    3.60813070872
5.1022303882    3.54578447485
5.1032804459    3.57056422655
5.10433093591    3.72947998856
5.10538185848    3.96505948323
5.10643321389    4.14710359787
5.1074850024    4.13983206536
5.10853722428    3.87581531442
5.10958987979    3.41188799976
5.11064296922    2.88467046188
5.11169649281    2.42361493684
5.11275045085    2.14317753768
5.1138048436    2.13785390561
5.11485967134    2.42223625855
5.11591493432    2.87087229612
5.11697063282    3.2581638731
5.11802676711    3.4362018037
5.11908333746    3.47632213875
5.12014034413    3.53832257891
5.12119778741    3.63370497155
5.12225566756    3.64902958394
5.12331398484    3.54730287305
5.12437273954    3.39269166862
5.12543193192    3.23061077753
5.12649156226    3.08016819505
5.12755163082    2.96504050462
5.12861213788    2.87966606737
5.12967308371    2.7964298563
5.13073446858    2.71004565491
5.13179629276    2.62143593861
5.13285855654    2.50099375029
5.13392126017    2.31778454354
5.13498440394    2.09906354108
5.13604798812    1.91303048823
5.13711201298    1.79562201101
5.13817647879    1.73733864476
5.13924138583    1.73638976093
5.14030673438    1.80941153224
5.1413725247    1.95107301374
5.14243875708    2.12705559481
5.14350543179    2.2942969315
5.1445725491    2.40461943394
5.14564010928    2.41435630334
5.14670811263    2.31198939687
5.1477765594    2.14711027495
5.14884544988    1.99434324217
5.14991478435    1.88035111087
5.15098456307    1.77907994534
5.15205478634    1.67953279169
5.15312545441    1.62504481761
5.15419656758    1.68867682767
5.15526812612    1.89938417214
5.15634013031    2.17860499755
5.15741258042    2.38220290295
5.15848547673    2.43029985914
5.15955881953    2.37431518863
5.16063260908    2.32405321978
5.16170684568    2.32944126348
5.16278152959    2.34231125895
5.16385666111    2.28758778788
5.1649322405    2.1750576619
5.16600826805    2.10388398511
5.16708474404    2.13850039407
5.16816166875    2.21981804093
5.16923904245    2.22957483385
5.17031686544    2.1334974938
5.17139513799    2.02017851811
5.17247386038    1.97385860115
5.17355303289    1.98243416938
5.17463265581    2.02018087761
5.17571272942    2.10785358064
5.176793254    2.22814978679
5.17787422983    2.31221037655
5.17895565719    2.36129814161
5.18003753638    2.45722148796
5.18111986766    2.61907023728
5.18220265134    2.76366918803
5.18328588768    2.81090824787
5.18436957697    2.74808471042
5.1854537195    2.6106459613
5.18653831555    2.45623616642
5.18762336541    2.34083011406
5.18870886935    2.28796390813
5.18979482768    2.29329319819
5.19088124066    2.34170806786
5.19196810859    2.41498316443
5.19305543176    2.50254781666
5.19414321044    2.58959018371
5.19523144493    2.63152395719
5.19632013551    2.57801452835
5.19740928246    2.43433082616
5.19849888609    2.27778805225
5.19958894666    2.20183338016
5.20067946448    2.24077540764
5.20177043982    2.32677391732
5.20286187298    2.32780841268
5.20395376425    2.19137523092
5.2050461139    2.0142307312
5.20613892224    1.89968480238
5.20723218955    1.8400536624
5.20832591612    1.80445933038
5.20942010224    1.84844685428
5.21051474819    2.07684990594
5.21160985427    2.49990046201
5.21270542078    2.95397513536
5.21380144799    3.21479312549
5.2148979362    3.18186510316
5.2159948857    2.93157940087
5.21709229679    2.63351229599
5.21819016975    2.41964435415
5.21928850487    2.29297741133
5.22038730245    2.18312558441
5.22148656278    2.0940158924
5.22258628615    2.13581403526
5.22368647285    2.37577160389
5.22478712319    2.70927669705
5.22588823744    2.94684072069
5.2269898159    3.01532102175
5.22809185887    3.00099636064
5.22919436665    2.98292335416
5.23029733951    2.92330539569
5.23140077777    2.76209196108
5.23250468171    2.52878792837
5.23360905163    2.30892691774
5.23471388783    2.15371372596
5.23581919059    2.0667505606
5.23692496022    2.02914233521
5.23803119701    2.00437103448
5.23913790126    1.9682518678
5.24024507325    1.95422893999
5.2413527133    2.01402659768
5.2424608217    2.13316089187
5.24356939874    2.24825693784
5.24467844472    2.31897728793
5.24578795994    2.32788549311
5.2468979447    2.26209979514
5.24800839929    2.12461332039
5.24911932401    1.94742929091
5.25023071917    1.79347402033
5.25134258506    1.73078648876
5.25245492197    1.79232805715
5.25356773022    1.96845358004
5.2546810101    2.22167553658
5.2557947619    2.50248530099
5.25690898593    2.77058320941
5.25802368249    2.99579972957
5.25913885189    3.11981160888
5.26025449441    3.05576457647
5.26137061036    2.79712569649
5.26248720005    2.50507734562
5.26360426377    2.40797458958
5.26472180183    2.60527726946
5.26583981453    2.99171085027
5.26695830218    3.32418901346
5.26807726506    3.38618630014
5.26919670349    3.15583069787
5.27031661778    2.81507012096
5.27143700821    2.57165852089
5.27255787511    2.4641925219
5.27367921877    2.35203357931
5.27480103949    2.11497359948
5.27592333758    1.79825220334
5.27704611335    1.52494971018
5.2781693671    1.36306200177
5.27929309914    1.30960463688
5.28041730976    1.32429400694
5.28154199928    1.35020032837
5.28266716801    1.34386102272
5.28379281625    1.29879740944
5.2849189443    1.23112439622
5.28604555247    1.15961311398
5.28717264107    1.11448985009
5.28830021042    1.14348787048
5.2894282608    1.27975558692
5.29055679254    1.50247938428
5.29168580594    1.73807842815
5.29281530131    1.9024981968
5.29394527896    1.95112063196
5.29507573919    1.89602129941
5.29620668232    1.77872684759
5.29733810866    1.63498239568
5.29847001851    1.48881844284
5.29960241219    1.36876767472
5.30073529    1.31786316138
5.30186865226    1.3805057447
5.30300249928    1.56996834311
5.30413683137    1.84213119482
5.30527164883    2.10361875145
5.30640695199    2.25932516824
5.30754274115    2.27080932164
5.30867901662    2.17070093364
5.30981577872    2.01375223041
5.31095302777    1.83281766941
5.31209076406    1.65632364842
5.31322898792    1.53351231782
5.31436769967    1.51084349242
5.3155068996    1.59409574581
5.31664658804    1.74963012468
5.31778676531    1.9326382859
5.31892743171    2.10501500988
5.32006858756    2.23470296968
5.32121023318    2.29183562317
5.32235236889    2.25712229931
5.32349499498    2.13964350644
5.3246381118    1.97909373951
5.32578171964    1.82166614121
5.32692581883    1.70424674148
5.32807040968    1.66864292698
5.32921549251    1.76842904476
5.33036106764    2.03314285928
5.33150713538    2.42191559331
5.33265369605    2.81811537843
5.33380074998    3.07750737333
5.33494829747    3.10083043708
5.33609633885    2.8886014415
5.33724487444    2.5353812853
5.33839390455    2.16930808959
5.33954342951    1.87912326049
5.34069344963    1.69226996852
5.34184396524    1.61868135507
5.34299497665    1.67869549623
5.34414648419    1.85983751443
5.34529848817    2.08220068814
5.34645098893    2.24972576365
5.34760398677    2.32573027025
5.34875748202    2.34206018784
5.349911475    2.35457223247
5.35106596604    2.3941057665
5.35222095546    2.44141537159
5.35337644358    2.4331871316
5.35453243071    2.3068492314
5.3556889172    2.06474733306
5.35684590336    1.78926204312
5.35800338951    1.57425965688
5.35916137598    1.45360381833
5.36031986309    1.40395796647
5.36147885117    1.39459942266
5.36263834054    1.41950391765
5.36379833152    1.49201631994
5.36495882446    1.62115126359
5.36611981966    1.79559955579
5.36728131745    1.99057360479
5.36844331817    2.1866373262
5.36960582214    2.38137716653
5.37076882968    2.58433364686
5.37193234113    2.79381949329
5.3730963568    2.97693976177
5.37426087704    3.07175330735
5.37542590215    3.02103067663
5.37659143249    2.81994037904
5.37775746837    2.53203649456
5.37892401012    2.2483527893
5.38009105807    2.03594807805
5.38125861255    1.9202908143
5.3824266739    1.88870988492
5.38359524243    1.89617347145
5.38476431849    1.88513077134
5.3859339024    1.82635766856
5.38710399449    1.73848291211
5.3882745951    1.65572455181
5.38944570455    1.58754901496
5.39061732318    1.51966118798
5.39178945132    1.44475937014
5.39296208931    1.38539196878
5.39413523747    1.39092059015
5.39530889614    1.50914589925
5.39648306565    1.74268260044
5.39765774633    2.01995703291
5.39883293852    2.22599187219
5.40000864256    2.29159293331
5.40118485878    2.24623411258
5.4023615875    2.17004086803
5.40353882908    2.11296776356
5.40471658384    2.07623203634
5.40589485211    2.03948633529
5.40707363424    1.98790011904
5.40825293056    1.91917720395
5.40943274141    1.84466513199
5.41061306713    1.78769349771
5.41179390804    1.77551565661
5.41297526449    1.81870215814
5.41415713682    1.88889656719
5.41533952536    1.92772626583
5.41652243046    1.89839839888
5.41770585244    1.82955819055
5.41888979166    1.80025654456
5.42007424845    1.87750804435
5.42125922314    2.05716062868
5.42244471608    2.25827163475
5.42363072761    2.38351109117
5.42481725807    2.39027722848
5.4260043078    2.31651932652
5.42719187714    2.24508372408
5.42837996643    2.23958620396
5.42956857601    2.30383773728
5.43075770623    2.38874162379
5.43194735742    2.43114532777
5.43313752994    2.38828834431
5.43432822412    2.25864453268
5.4355194403    2.08735832263
5.43671117883    1.9412843111
5.43790344005    1.86116752041
5.43909622431    1.83526971073
5.44028953195    1.82508618984
5.44148336332    1.80169709641
5.44267771875    1.75138085379
5.4438725986    1.67117332971
5.44506800321    1.57883856405
5.44626393293    1.50911274309
5.4474603881    1.47749469706
5.44865736907    1.46207755466
5.44985487618    1.4387328382
5.45105290979    1.41392252993
5.45225147024    1.40243786486
5.45345055787    1.39529401704
5.45465017304    1.37203832439
5.45585031609    1.33017287033
5.45705098738    1.28489165677
5.45825218724    1.24902766332
5.45945391604    1.2238670111
5.46065617411    1.2056234533
5.46185896181    1.19481493122
5.4630622795    1.19775352608
5.46426612751    1.21849201042
5.4654705062    1.25121691216
5.46667541593    1.28184858245
5.46788085703    1.29714122129
5.46908682987    1.29438569419
5.4702933348    1.28569081065
5.47150037216    1.29336521525
5.47270794232    1.33721488959
5.47391604562    1.42088525506
5.47512468241    1.53044434179
5.47633385306    1.64752838977
5.47754355791    1.75614406768
5.47875379731    1.83331526887
5.47996457163    1.84958195586
5.48117588122    1.79810050451
5.48238772643    1.72036739233
5.48360010762    1.68909845494
5.48481302514    1.75324090679
5.48602647935    1.88925964809
5.4872404706    2.01425176163
5.48845499926    2.06415112574
5.48967006567    2.04537829169
5.4908856702    2.00122854342
5.49210181321    1.95922240476
5.49331849505    1.93274369419
5.49453571607    1.93625421057
5.49575347665    1.96344718064
5.49697177713    1.97884770948
5.49819061788    1.96608788162
5.49940999925    1.9602172281
5.50062992161    2.00086004789
5.50185038532    2.07508879318
5.50307139073    2.13207782996
5.50429293821    2.14051281762
5.50551502812    2.1124290643
5.50673766081    2.08337249502
5.50796083666    2.07586923825
5.50918455602    2.0948717352
5.51040881925    2.15687472296
5.51163362673    2.29028772821
5.5128589788    2.48327561739
5.51408487584    2.65858874264
5.5153113182    2.7387171242
5.51653830626    2.71385187358
5.51776584037    2.6200844778
5.51899392091    2.48669206913
5.52022254823    2.32622998696
5.5214517227    2.15976082879
5.52268144469    2.02318021863
5.52391171456    1.94692920627
5.52514253267    1.9347109474
5.52637389941    1.96263929299
5.52760581512    2.00532679881
5.52883828019    2.06180411092
5.53007129497    2.1526378604
5.53130485983    2.28647888282
5.53253897515    2.42573174019
5.53377364129    2.49949404211
5.53500885863    2.46955946868
5.53624462752    2.3775004583
5.53748094833    2.31116084083
5.53871782145    2.33457244433
5.53995524724    2.45510254179
5.54119322606    2.63283688306
5.5424317583    2.81041164856
5.54367084432    2.9413880495
5.54491048449    3.01265042061
5.54615067919    3.04216922969
5.54739142878    3.05672591294
5.54863273364    3.05948329198
5.54987459415    3.01550953907
5.55111701066    2.87521689237
5.55235998357    2.62500358553
5.55360351325    2.31638813343
5.55484760005    2.04156153466
5.55609224437    1.87656459981
5.55733744658    1.84159440591
5.55858320705    1.89588387433
5.55982952615    1.96669420186
5.56107640427    1.99064656728
5.56232384178    1.94685096364
5.56357183905    1.86132404096
5.56482039646    1.78479767294
5.5660695144    1.75512746887
5.56731919323    1.77342103726
5.56856943333    1.81277920743
5.56982023509    1.85280323923
5.57107159889    1.89368704629
5.57232352509    1.93059947589
5.57357601408    1.94203495372
5.57482906624    1.92652952216
5.57608268195    1.92366009359
5.57733686159    1.96816946642
5.57859160554    2.04229128737
5.57984691419    2.09789382584
5.5811027879    2.10452139767
5.58235922707    2.0591351844
5.58361623207    1.9643270312
5.5848738033    1.81638304229
5.58613194112    1.61609214066
5.58739064593    1.38620832356
5.58864991811    1.17699683101
5.58990975803    1.0485024924
5.5911701661    1.04104642821
5.59243114268    1.1528795128
5.59369268817    1.33728133814
5.59495480294    1.52373805196
5.59621748739    1.65524455386
5.59748074191    1.71834508107
5.59874456686    1.73188424439
5.60000896266    1.69814670196
5.60127392967    1.58606766262
5.60253946829    1.38509914924
5.6038055789    1.1535191511
5.6050722619    0.986053768112
5.60633951767    0.942568139263
5.60760734659    1.01474017816
5.60887574907    1.14449527181
5.61014472548    1.26658160534
5.61141427623    1.34592150056
5.61268440168    1.39107695736
5.61395510225    1.44093052731
5.61522637832    1.53335460866
5.61649823027    1.67664966163
5.6177706585    1.84432236772
5.61904366341    1.99824391358
5.62031724539    2.12235152804
5.62159140482    2.23103742314
5.6228661421    2.33484234692
5.62414145762    2.41140430108
5.62541735178    2.41910104384
5.62669382497    2.32803756836
5.62797087759    2.13815737341
5.62924851002    1.88461375589
5.63052672267    1.64371754442
5.63180551593    1.51034525199
5.6330848902    1.53752170632
5.63436484586    1.69536877953
5.63564538333    1.89726477694
5.63692650299    2.05619329006
5.63820820524    2.11670324152
5.63949049048    2.0600283624
5.64077335911    1.90400389215
5.64205681152    1.70093173357
5.64334084812    1.52487459315
5.6446254693    1.44598342812
5.64591067546    1.49998137698
5.64719646701    1.67087218425
5.64848284434    1.89748319506
5.64976980785    2.09421882926
5.65105735794    2.17772238694
5.65234549502    2.10688528012
5.65363421948    1.92146016043
5.65492353173    1.72930102057
5.65621343217    1.62088320761
5.6575039212    1.60121245681
5.65879499923    1.61135964151
5.66008666666    1.59871329995
5.66137892389    1.55485191692
5.66267177133    1.49811158208
5.66396520937    1.4351265235
5.66525923844    1.36004550918
5.66655385892    1.2989316239
5.66784907123    1.31554378413
5.66914487578    1.43508309226
5.67044127296    1.59062302046
5.67173826318    1.68494271764
5.67303584686    1.69033522369
5.6743340244    1.66781269864
5.67563279621    1.70174213984
5.67693216269    1.82008018849
5.67823212426    1.9736829643
5.67953268132    2.09144961126
5.68083383428    2.14239791109
5.68213558356    2.1397306869
5.68343792955    2.10355365052
5.68474087268    2.03428714704
5.68604441335    1.91420754296
5.68734855198    1.73177470123
5.68865328897    1.50557490714
5.68995862475    1.28925766051
5.69126455971    1.14468227604
5.69257109427    1.09765236029
5.69387822885    1.11669674487
5.69518596386    1.14075728527
5.69649429971    1.12819459341
5.69780323682    1.0835110403
5.6991127756    1.04618535563
5.70042291647    1.05426518445
5.70173365984    1.11512858791
5.70304500613    1.20639109721
5.70435695575    1.29589670108
5.70566950912    1.35922036069
5.70698266666    1.38486779661
5.70829642878    1.3704597441
5.70961079591    1.31963171993
5.71092576846    1.24494973458
5.71224134684    1.16864959458
5.71355753148    1.11244455397
5.7148743228    1.08076928137
5.71619172122    1.0524912344
5.71750972715    0.997618732783
5.71882834101    0.913784817035
5.72014756324    0.842762028014
5.72146739424    0.839786965115
5.72278783444    0.925372417116
5.72410888427    1.06693086245
5.72543054413    1.20538819729
5.72675281447    1.30366691911
5.72807569569    1.3674808368
5.72939918823    1.41714224795
5.7307232925    1.45777136855
5.73204800893    1.4880186573
5.73337333795    1.51317838015
5.73469927998    1.52775944579
5.73602583545    1.50187249596
5.73735300478    1.40797991676
5.73868078839    1.25506373846
5.74000918672    1.08575137917
5.74133820019    0.947141213584
5.74266782924    0.868163776734
5.74399807427    0.855334740104
5.74532893574    0.900629532635
5.74666041405    0.989720724546
5.74799250965    1.10567165788
5.74932522296    1.23243682602
5.75065855442    1.36027271412
5.75199250444    1.48309113419
5.75332707347    1.58546125065
5.75466226193    1.63958164798
5.75599807025    1.62441949636
5.75733449887    1.54419437651
5.75867154822    1.42532910016
5.76000921873    1.30713877392
5.76134751084    1.23890398041
5.76268642497    1.26143706304
5.76402596156    1.36652996976
5.76536612105    1.48707998753
5.76670690387    1.55005352616
5.76804831045    1.53350106412
5.76939034124    1.46416764421
5.77073299666    1.37951720166
5.77207627715    1.30489181587
5.77342018315    1.25529956878
5.7747647151    1.24334503026
5.77610987343    1.27963353647
5.77745565858    1.36397084117
5.778802071    1.47854319713
5.7801491111    1.59299021435
5.78149677935    1.67932383485
5.78284507618    1.72698637441
5.78419400202    1.74741909695
5.78554355731    1.7617798942
5.78689374251    1.77581973785
5.78824455804    1.76069560447
5.78959600435    1.66894560964
5.79094808189    1.48637704036
5.79230079109    1.26463108717
5.79365413239    1.09031181828
5.79500810625    1.02520909346
5.7963627131    1.07195985177
5.79771795339    1.17974525348
5.79907382756    1.2756330751
5.80043033606    1.30266246734
5.80178747933    1.24707852923
5.80314525781    1.1423256499
5.80450367197    1.04535246876
5.80586272223    0.99990464037
5.80722240905    1.00996251758
5.80858273287    1.04440457074
5.80994369415    1.07007144539
5.81130529333    1.07705508151
5.81266753086    1.06998161824
5.81403040718    1.04994419515
5.81539392276    1.01737234907
5.81675807803    0.985956721387
5.81812287345    0.982778763426
5.81948830947    1.02919075032
5.82085438654    1.11793010174
5.8222211051    1.21293672804
5.82358846563    1.27857478551
5.82495646856    1.30413834522
5.82632511434    1.29527758081
5.82769440344    1.25257517608
5.8290643363    1.16780287662
5.83043491339    1.03788912264
5.83180613515    0.879220684833
5.83317800203    0.72891214357
5.8345505145    0.63035016104
5.83592367301    0.612262058602
5.83729747802    0.675119981253
5.83867192998    0.795837265193
5.84004702935    0.948320846801
5.84142277659    1.11857805446
5.84279917216    1.29779735625
5.84417621651    1.46457722148
5.8455539101    1.57978810753
5.84693225339    1.60831897507
5.84831124685    1.55506616103
5.84969089093    1.47381676199
5.85107118609    1.42689433411
5.85245213279    1.43646142454
5.8538337315    1.47425500969
5.85521598268    1.48710591613
5.85659888678    1.43213596555
5.85798244428    1.30528231892
5.85936665563    1.15025965762
5.8607515213    1.03348216722
5.86213704176    0.99459584894
5.86352321746    1.02247947816
5.86491004887    1.08402143685
5.86629753647    1.15629441263
5.8676856807    1.21769660062
5.86907448204    1.23358788393
5.87046394097    1.17786924941
5.87185405793    1.06130633001
5.87324483341    0.925218624962
5.87463626786    0.814895257554
5.87602836176    0.762491292255
5.87742111558    0.780371365974
5.87881452979    0.856502060368
5.88020860485    0.959686594093
5.88160334123    1.05987108986
5.88299873942    1.14355311095
5.88439479987    1.20670422805
5.88579152306    1.23842590136
5.88718890946    1.2183485398
5.88858695954    1.1341810478
5.88998567379    1.00578213061
5.89138505266    0.888359494737
5.89278509663    0.840603514427
5.89418580619    0.881040155067
5.8955871818    0.969492526121
5.89698922393    1.03267954258
5.89839193307    1.0197777641
5.89979530969    0.938922323943
5.90119935427    0.840430829843
5.90260406728    0.774073938198
5.9040094492    0.761405147707
5.90541550051    0.792064883227
5.90682222169    0.835105087469
5.90822961321    0.859983062092
5.90963767556    0.857928301705
5.91104640921    0.843119550318
5.91245581465    0.828739807023
5.91386589235    0.809151594906
5.91527664281    0.773577916651
5.91668806649    0.728916938935
5.91810016388    0.699406338019
5.91951293546    0.703162694154
5.92092638172    0.730185243268
5.92234050314    0.747336797771
5.9237553002    0.731452605823
5.92517077339    0.690779156006
5.92658692319    0.648026649246
5.92800375009    0.614022356566
5.92942125458    0.587498144513
5.93083943713    0.56937169614
5.93225829824    0.565576649717
5.93367783839    0.577827206795
5.93509805808    0.596709685842
5.93651895778    0.60668535745
5.93794053799    0.599774572815
5.9393627992    0.581573023639
5.94078574189    0.560852770648
5.94220936656    0.538850558528
5.94363367369    0.512983392358
5.94505866378    0.485652261331
5.94648433732    0.463631638933
5.9479106948    0.4511873289
5.94933773672    0.446784966336
5.95076546356    0.445494735736
5.95219387581    0.443778862342
5.95362297398    0.441962117102
5.95505275856    0.442602550337
5.95648323004    0.446872694163
5.95791438891    0.452791104689
5.95934623567    0.456558128909
5.96077877083    0.456032350174
5.96221199486    0.45283607199
5.96364590828    0.450730938158
5.96508051158    0.452094735663
5.96651580526    0.456073097075
5.96795178981    0.45943622653
5.96938846573    0.459418754982
5.97082583353    0.455822008687
5.9722638937    0.450431384822
5.97370264675    0.445011901709
5.97514209317    0.439919309685
5.97658223346    0.434137338369
5.97802306814    0.426820896016
5.97946459769    0.418665669268
5.98090682263    0.411735360556
5.98234974346    0.407785538178
5.98379336068    0.406389663637
5.98523767479    0.404994993895
5.9866826863    0.401273058034
5.98812839571    0.395446471093
5.98957480354    0.389928791409
5.99102191028    0.387095221665
5.99246971644    0.387430248895
5.99391822254    0.389195559173
5.99536742907    0.389310262436
5.99681733655    0.38580928046
5.99826794549    0.379924832805
5.99971925639    0.375389920661
6.00117126976    0.374402290615
6.00262398611    0.375312017237
6.00407740597    0.374979356039
6.00553152982    0.371796456358
6.0069863582    0.365331723579
6.0084418916    0.355757440502
6.00989813055    0.34585744958
6.01135507555    0.341288581526
6.01281272712    0.345421875429
6.01427108577    0.355168466351
6.01573015202    0.363652199099
6.01718992639    0.36589761197
6.01865040938    0.361379561667
6.02011160151    0.353244883314
6.02157350331    0.346518927431
6.02303611529    0.345050400403
6.02449943796    0.348015218874
6.02596347184    0.350244270778
6.02742821746    0.348010006613
6.02889367533    0.343481811126
6.03035984597    0.341768270233
6.03182672991    0.345508079036
6.03329432765    0.353231312412
6.03476263973    0.361494879109
6.03623166666    0.367310501804
6.03770140897    0.369354625796
6.03917186718    0.367964373234
6.04064304181    0.364553452261
6.04211493339    0.360731603655
6.04358754244    0.357559062541
6.04506086949    0.355117626413
6.04653491505    0.352694984154
6.04800967967    0.349447950902
6.04948516385    0.345245540983
6.05096136814    0.341195754228
6.05243829305    0.339328897532
6.05391593912    0.341374308639
6.05539430687    0.347095365954
6.05687339683    0.353420628597
6.05835320954    0.35595008069
6.05983374551    0.352400216054
6.06131500529    0.344903289462
6.0627969894    0.338532299119
6.06427969837    0.337462362006
6.06576313274    0.342014423699
6.06724729304    0.348631820068
6.06873217979    0.352451249634
6.07021779355    0.350227282326
6.07170413483    0.341329042972
6.07319120417    0.32752068006
6.07467900212    0.312398317602
6.07616752919    0.3004846862
6.07765678594    0.29527861132
6.0791467729    0.29760478848
6.08063749059    0.305178718466
6.08212893957    0.314003874556
6.08362112037    0.320745142034
6.08511403353    0.323837752524
6.08660767959    0.322519863587
6.08810205908    0.315998509282
6.08959717255    0.304591196704
6.09109302055    0.291027143282
6.0925896036    0.279675654894
6.09408692225    0.274327529973
6.09558497705    0.27665030377
6.09708376854    0.285721690757
6.09858329726    0.298377397574
6.10008356375    0.310240481335
6.10158456856    0.317170014048
6.10308631224    0.31712759334
6.10458879533    0.311080930272
6.10609201838    0.30267205735
6.10759598193    0.295730390416
6.10910068653    0.291728288949
6.11060613274    0.28860458286
6.11211232108    0.282213961078
6.11361925213    0.269309163051
6.11512692642    0.250886297539
6.11663534451    0.232950249233
6.11814450694    0.223481213659
6.11965441427    0.226681224117
6.12116506706    0.239690942146
6.12267646584    0.255204285928
6.12418861117    0.266639027848
6.12570150362    0.270874725353
6.12721514372    0.268550241947
6.12872953204    0.263168974768
6.13024466913    0.259321663576
6.13176055555    0.259611645002
6.13327719185    0.263309363647
6.13479457858    0.267806733237
6.13631271632    0.271480489031
6.1378316056    0.274652892762
6.139351247    0.278223162132
6.14087164107    0.281709614038
6.14239278837    0.282820313645
6.14391468945    0.279620317597
6.14543734489    0.272724506395
6.14696075524    0.264811136312
6.14848492106    0.258537165904
6.15000984292    0.255227224831
6.15153552137    0.25482896668
6.15306195698    0.256699149936
6.15458915032    0.259940364176
6.15611710195    0.263018695408
6.15764581243    0.263701518027
6.15917528232    0.260238872444
6.16070551221    0.253210530982
6.16223650264    0.245775018324
6.1637682542    0.241705369963
6.16530076744    0.242094326218
6.16683404293    0.244343287499
6.16836808125    0.245111813144
6.16990288297    0.243544279695
6.17143844864    0.240914400653
6.17297477885    0.23877901594
6.17451187416    0.238025665341
6.17604973515    0.239001076765
6.17758836239    0.241084664987
6.17912775645    0.242595907388
6.18066791791    0.24195261209
6.18220884733    0.239047241765
6.1837505453    0.235433018564
6.18529301238    0.233102660501
6.18683624916    0.232812596986
6.18838025621    0.233533362272
6.18992503411    0.233621994201
6.19147058343    0.232274902603
6.19301690476    0.229825352699
6.19456399866    0.226999933979
6.19611186573    0.224208755163
6.19766050653    0.221609206639
6.19920992166    0.219720287424
6.20076011169    0.219185783751
6.2023110772    0.21946918121
6.20386281877    0.218793763091
6.205415337    0.216297223534
6.20696863245    0.213504864637
6.20852270572    0.21244098035
6.21007755739    0.2132441035
6.21163318804    0.214579225498
6.21318959826    0.215803273285
6.21474678863    0.217683620302
6.21630475975    0.22115824722
6.2178635122    0.225239331083
6.21942304656    0.226893003621
6.22098336343    0.223810273917
6.2225444634    0.216763555117
6.22410634705    0.208802818996
6.22566901497    0.202519451322
6.22723246776    0.198534719635
6.22879670601    0.195863201168
6.23036173031    0.193396817709
6.23192754125    0.190932837741
6.23349413943    0.188891470146
6.23506152543    0.187474300486
6.23662969986    0.186307246567
6.23819866331    0.185234535096
6.23976841637    0.185125814798
6.24133895964    0.187516526398
6.24291029372    0.192511509712
6.2444824192    0.197889105952
6.24605533669    0.2008895995
6.24762904677    0.201051787815
6.24920355006    0.200346570006
6.25077884715    0.201298059345
6.25235493864    0.204568941156
6.25393182513    0.208284837838
6.25550950723    0.209601550605
6.25708798553    0.20705532298
6.25866726064    0.201655494204
6.26024733316    0.19599871772
6.2618282037    0.192506761515
6.26340987286    0.191762119417
6.26499234124    0.192389394894
6.26657560946    0.192476984273
6.26815967812    0.191456216419
6.26974454782    0.190528708888
6.27133021918    0.190755269607
6.2729166928    0.191688469218
6.27450396929    0.192144475246
6.27609204926    0.19189372102
6.27768093333    0.191796596526
6.27927062209    0.192619727984
6.28086111617    0.194131776257
6.28245241617    0.195289819474
6.28404452272    0.195435898312
6.28563743641    0.194938895979
6.28723115787    0.194610604732
6.28882568771    0.194878905666
6.29042102654    0.196109678985
6.29201717499    0.198805538573
6.29361413366    0.202781045328
6.29521190318    0.206782958673
6.29681048416    0.209408062063
6.29840987723    0.210262102558
6.30001008299    0.209881048228
6.30161110207    0.208799782024
6.30321293509    0.207080256444
6.30481558267    0.204464821976
6.30641904543    0.200726765963
6.308023324    0.195943791517
6.30962841899    0.19033015818
6.31123433104    0.184160419368
6.31284106075    0.177996887049
6.31444860877    0.172658564928
6.31605697571    0.168750561358
6.3176661622    0.166361603976
6.31927616887    0.165443946266
6.32088699634    0.166343465775
6.32249864524    0.169178410466
6.32411111621    0.173129314239
6.32572440986    0.176290258384
6.32733852683    0.176864947801
6.32895346775    0.174721461854
6.33056923325    0.171719985001
6.33218582396    0.17004871495
6.33380324052    0.170248288193
6.33542148356    0.171050251841
6.3370405537    0.170992976054
6.3386604516    0.170047675991
6.34028117787    0.169539534461
6.34190273316    0.170234705183
6.3435251181    0.170914070807
6.34514833333    0.169459782047
6.34677237948    0.165094454309
6.3483972572    0.159353069374
6.35002296713    0.154967255748
6.3516495099    0.153838623309
6.35327688615    0.155962170312
6.35490509652    0.160284699993
6.35653414167    0.165829998845
6.35816402222    0.171788400151
6.35979473882    0.177082770002
6.36142629211    0.180488747965
6.36305868274    0.181202694424
6.36469191136    0.179034681157
6.3663259786    0.174585970533
6.36796088512    0.169425934895
6.36959663155    0.165612606188
6.37123321856    0.164335725005
6.37287064678    0.165159576636
6.37450891687    0.167173100854
6.37614802948    0.169943098605
6.37778798525    0.173200792718
6.37942878483    0.175860693497
6.38107042888    0.17645339788
6.38271291805    0.174210201747
6.384356253    0.169461886154
6.38600043437    0.163383797532
6.38764546281    0.157252617816
6.389291339    0.151912806383
6.39093806357    0.147299483717
6.39258563718    0.1424111673
6.39423406051    0.136014750407
6.39588333419    0.127504989464
6.39753345889    0.117414120169
6.39918443526    0.107312937415
6.40083626398    0.099166044711
6.40248894569    0.0944427300752
6.40414248105    0.0934031091361
6.40579687074    0.0950452373205
6.40745211541    0.0977579527202
6.40910821573    0.100086525043
6.41076517235    0.101089820737
6.41242298594    0.100436047592
6.41408165718    0.098539353275
6.41574118671    0.0965035414567
6.41740157522    0.0956606721814
6.41906282336    0.0970083624955
6.42072493181    0.100939269256
6.42238790123    0.107170815747
6.42405173229    0.114751329621
6.42571642566    0.122214100115
6.42738198202    0.128057393963
6.42904840203    0.13138684627
6.43071568637    0.132311648615
6.4323838357    0.131816252016
6.43405285071    0.131067134261
6.43572273206    0.13071587625
6.43739348044    0.130729754413
6.4390650965    0.130763984167
6.44073758095    0.13068296132
6.44241093443    0.130750586425
6.44408515765    0.131308850648
6.44576025127    0.1324457762
6.44743621598    0.134033895005
6.44911305244    0.135838408325
6.45079076135    0.137434629514
6.45246934339    0.138185240709
6.45414879923    0.137593614559
6.45582912956    0.135638631968
6.45751033506    0.132719782802
6.45919241642    0.129441551589
6.46087537432    0.126557833759
6.46255920944    0.124828191998
6.46424392248    0.124618414781
6.46592951412    0.125683124639
6.46761598504    0.127457953223
6.46930333594    0.12935369858
6.47099156749    0.130671185015
6.47268068041    0.130601550926
6.47437067536    0.128771869903
6.47606155305    0.125718411908
6.47775331417    0.12257441452
6.4794459594    0.120266211548
6.48113948945    0.118930704021
6.482833905    0.117996561732
6.48452920676    0.116869195604
6.48622539541    0.115620780726
6.48792247165    0.115050289292
6.48962043618    0.116005276877
6.4913192897    0.118458952693
6.4930190329    0.121252834043
6.49471966649    0.12291975903
6.49642119116    0.122710654518
6.49812360761    0.120846154862
6.49982691655    0.1181347402
6.50153111868    0.115501941783
6.5032362147    0.113662588993
6.50494220531    0.11292270416
6.50664909122    0.113113435427
6.50835687313    0.113719366247
6.51006555176    0.114143398141
6.51177512779    0.113940857297
6.51348560195    0.112866136006
6.51519697494    0.110809486958
6.51690924747    0.107934783711
6.51862242025    0.105018937317
6.52033649399    0.103162961515
6.5220514694    0.102679374348
6.52376734718    0.102574214857
6.52548412806    0.101636907678
6.52720181275    0.0998077305247
6.52892040196    0.0981889816985
6.5306398964    0.0979855657073
6.5323602968    0.0995552093664
6.53408160386    0.102232223796
6.5358038183    0.104926194373
6.53752694085    0.106940942952
6.53925097222    0.108325622675
6.54097591312    0.109462857751
6.54270176428    0.110285228587
6.54442852643    0.110279280553
6.54615620027    0.109549342733
6.54788478654    0.10920941704
6.54961428596    0.110063837488
6.55134469924    0.111441447285
6.55307602712    0.112006415542
6.55480827033    0.111223775456
6.55654142957    0.109572549256
6.55827550559    0.10770931111
6.56001049911    0.105825513146
6.56174641086    0.103749841627
6.56348324157    0.101521906826
6.56522099196    0.0996330134768
6.56695966278    0.0985622061348
6.56869925474    0.0982759512819
6.57043976859    0.0983765783964
6.57218120505    0.0985470599403
6.57392356486    0.0987187189605
6.57566684875    0.0989335104237
6.57741105746    0.0991648057998
6.57915619173    0.0992491203096
6.58090225229    0.0989116064764
6.58264923988    0.0978542765878
6.58439715524    0.0958913656025
6.58614599911    0.0931400295841
6.58789577222    0.0901393723823
6.58964647532    0.087659928669
6.59139810915    0.0861824678949
6.59315067446    0.0856024500018
6.59490417198    0.0855124415168
6.59665860246    0.0856504005431
6.59841396664    0.0859617945947
6.60017026528    0.086436629131
6.60192749911    0.0870149812377
6.60368566888    0.0876148690797
6.60544477534    0.0881655712463
6.60720481925    0.0886311488311
6.60896580134    0.0890532725297
6.61072772238    0.0895012011223
6.6124905831    0.089929250867
6.61425438427    0.0901480791763
6.61601912664    0.0900350601207
6.61778481095    0.0897743754133
6.61955143797    0.0897899477905
6.62131900845    0.0903792753622
6.62308752314    0.0913511903147
6.62485698281    0.092123614367
6.6266273882    0.0922988703278
6.62839874008    0.0920389560116
6.63017103921    0.0916994903201
6.63194428634    0.0913548486411
6.63371848225    0.0908277673091
6.63549362768    0.0899509769983
6.6372697234    0.0885754128273
6.63904677018    0.0864892168248
6.64082476878    0.083583831602
6.64260371997    0.0801086406519
6.6443836245    0.0766891893932
6.64616448315    0.0740838504736
6.64794629669    0.0728235982247
6.64972906587    0.0729541369129
6.65151279148    0.0739961982557
6.65329747428    0.0751573298529
6.65508311504    0.0757205069136
6.65686971453    0.0753769131284
6.65865727353    0.0743135032964
6.66044579281    0.0729785646711
6.66223527314    0.0717117880388
6.6640257153    0.0706192807638
6.66581712006    0.0697987551683
6.66760948821    0.0694619754845
6.66940282051    0.0696652629559
6.67119711774    0.0702052847637
6.67299238069    0.0710298903721
6.67478861013    0.0724073733595
6.67658580685    0.0743721115581
6.67838397162    0.076352328696
6.68018310524    0.0777043014847
6.68198320847    0.0782583854233
6.68378428211    0.0779414157903
6.68558632695    0.076343500133
6.68738934375    0.0731489360615
6.68919333333    0.0687846811515
6.69099829645    0.064312988717
6.69280423391    0.0607398210964
6.6946111465    0.0584820168499
6.69641903501    0.0574578835257
6.69822790023    0.057556248948
6.70003774295    0.0586904262449
6.70184856396    0.0601976525032
6.70366036406    0.0607424121121
6.70547314403    0.0594264942427
6.70728690469    0.0568322755549
6.70910164682    0.0545592450471
6.71091737122    0.0538637137439
6.71273407868    0.0547726481872
6.71455177001    0.0563793987876
6.716370446    0.0579146748214
6.71819010746    0.0593491132102
6.72001075519    0.0608556241557
6.72183238998    0.0621583764458
6.72365501265    0.0627921855818
6.72547862399    0.0626217683627
6.72730322481    0.0617900730827
6.72912881591    0.0605038444248
6.73095539811    0.0592123105103
6.73278297221    0.0587145828157
6.73461153901    0.0596427036608
6.73644109933    0.0618864090269
6.73827165398    0.0646683959873
6.74010320376    0.0671052232541
6.74193574949    0.0686852312132
6.74376929199    0.0693473173125
6.74560383206    0.0692378374027
6.74743937051    0.0685626030306
6.74927590818    0.067716819317
6.75111344586    0.067275280343
6.75295198438    0.0675502868745
6.75479152455    0.0682384822374
6.7566320672    0.068678186921
6.75847361315    0.0684223158548
6.76031616321    0.067542136094
6.7621597182    0.0664869939949
6.76400427895    0.0656537084363
6.76584984629    0.0650868334493
6.76769642103    0.0645456339561
6.769544004    0.0638228901521
6.77139259602    0.0629822066691
6.77324219794    0.0622940020806
6.77509281056    0.0618976772833
6.77694443472    0.0616334305382
6.77879707125    0.0612786403495
6.78065072098    0.060812410755
6.78250538475    0.0603768987138
6.78436106338    0.0601034394743
6.7862177577    0.060145404199
6.78807546856    0.0607214484225
6.78993419678    0.0619736696749
6.7917939432    0.0637567489619
6.79365470867    0.0656125319634
6.79551649401    0.0669345790224
6.79737930007    0.067229029869
6.79924312768    0.0663719944129
6.80110797769    0.0647092095755
6.80297385093    0.0628182445256
6.80484074825    0.0610390253884
6.8067086705    0.0593504867668
6.80857761852    0.057830753168
6.81044759314    0.0569476148755
6.81231859523    0.0572342916806
6.81419062562    0.0591134305326
6.81606368517    0.0632970157602
6.81793777472    0.070487656199
6.81981289512    0.0797611260012
6.82168904722    0.0877443444844
6.82356623188    0.0904196509163
6.82544444994    0.0860200210234
6.82732370227    0.076328040111
6.82920398971    0.0654382120186
6.83108531312    0.0569707911206
6.83296767336    0.0521405962628
6.83485107129    0.0501752751568
6.83673550776    0.0498112313991
6.83862098363    0.0501005741065
6.84050749976    0.0504994264974
6.84239505702    0.0508564829423
6.84428365626    0.0513034884667
6.84617329835    0.05194609278
6.84806398416    0.0527994456506
6.84995571454    0.0541222474456
6.85184849037    0.0564019078722
6.8537423125    0.0595608831867
6.85563718182    0.0624268390321
6.85753309918    0.0634532442369
6.85943006546    0.061969675115
6.86132808153    0.0586919308553
6.86322714825    0.0551353429479
6.86512726651    0.0524616015769
6.86702843718    0.0508038982387
6.86893066112    0.0496504325351
6.87083393922    0.0486045433641
6.87273827235    0.0476570915718
6.87464366139    0.0469806567357
6.87655010722    0.0466412899946
6.87845761072    0.0465195635849
6.88036617276    0.04641200259
6.88227579424    0.0461832498531
6.88418647602    0.0457926745041
6.88609821901    0.0452494736466
6.88801102407    0.0445793941765
6.88992489209    0.0438234130559
6.89183982397    0.0430364215356
6.89375582058    0.0422808241756
6.89567288283    0.0416214302444
6.89759101158    0.0410936702135
6.89951020775    0.040678269894
6.90143047221    0.0402861665404
6.90335180586    0.0397916959037
6.90527420959    0.0391113255425
6.9071976843    0.0382909978251
6.90912223088    0.0375437751251
6.91104785023    0.0371848013387
6.91297454325    0.0374930857452
6.91490231083    0.0385876605569
6.91683115387    0.0403193211639
6.91876107328    0.0422549502093
6.92069206995    0.0438626501439
6.92262414479    0.0448350654196
6.9245572987    0.0452148770054
6.92649153258    0.0451240826435
6.92842684734    0.0445609509888
6.93036324389    0.0435703414391
6.93230072313    0.0424461724693
6.93423928597    0.0415647124788
6.93617893333    0.041083933657
6.9381196661    0.040897638636
6.94006148521    0.0408157443158
6.94200439156    0.0407113350381
6.94394838607    0.040566890512
6.94589346965    0.0404125610255
6.94783964322    0.0402370885606
6.94978690769    0.0399466052208
6.95173526399    0.0394562131153
6.95368471302    0.0388650497722
6.95563525572    0.038500770607
6.957586893    0.0386653115367
6.95953962578    0.0393502915345
6.96149345498    0.0401904644487
6.96344838153    0.0406792290019
6.96540440636    0.0404631869297
6.96736153038    0.0395098902039
6.96931975454    0.0380670998037
6.97127907974    0.0364716143075
6.97323950693    0.0349811268621
6.97520103703    0.033697383789
6.97716367097    0.0325939513014
6.97912740969    0.0316928744759
6.98109225412    0.0312543906787
6.98305820519    0.0317068102778
6.98502526384    0.0332642926135
6.98699343101    0.0356066110438
6.98896270762    0.0380217951347
6.99093309463    0.0398180377451
6.99290459296    0.0406402253068
6.99487720357    0.0405122503176
6.99685092738    0.0396617723953
6.99882576535    0.0383307548732
7.00080171842    0.0367137296467
7.00277878753    0.0350208222405
7.00475697363    0.0335467248979
7.00673627766    0.0326322717938
7.00871670058    0.0324574853816
7.01069824332    0.0328254814382
7.01268090686    0.0331266425029
7.01466469212    0.0326679279573
7.01664960007    0.0312283046454
7.01863563166    0.0293139841171
7.02062278784    0.027753938832
7.02261106957    0.0270638067142
7.0246004778    0.0271452958233
7.0265910135    0.0275181884208
7.02858267762    0.0278245420841
7.03057547112    0.0280999492864
7.03256939496    0.0285413241925
7.03456445011    0.0291618264869
7.03656063753    0.0297413061817
7.03855795817    0.0300454643648
7.04055641302    0.0300174302242
7.04255600302    0.0297857937163
7.04455672916    0.0295129737642
7.0465585924    0.0292757683584
7.0485615937    0.0290643795014
7.05056573405    0.0288507837772
7.0525710144    0.0286167478946
7.05457743574    0.0283610919399
7.05658499904    0.0281372883658
7.05859370528    0.0280302453172
7.06060355542    0.0280470420369
7.06261455045    0.0280541071158
7.06462669135    0.0278709177216
7.06663997909    0.0274299840049
7.06865441466    0.02682130842
7.07066999904    0.0262314575137
7.07268673321    0.0258066784862
7.07470461816    0.0255636047698
7.07672365486    0.025387210268
7.07874384432    0.0251084227269
7.0807651875    0.0246224821906
7.08278768542    0.0239538531123
7.08481133904    0.0232233273668
7.08683614937    0.0225454004984
7.08886211739    0.0219681196144
7.09088924411    0.021497326638
7.0929175305    0.0212049613676
7.09494697758    0.0212240669681
7.09697758633    0.0215781222274
7.09900935776    0.0220973569816
7.10104229285    0.022569214802
7.10307639262    0.0229074776601
7.10511165806    0.0231219576979
7.10714809018    0.0231889228502
7.10918568998    0.0230763199574
7.11122445846    0.0228227249737
7.11326439663    0.0225239933016
7.11530550549    0.0222482881871
7.11734778606    0.0219716944812
7.11939123935    0.021602345233
7.12143586635    0.0211010506695
7.1234816681    0.0205443097513
7.12552864559    0.0200584699156
7.12757679984    0.0197041184703
7.12962613187    0.019446528617
7.13167664269    0.0192106272006
7.13372833333    0.0189583510675
7.13578120479    0.0187182319116
7.1378352581    0.0185329793349
7.13989049428    0.018397753679
7.14194691435    0.0182697880698
7.14400451934    0.0181158929731
7.14606331027    0.0179444028388
7.14812328816    0.0177873037748
7.15018445405    0.0176433882075
7.15224680895    0.0174677112325
7.15431035391    0.017234335258
7.15637508994    0.0169740613989
7.15844101808    0.0167058184746
7.16050813937    0.0163859813393
7.16257645484    0.0160063884892
7.16464596551    0.0156896641137
7.16671667244    0.0156287933162
7.16878857665    0.0159421815338
7.17086167919    0.0165562652703
7.17293598109    0.0172472044216
7.1750114834    0.017799898601
7.17708818716    0.0181429727915
7.17916609341    0.0183213761964
7.1812452032    0.0183998895818
7.18332551757    0.018400953408
7.18540703757    0.018302447786
7.18748976424    0.0180378214074
7.18957369865    0.0175617362518
7.19165884183    0.0169493923002
7.19374519485    0.0164125381478
7.19583275875    0.0161577597964
7.19792153458    0.0162464293007
7.20001152341    0.0166102899616
7.2021027263    0.0171089592874
7.20419514429    0.0175324694387
7.20628877845    0.0176562014307
7.20838362984    0.0174329604096
7.21047969952    0.0170901654595
7.21257698855    0.0169244563877
7.214675498    0.0170389246608
7.21677522894    0.0172867801284
7.21887618243    0.0174194542525
7.22097835953    0.0172469455541
7.22308176133    0.0167211049503
7.22518638888    0.0159525999263
7.22729224326    0.0151595116238
7.22939932555    0.0145732981535
7.23150763682    0.0143242715358
7.23361717813    0.0143586796464
7.23572795058    0.0144900643034
7.23783995524    0.0145820395637
7.23995319318    0.0146692852382
7.24206766549    0.0148555818138
7.24418337325    0.0151672596647
7.24630031755    0.0155499698382
7.24841849946    0.0159402820142
7.25053792007    0.0162760642551
7.25265858047    0.0164780850192
7.25478048176    0.0164431695614
7.256903625    0.016121207575
7.25902801131    0.0155930379796
7.26115364177    0.015049420897
7.26328051747    0.0146577441207
7.26540863951    0.0144589841054
7.26753800898    0.0144001343099
7.26966862698    0.0144306004138
7.27180049462    0.0145216350767
7.27393361298    0.0146639879691
7.27606798317    0.0148861256842
7.27820360629    0.0152461292192
7.28034048345    0.0157414737372
7.28247861575    0.0162214052778
7.2846180043    0.016434099677
7.2867586502    0.0162012159467
7.28890055457    0.0155952493474
7.29104371851    0.0149160435151
7.29318814313    0.0144286306377
7.29533382955    0.0141678970289
7.29748077888    0.0140357834048
7.29962899224    0.0139866665221
7.30177847074    0.0140272055898
7.30392921551    0.01411529978
7.30608122765    0.0141307767956
7.30823450829    0.0139729951835
7.31038905856    0.0136750769821
7.31254487958    0.0133797645584
7.31470197246    0.0131865149859
7.31686033834    0.0130397988908
7.31901997835    0.0128334169741
7.3211808936    0.0125629621869
7.32334308525    0.0123255196727
7.3255065544    0.0122111841013
7.3276713022    0.0122039702872
7.32983732978    0.0121877540101
7.33200463827    0.0120399357509
7.33417322882    0.0117315185836
7.33634310256    0.0113549213861
7.33851426062    0.0110425453743
7.34068670416    0.0108534198219
7.3428604343    0.0107629878143
7.3450354522    0.0107695051393
7.347211759    0.0109199624924
7.34938935585    0.0111549893513
7.35156824389    0.0112385640268
7.35374842427    0.0109678776954
7.35592989814    0.0103988819973
7.35811266666    0.0097690119834
7.36029673097    0.00927506566246
7.36248209223    0.00896800870651
7.3646687516    0.0088034683871
7.36685671023    0.00873539375634
7.36904596928    0.00874846770722
7.37123652992    0.00881839423962
7.37342839329    0.0088856747554
7.37562156057    0.00889762169151
7.37781603292    0.00885033414971
7.3800118115    0.00876057275116
7.38220889748    0.00863085457315
7.38440729203    0.0084722303512
7.38660699632    0.00833374061927
7.38880801151    0.00826829690225
7.39101033879    0.00827665448544
7.39321397932    0.00830081861699
7.39541893428    0.00828812961644
7.39762520484    0.00826495340615
7.39983279219    0.0083165672812
7.4020416975    0.00845707542326
7.40425192196    0.00855924524399
7.40646346674    0.00847255631457
7.40867633303    0.00819855872331
7.41089052201    0.00793479387501
7.41310603487    0.00795106997583
7.4153228728    0.00838567692014
7.41754103698    0.0090984960875
7.41976052862    0.00970225961284
7.42198134889    0.00979778141789
7.42420349899    0.00928360946845
7.42642698013    0.00844658365951
7.42865179348    0.0077033724249
7.43087794026    0.00729135214326
7.43310542165    0.0072154011849
7.43533423887    0.00736115416023
7.43756439311    0.00757308610985
7.43979588558    0.0076982297426
7.44202871748    0.00766019899572
7.44426289002    0.00751090317087
7.4464984044    0.00738304884225
7.44873526183    0.00737741633463
7.45097346353    0.0074810410335
7.45321301071    0.0075857346201
7.45545390458    0.00759542760895
7.45769614636    0.00750952994143
7.45993973726    0.00740449763253
7.4621846785    0.00738462182836
7.46443097129    0.00758096811572
7.46667861687    0.00815780327197
7.46892761646    0.00926674813286
7.47117797127    0.0109726022082
7.47342968253    0.0131942702065
7.47568275147    0.0156285897616
7.47793717932    0.0177128263336
7.48019296731    0.0187396963826
7.48245011667    0.0182293714997
7.48470862863    0.0162688321596
7.48696850442    0.0135338936712
7.48922974529    0.0109219263464
7.49149235246    0.00901554537449
7.49375632718    0.00783124454612
7.49602167069    0.00707595376047
7.49828838423    0.00652765157532
7.50055646904    0.00613350753296
7.50282592637    0.0058923834077
7.50509675746    0.0057764099385
7.50736896356    0.00574587495258
7.50964254592    0.00578175051776
7.5119175058    0.0058778075647
7.51419384444    0.00599987800902
7.51647156309    0.0060800526688
7.51875066302    0.00607626028959
7.52103114548    0.00601324216931
7.52331301172    0.0059427113668
7.52559626302    0.00588924047496
7.52788090062    0.00585749410218
7.53016692579    0.00586097695514
7.53245433981    0.00591625210655
7.53474314392    0.0060279118894
7.5370333394    0.0061969180431
7.53932492753    0.00641029271009
7.54161790956    0.00659746112135
7.54391228678    0.00664732262703
7.54620806045    0.00653506534853
7.54850523185    0.00641285850515
7.55080380227    0.00651385443231
7.55310377296    0.00693113911594
7.55540514523    0.00746836246902
7.55770792034    0.00774458638098
7.56001209959    0.00752782671165
7.56231768425    0.00695317329529
7.56462467561    0.00637393259295
7.56693307496    0.00604063209189
7.56924288359    0.00594057857814
7.57155410279    0.00588610823142
7.57386673385    0.00572944237563
7.57618077808    0.00549731820881
7.57849623675    0.00532822891126
7.58081311117    0.00532381503119
7.58313140264    0.00547420492079
7.58545111246    0.00568715239912
7.58777224193    0.00586412419132
7.59009479236    0.00594524762933
7.59241876505    0.00589922621823
7.5947441613    0.00571717218773
7.59707098243    0.00544617136578
7.59939922974    0.00519979310219
7.60172890455    0.00508818903398
7.60406000817    0.00513140138464
7.60639254191    0.00524573716936
7.6087265071    0.005316266504
7.61106190505    0.00529275214465
7.61339873707    0.00521908117806
7.6157370045    0.00516958299074
7.61807670865    0.00518433069447
7.62041785084    0.0052732031466
7.62276043241    0.00542419930214
7.62510445469    0.0055650219346
7.62744991899    0.00558062195384
7.62979682666    0.00543642987955
7.63214517902    0.00524216439019
7.63449497741    0.0051309303727
7.63684622317    0.00512113527517
7.63919891763    0.00514015732888
7.64155306214    0.00512487397717
7.64390865803    0.00504968103513
7.64626570664    0.00490610425018
7.64862420933    0.00470956910758
7.65098416743    0.00451420337674
7.6533455823    0.0043867003375
7.65570845528    0.00435293589052
7.65807278772    0.00437138721088
7.66043858098    0.00436466854497
7.66280583642    0.00428998330415
7.66517455538    0.00417318870646
7.66754473922    0.00406641071311
7.66991638931    0.00399964783386
7.672289507    0.00399162632111
7.67466409367    0.0040749891089
7.67704015066    0.00427152441328
7.67941767936    0.00455005380101
7.68179668112    0.00482485391259
7.68417715731    0.00500181055802
7.68655910931    0.00503627457504
7.68894253849    0.00495449216278
7.69132744623    0.00481821956632
7.69371383389    0.0046699558052
7.69610170287    0.0045138074053
7.69849105453    0.00434509564109
7.70088189026    0.00419463989101
7.70327421144    0.00411723357727
7.70566801947    0.0041139629697
7.70806331571    0.00410295856319
7.71046010157    0.0040091659222
7.71285837843    0.00385103757206
7.71525814768    0.00370316130582
7.71765941072    0.00360907446521
7.72006216894    0.00355873316932
7.72246642374    0.00352751627173
7.72487217652    0.00351295597151
7.72727942868    0.00353861873261
7.72968818162    0.00362963164212
7.73209843674    0.00377747693635
7.73451019546    0.00392382159316
7.73692345917    0.00398885866438
7.73933822929    0.0039345765765
7.74175450722    0.00379358708941
7.74417229439    0.00362524320785
7.7465915922    0.00346275064792
7.74901240208    0.00331717680138
7.75143472543    0.0032018762538
7.75385856368    0.00312765554857
7.75628391825    0.00308730083187
7.75871079056    0.00306738775808
7.76113918205    0.00307099028353
7.76356909413    0.00312063906973
7.76600052823    0.00323690317009
7.76843348579    0.00341224202455
7.77086796824    0.0035983751348
7.773303977    0.0037247245924
7.77574151353    0.00374089313209
7.77818057925    0.00365878264024
7.7806211756    0.0035449070396
7.78306330403    0.00345892504877
7.78550696598    0.0034083666872
7.78795216289    0.0033729252448
7.79039889621    0.00334669341302
7.79284716739    0.00333632575722
7.79529697788    0.00334666875548
7.79774832913    0.00338852393627
7.8002012226    0.00347395769026
7.80265565974    0.00357636666552
7.805111642    0.00362325359375
7.80756917086    0.00356670803184
7.81002824776    0.00344241820292
7.81248887418    0.00333274846807
7.81495105157    0.00329084376963
7.81741478141    0.00331509185117
7.81988006517    0.00336610729962
7.8223469043    0.00338898863407
7.8248153003    0.00333667670093
7.82728525462    0.00320102253639
7.82975676875    0.00302706674837
7.83222984417    0.00288871930406
7.83470448235    0.00284571392006
7.83718068478    0.00291332779416
7.83965845294    0.00304923852014
7.84213778831    0.00316344092837
7.84461869239    0.00316664863684
7.84710116666    0.00304414451639
7.84958521261    0.00287605770343
7.85207083174    0.00276281433524
7.85455802554    0.00274195073149
7.85704679551    0.00278703846426
7.85953714315    0.0028628071206
7.86202906996    0.00296626323238
7.86452257743    0.00312531709621
7.86701766708    0.00336429051729
7.86951434041    0.00366154829433
7.87201259893    0.00393100476601
7.87451244415    0.00405607221879
7.87701387759    0.00396899589205
7.87951690074    0.00370806894432
7.88202151514    0.00339714669622
7.8845277223    0.00317017890441
7.88703552374    0.00310040385347
7.88954492098    0.00317304608724
7.89205591554    0.00330870385535
7.89456850896    0.00341342842354
7.89708270275    0.00342492786435
7.89959849845    0.00333746877803
7.90211589759    0.00319791957222
7.9046349017    0.00307083767253
7.90715551232    0.0029888913865
7.90967773099    0.00293159936649
7.91220155923    0.00285708751139
7.91472699861    0.00275139108461
7.91725405065    0.00264679258318
7.91978271691    0.00259747445259
7.92231299893    0.00263464531981
7.92484489826    0.00273801483303
7.92737841645    0.0028587642419
7.92991355505    0.00299022449173
7.93245031562    0.00322819223543
7.93498869972    0.00371460836707
7.93752870891    0.00445964958645
7.94007034475    0.005243062489
7.94261360879    0.00574661274664
7.94515850261    0.00578297579667
7.94770502777    0.00540005556936
7.95025318584    0.0048029260972
7.9528029784    0.00418045621552
7.95535440701    0.00360866054206
7.95790747325    0.00310510869138
7.9604621787    0.00270946488086
7.96301852493    0.00246043290344
7.96557651354    0.00233876475246
7.96813614609    0.00227935232782
7.97069742419    0.0022273441064
7.9732603494    0.0021679816243
7.97582492333    0.00212181283563
7.97839114757    0.00213393840962
7.9809590237    0.00227250851802
7.98352855333    0.00262257605335
7.98609973805    0.00324602823247
7.98867257946    0.00410263270211
7.99124707916    0.00499354803861
7.99382323876    0.00563243330645
7.99640105986    0.00589748909357
7.99898054408    0.00607968909827
8.00156169301    0.00667705353946
8.00414450828    0.00771398102504
8.00672899149    0.00847204424848
8.00931514426    0.00819064584405
8.01190296822    0.00685898599637
8.01449246498    0.00513060656459
8.01708363616    0.00368370827206
8.01967648339    0.00280180253644
8.0222710083    0.00238851464709
8.0248672125    0.00221052206694
8.02746509765    0.00210727062458
8.03006466536    0.00203772593722
8.03266591728    0.00202047352273
8.03526885504    0.00207245837446
8.03787348027    0.00218222017645
8.04047979463    0.00230895630269
8.04308779975    0.00239757384523
8.04569749729    0.00240554751526
8.04830888888    0.0023268724437
8.05092197618    0.00219884997921
8.05353676084    0.0020857238143
8.05615324452    0.00204290546659
8.05877142887    0.0020828288463
8.06139131555    0.00216438810438
8.06401290622    0.00221970828122
8.06663620255    0.00220664793199
8.0692612062    0.00214363667634
8.07188791883    0.00209694848928
8.07451634212    0.0021413110654
8.07714647773    0.00232141017498
8.07977832735    0.00261382226425
8.08241189265    0.00290409293725
8.0850471753    0.00303365992909
8.08768417699    0.00292194160921
8.09032289939    0.00263759483451
8.0929633442    0.00232665647585
8.0956055131    0.00209455268278
8.09824940779    0.00196528887336
8.10089502994    0.00191323044553
8.10354238125    0.00190286363423
8.10619146343    0.00191358406049
8.10884227817    0.00195381163951
8.11149482716    0.00205795467287
8.11414911212    0.00225601438347
8.11680513474    0.00252375731673
8.11946289674    0.0027519797518
8.12212239982    0.00279949604615
8.12478364569    0.00261847423568
8.12744663607    0.00231327210476
8.13011137267    0.00204103860676
8.13277785721    0.00187988169398
8.13544609142    0.00181039575273
8.13811607701    0.00178081074193
8.14078781571    0.00175637337893
8.14346130924    0.00172749864979
8.14613655934    0.00169756715166
8.14881356774    0.00167140773161
8.15149233617    0.00165019614279
8.15417286637    0.00163292222104
8.15685516008    0.00161803309731
8.15953921903    0.00160470663129
8.16222504498    0.0015931212965
8.16491263966    0.00158418079739
8.16760200482    0.00157860514065
8.17029314222    0.00157638769357
8.17298605361    0.00157571118393
8.17568074073    0.0015736774585
8.17837720536    0.00156857134891
8.18107544924    0.00156112176938
8.18377547414    0.00155449363696
8.18647728182    0.00155103142286
8.18918087406    0.00155181095559
8.19188625261    0.00155808545168
8.19459341925    0.00157362633813
8.19730237575    0.00160381497916
8.20001312389    0.00164853235644
8.20272566544    0.00169543646736
8.2054400022    0.00172305651864
8.20815613593    0.00171383815162
8.21087406842    0.00166794415824
8.21359380147    0.00160525765168
8.21631533686    0.00154981947869
8.21903867638    0.00151253682966
8.22176382183    0.001490779354
8.224490775    0.00147745349373
8.2272195377    0.00146780736826
8.22995011173    0.00146058371167
8.23268249888    0.00145586694872
8.23541670098    0.001453027936
8.23815271981    0.0014509936848
8.24089055721    0.00144940640441
8.24363021497    0.00144942204436
8.24637169493    0.00145228239392
8.24911499888    0.00145744856874
8.25186012867    0.00146225166643
8.2546070861    0.00146536114219
8.25735587301    0.00146731252077
8.26010649122    0.00146562639004
8.26285894257    0.00145340129634
8.26561322888    0.00142702921334
8.268369352    0.00139202268772
8.27112731376    0.00135812265491
8.273887116    0.00133080388222
8.27664876056    0.00131040638755
8.2794122493    0.001295945943
8.28217758405    0.00128652909309
8.28494476667    0.00128108853887
8.28771379901    0.00127891198198
8.29048468293    0.00128078474431
8.29325742028    0.00128801758587
8.29603201293    0.00130077548813
8.29880846273    0.00131816925918
8.30158677156    0.00133615311942
8.30436694127    0.00134525530828
8.30714897375    0.00133453969327
8.30993287086    0.00130220705608
8.31271863448    0.00126099041493
8.31550626648    0.00122734932404
8.31829576875    0.0012085225556
8.32108714317    0.00120168554231
8.32388039162    0.00120279932731
8.326675516    0.00121516230928
8.32947251819    0.0012482525189
8.33227140008    0.00130760281474
8.33507216358    0.00138402043331
8.33787481057    0.00145163575669
8.34067934297    0.00148038918386
8.34348576266    0.0014560254735
8.34629407157    0.00139453827088
8.3491042716    0.00133651620717
8.35191636465    0.00132347911068
8.35473035264    0.00137153716247
8.35754623749    0.00146498289941
8.36036402112    0.00157422132543
8.36318370544    0.00166861306093
8.36600529239    0.00170956587549
8.36882878388    0.0016572102222
8.37165418185    0.00150940519962
8.37448148823    0.00132118523138
8.37731070495    0.00116320552528
8.38014183394    0.00106933313148
8.38297487716    0.00103100517425
8.38580983654    0.00102540646987
8.38864671402    0.00103425205376
8.39148551155    0.00104815181562
8.39432623109    0.00106726712473
8.39716887458    0.00110565244103
8.40001344398    0.00119009410496
8.40285994125    0.00134559289236
8.40570836835    0.00156746798738
8.40855872724    0.00180802912412
8.41141101989    0.00199509904646
8.41426524827    0.0020670314058
8.41712141434    0.00199879465266
8.41997952008    0.00181259580339
8.42283956747    0.0015731172665
8.42570155849    0.0013596880103
8.42856549512    0.00122298988964
8.43143137934    0.00116439808722
8.43429921314    0.00115867584559
8.43716899852    0.00118609163515
8.44004073745    0.00123579633478
8.44291443195    0.0012900985196
8.44579008401    0.00131965548229
8.44866769562    0.00129859324778
8.45154726879    0.00122659190473
8.45442880554    0.00113311354726
8.45731230786    0.0010547266602
8.46019777777    0.00101066417646
8.46308521728    0.00100178475966
8.46597462842    0.00101839779833
8.4688660132    0.00104274458664
8.47175937364    0.00105222780245
8.47465471177    0.0010345844321
8.47755202962    0.000997863752661
8.48045132922    0.000960435778114
8.4833526126    0.000934822351749
8.48625588181    0.000923098591257
8.48916113887    0.00092213121992
8.49206838584    0.000926615196678
8.49497762475    0.000930338191756
8.49788885766    0.000927691064213
8.50080208661    0.000916845840799
8.50371731366    0.000900662707679
8.50663454087    0.00088516967854
8.5095537703    0.000876712304039
8.512475004    0.000878614331481
8.51539824404    0.000888602707149
8.51832349249    0.000899576832744
8.52125075142    0.000902956480722
8.52418002291    0.000893763723687
8.52711130902    0.000874353205704
8.53004461185    0.000851893621411
8.53297993346    0.000832288164727
8.53591727595    0.00081617007075
8.5388566414    0.000802089024416
8.54179803191    0.000790347509531
8.54474144957    0.000782274220459
8.54768689646    0.000777696066865
8.5506343747    0.000775828344141
8.55358388639    0.000776971272656
8.55653543362    0.000781746372147
8.55948901852    0.000789551831166
8.56244464318    0.000799012125384
8.56540230972    0.000809332514132
8.56836202026    0.000820165239886
8.57132377692    0.000830620243381
8.57428758183    0.000838765259261
8.57725343709    0.000842130864024
8.58022134486    0.000839248391221
8.58319130725    0.000830541228145
8.5861633264    0.000818892484665
8.58913740445    0.000807841278736
8.59211354353    0.000798819901629
8.5950917458    0.000790498055976
8.5980720134    0.000781663642062
8.60105434847    0.000773127012555
8.60403875317    0.000765532912227
8.60702522966    0.000757728379682
8.61001378008    0.000749509945405
8.61300440661    0.000744188116784
8.61599711141    0.000746058057566
8.61899189664    0.000756333996008
8.62198876448    0.000772435927852
8.62498771709    0.000789295320153
8.62798875666    0.000800541712127
8.63099188536    0.000801259223279
8.63399710538    0.00079305981325
8.63700441889    0.000786119654598
8.6400138281    0.000793527238579
8.64302533518    0.000821995980203
8.64603894234    0.00086591613584
8.64905465178    0.000909289407289
8.65207246568    0.000933375019502
8.65509238626    0.000926346328031
8.65811441573    0.000888429773382
8.66113855628    0.00083073427412
8.66416481015    0.000769219697905
8.66719317953    0.00071737022182
8.67022366666    0.000680893455281
8.67325627375    0.000657940459568
8.67629100302    0.000643944111509
8.67932785672    0.000636212428358
8.68236683706    0.000635277785995
8.68540794628    0.000645839617812
8.68845118663    0.000677566913345
8.69149656034    0.000738332350545
8.69454406965    0.000819243201921
8.69759371682    0.000889735738893
8.70064550408    0.000915872915713
8.70369943371    0.000884656111945
8.70675550795    0.000812240238499
8.70981372906    0.000730925443371
8.71287409931    0.000667361041378
8.71593662096    0.000629231396145
8.71900129629    0.000610087336077
8.72206812756    0.000601430921474
8.72513711704    0.000598537430423
8.72820826703    0.000599553079824
8.7312815798    0.000603240101928
8.73435705764    0.000608316612886
8.73743470283    0.000613963780645
8.74051451767    0.000620085393454
8.74359650446    0.000626625067964
8.74668066548    0.000632823066023
8.74976700305    0.000637353068122
8.75285551946    0.000638892495437
8.75594621703    0.0006367062147
8.75903909807    0.00063141692945
8.76213416489    0.000625819574934
8.76523141981    0.000624393485947
8.76833086515    0.000630755857963
8.77143250323    0.000644968773555
8.77453633639    0.000662986227759
8.77764236695    0.000678010821674
8.78075059725    0.000683076135159
8.78386102963    0.000674354946563
8.78697366642    0.000654006904975
8.79008850998    0.000629507746443
8.79320556264    0.000608718755664
8.79632482676    0.000595657132227
8.7994463047    0.000590884409026
8.80256999881    0.00059365715861
8.80569591145    0.000602383935667
8.80882404499    0.000615134858018
8.81195440179    0.000631948063401
8.81508698423    0.00065543751738
8.81822179468    0.000688932967033
8.82135883552    0.000739088559019
8.82449810912    0.00082495690044
8.82763961789    0.00097747929603
8.83078336419    0.0012150081944
8.83392935042    0.00150466006279
8.83707757899    0.00174472602171
8.84022805228    0.00181266174047
8.8433807727    0.001664836104
8.84653574265    0.00138222715075
8.84969296454    0.00109438337541
8.85285244079    0.000877860306915
8.8560141738    0.000737062822397
8.859178166    0.000647103561565
8.86234441981    0.000587516210259
8.86551293766    0.000548433608857
8.86868372197    0.000525475557537
8.87185677518    0.000516679096191
8.87503209973    0.000527388192302
8.87820969805    0.000584075701427
8.88138957258    0.000745713921738
8.88457172578    0.00108350932038
8.88775616009    0.0016141855292
8.89094287796    0.00222435001157
8.89413188187    0.00266430955016
8.89732317425    0.0026809617755
8.90051675759    0.00223559803576
8.90371263434    0.00156942501918
8.90691080698    0.000994536122779
8.91011127799    0.000653765175966
8.91331404983    0.000506144682594
8.91651912501    0.000457823160253
8.91972650599    0.000446921214282
8.92293619526    0.000447944123143
8.92614819533    0.000452107433996
8.92936250869    0.000455407362882
8.93257913784    0.000455496279352
8.93579808528    0.000451616190773
8.93901935351    0.00044450978159
8.94224294506    0.000435802435812
8.94546886242    0.00042705439723
8.94869710813    0.000419224842616
8.95192768471    0.000412885321592
8.95516059467    0.000408620802202
8.95839584055    0.000407323512093
8.96163342488    0.000410259588837
8.9648733502    0.000418879598998
8.96811561904    0.000433065945263
8.97136023395    0.000448861888113
8.97460719748    0.000459769355724
8.97785651218    0.000462452703926
8.9811081806    0.000459298918147
8.9843622053    0.000453437282345
8.98761858885    0.000444364610192
8.99087733381    0.000431354764863
8.99413844274    0.000417959751688
8.99740191823    0.000409521602461
9.00066776285    0.000407716596462
9.00393597917    0.000409651000929
9.00720656979    0.000411313939136
9.0104795373    0.000411089664202
9.01375488427    0.000410277389776
9.01703261332    0.000410737811347
9.02031272704    0.000413047873137
9.02359522803    0.000417426334868
9.02688011891    0.000425078381043
9.03016740227    0.000437242746199
9.03345708074    0.000452946165317
9.03674915694    0.000468189446158
9.04004363348    0.000477512470272
9.043340513    0.000477001689563
9.04663979812    0.000466552976063
9.04994149147    0.000449614111213
9.05324559571    0.000430832893848
9.05655211346    0.000413376366563
9.05986104737    0.000397875282311
9.06317240009    0.000383692254572
9.06648617427    0.000370758215937
9.06980237258    0.00036046722288
9.07312099767    0.0003560163613
9.07644205221    0.000361892636749
9.07976553886    0.000380281293635
9.08309146031    0.000405503497481
9.08641981922    0.000424447963986
9.08975061827    0.000426830400287
9.09308386015    0.000414808176602
9.09641954756    0.000400873814568
9.09975768317    0.000396782170977
9.10309826969    0.000404591446532
9.10644130982    0.000418426993801
9.10978680626    0.000435929104841
9.11313476172    0.000464211103491
9.11648517891    0.000510416304331
9.11983806055    0.000568201219778
9.12319340936    0.00061712391053
9.12655122806    0.000638574020884
9.12991151938    0.000637001306883
9.13327428606    0.000645246281342
9.13663953082    0.00070052250014
9.14000725641    0.000804890414626
9.14337746558    0.00090397532858
9.14675016106    0.000917982059402
9.15012534562    0.000814595692865
9.15350302202    0.000646244467363
9.156883193    0.000500902864171
9.16026586134    0.000432154009062
9.1636510298    0.000442658734665
9.16703870116    0.000503190277381
9.1704288782    0.000565638229853
9.17382156368    0.000579763607991
9.17721676041    0.000527227327818
9.18061447117    0.000437314942974
9.18401469876    0.000356074326333
9.18741744596    0.000306347896947
9.19082271558    0.000283333677731
9.19423051043    0.000274174352114
9.19764083332    0.000270739977133
9.20105368706    0.000269867713798
9.20446907448    0.000270074334863
9.20788699838    0.000270130643049
9.2113074616    0.000269267229548
9.21473046698    0.000267592973689
9.21815601734    0.000265892515997
9.22158411552    0.000265040617662
9.22501476438    0.000265760208596
9.22844796674    0.000268253707271
9.23188372548    0.000271750835835
9.23532204344    0.000274540602352
9.23876292349    0.000275072975263
9.24220636848    0.000272991929563
9.2456523813    0.000269258349207
9.2491009648    0.00026568562955
9.25255212188    0.00026476695578
9.25600585541    0.00027185385202
9.25946216827    0.000305182343594
9.26292106337    0.000421225937536
9.26638254359    0.000745618317021
9.26984661183    0.00146563178407
9.27331327099    0.00273589649344
9.276782524    0.00449903054247
9.28025437374    0.00633571019019
9.28372882315    0.00756165912363
9.28720587515    0.00762891489978
9.29068553265    0.00650469751787
9.29416779859    0.00468040545085
9.29765267591    0.00284583088838
9.30114016753    0.0014942324677
9.30463027641    0.000733703478277
9.3081230055    0.000402131327729
9.31161835773    0.000295530959389
9.31511633608    0.000286918041648
9.31861694349    0.000320032406233
9.32212018295    0.000365963591907
9.32562605741    0.00039928120106
9.32913456984    0.000401961774526
9.33264572324    0.000374116028943
9.33615952057    0.000331901849103
9.33967596484    0.000294063036734
9.34319505902    0.000269415380269
9.34671680612    0.000255118734985
9.35024120914    0.000245899747086
9.35376827108    0.000242272262901
9.35729799496    0.000247987740662
9.36083038378    0.000261976030885
9.36436544057    0.000275274063201
9.36790316836    0.000276582201089
9.37144357016    0.000261947621106
9.37498664901    0.00023864479565
9.37853240796    0.000218842152349
9.38208085003    0.000211820242686
9.38563197829    0.000222959684692
9.38918579577    0.000253995934801
9.39274230555    0.000299153361527
9.39630151066    0.000343858598044
9.39986341419    0.00037314434613
9.4034280192    0.000382620734628
9.40699532877    0.000380587976174
9.41056534597    0.000378394087111
9.4141380739    0.00037687189327
9.41771351562    0.000364742480186
9.42129167426    0.000334045096045
9.42487255288    0.000293400043241
9.42845615462    0.00026176206715
9.43204248256    0.000252230005832
9.43563153982    0.000263924829533
9.43922332952    0.000286624073766
9.44281785478    0.000311390967716
9.44641511872    0.000336370638287
9.45001512448    0.000364305080968
9.4536178752    0.000400715758623
9.457223374    0.000455603609769
9.46083162405    0.000533946152272
9.46444262849    0.000614504638144
9.46805639047    0.000654180724818
9.47167291316    0.000639815453641
9.47529219971    0.000641374400935
9.4789142533    0.000802342143294
9.48253907711    0.00125225997869
9.48616667431    0.00199086110988
9.48979704808    0.00284712064489
9.49343020162    0.00356471572995
9.49706613812    0.00392706255067
9.50070486078    0.00383582057889
9.5043463728    0.00336218996045
9.50799067739    0.00276900670279
9.51163777777    0.00238394223625
9.51528767715    0.0023265433002
9.51894037875    0.00239063060224
9.52259588581    0.00227935909171
9.52625420155    0.00189990647765
9.52991532922    0.00138473232499
9.53357927206    0.00091725569166
9.53724603332    0.000597586151073
9.54091561625    0.000423995462798
9.54458802411    0.000341641127693
9.54826326016    0.000297911591744
9.55194132767    0.000268651680917
9.55562222992    0.000253298245976
9.55930597018    0.00025482368249
9.56299255173    0.000266047319744
9.56668197787    0.000273308703506
9.57037425189    0.000267498965386
9.57406937708    0.000248536193849
9.57776735676    0.000222469618426
9.58146819422    0.000196818555466
9.58517189279    0.00017742043135
9.58887845578    0.000167352010508
9.59258788651    0.00016697944481
9.59630018833    0.000174651685097
9.60001536455    0.000187961575562
9.60373341853    0.000205407635566
9.6074543536    0.000227327454809
9.61117817312    0.000254483077432
9.61490488043    0.000284114860251
9.61863447891    0.000306608492478
9.62236697192    0.000309015853836
9.62610236283    0.000286032121881
9.62984065501    0.000246272201785
9.63358185184    0.000205140229676
9.63732595672    0.00017344785294
9.64107297303    0.000153704004765
9.64482290418    0.000143456055855
9.64857575356    0.000139219601095
9.65233152458    0.000138209055759
9.65609022065    0.000138639798168
9.6598518452    0.000139840949336
9.66361640165    0.000142833863992
9.66738389343    0.000150882014583
9.67115432396    0.000168531804255
9.6749276967    0.00019802193421
9.67870401508    0.00023474124001
9.68248328256    0.000267474717735
9.68626550259    0.000286118735317
9.69005067864    0.000289952692804
9.69383881417    0.000288265297528
9.69762991265    0.000292412578801
9.70142397756    0.000305728432236
9.70522101238    0.00032133447951
9.70902102061    0.000330821336197
9.71282400573    0.000332658468365
9.71662997125    0.000329938319825
9.72043892067    0.000323055609568
9.72425085751    0.000307594677678
9.72806578526    0.000279498806872
9.73188370747    0.00024213720151
9.73570462766    0.000206767157463
9.73952854935    0.000184119786502
9.74335547609    0.000176694143379
9.74718541142    0.000179858804876
9.75101835888    0.000187203275498
9.75485432205    0.000192940898807
9.75869330446    0.000192782776018
9.7625353097    0.000186546111693
9.76638034133    0.000179691416957
9.77022840293    0.000180322784146
9.77407949808    0.000194809635416
9.77793363038    0.000226572732042
9.78179080341    0.000279028288804
9.78565102077    0.000359105507433
9.78951428608    0.000475478447812
9.79338060294    0.000626598128112
9.79724997497    0.000782676354894
9.80112240579    0.000879823124443
9.80499789903    0.000853274749486
9.80887645832    0.000699741746935
9.81275808731    0.000498481728546
9.81664278964    0.000349041385419
9.82053056897    0.000298846545876
9.82442142894    0.000336521935072
9.82831537322    0.000425648373951
9.83221240549    0.000524898490006
9.83611252941    0.000595007093895
9.84001574867    0.000612029006334
9.84392206695    0.000577737923747
9.84783148794    0.000512503203609
9.85174401535    0.000440411842454
9.85565965288    0.000381346773504
9.85957840423    0.00034682298141
9.86350027313    0.000334531954089
9.86742526329    0.000330303301741
9.87135337844    0.000322667767703
9.87528462232    0.000314070512805
9.87921899866    0.000313944328827
9.88315651122    0.000323884890597
9.88709716373    0.000332918488677
9.89104095997    0.000327009527365
9.89498790369    0.000303741709887
9.89893799866    0.000276382015131
9.90289124866    0.00026107808907
9.90684765747    0.000262003335294
9.91080722887    0.000270327173518
9.91476996667    0.000274515782323
9.91873587466    0.000270313153446
9.92270495664    0.000262892477306
9.92667721643    0.000260663047323
9.93065265785    0.000267371389238
9.93463128471    0.000279442273004
9.93861310086    0.000289607899391
9.94259811012    0.000293272556225
9.94658631634    0.000291894391017
9.95057772337    0.000291141124399
9.95457233506    0.000298505317563
9.95857015528    0.000323376262275
9.96257118788    0.000374266139947
9.96657543675    0.000449602346103
9.97058290577    0.000530133705422
9.97459359881    0.000583918770826
9.97860751977    0.000585392550876
9.98262467256    0.000537836743919
9.98664506107    0.000478527003488
9.99066868922    0.000456821291321
9.99469556092    0.000503375927999
9.9987256801    0.000612811793068
10.0027590507    0.000742988979785
10.0067956766    0.000829956991401
10.0108355618    0.000821201368759
10.0148787103    0.000716109564021
10.0189251259    0.000571316484257
10.0229748127    0.00045310464477
10.0270277746    0.000388434422383
10.0310840156    0.000365198528808
10.0351435397    0.000361792503165
10.0392063509    0.000365033844512
10.0432724531    0.000370086172292
10.0473418503    0.000375549288823
10.0514145467    0.000380907421961
10.0554905461    0.000386154821776
10.0595698526    0.000391883366719
10.0636524702    0.000398897956988
10.067738403    0.000407851734534
10.071827655    0.000419228790245
10.0759202302    0.000433392494636
10.0800161328    0.000450270552694
10.0841153667    0.000468964275794
10.088217936    0.000487805407762
10.0923238448    0.000505042063083
10.0964330972    0.000519954350967
10.1005456972    0.000533662277671
10.104661649    0.000549070861928
10.1087809566    0.000569578693076
10.1129036242    0.000597160043071
10.1170296559    0.00063135442525
10.1211590558    0.000669683847806
10.1252918279    0.000710368497501
10.1294279766    0.000754699125156
10.1335675058    0.000807260070017
10.1377104197    0.000873915179535
10.1418567226    0.000960332696423
10.1460064184    0.0010733371417
10.1501595115    0.00122542422722
10.154316006    0.00144183413758
10.158475906    0.00177596995858
10.1626392158    0.00235003514714
10.1668059396    0.00351850735945
10.1709760815    0.0064168591043
10.1751496457    0.0141280575716
10.1793266366    0.0326520587881
10.1835070582    0.0692065031407
10.1876909148    0.12616260891
10.1918782107    0.193236462088
10.1960689501    0.24530261614
10.2002631372    0.254662015029
10.2044607764    0.213957336687
10.2086618718    0.145193938815
10.2128664278    0.0805266775741
10.2170744486    0.037658043553
10.2212859384    0.015810235394
10.2255009017    0.00671586488757
10.2297193427    0.00341098667555
10.2339412656    0.00222986869136
10.2381666749    0.0017284687191
10.2423955748    0.00145155664874
10.2466279697    0.00127923616349
10.2508638638    0.0011958255206
10.2551032616    0.00124296632408
10.2593461674    0.00151823757047
10.2635925855    0.00212641486871
10.2678425203    0.00303041955218
10.2720959762    0.00389790738348
10.2763529576    0.00422114400115
10.2806134688    0.00375739149022
10.2848775142    0.00278713686057
10.2891450982    0.00182437133279
10.2934162253    0.00117374498893
10.2976908998    0.000837505997602
10.3019691261    0.000694132235801
10.3062509088    0.000644422571551
10.3105362522    0.000640758301828
10.3148251608    0.000665120689315
10.3191176391    0.000706592749858
10.3234136914    0.000751172742868
10.3277133222    0.000781957243238
10.3320165361    0.000785158165366
10.3363233375    0.000757674643505
10.3406337309    0.000709650161168
10.3449477208    0.000658710069678
10.3492653116    0.000617678360265
10.353586508    0.000588222788711
10.3579113144    0.000567270708344
10.3622397353    0.000556665064033
10.3665717754    0.000563622217517
10.370907439    0.000591094957535
10.3752467308    0.00062852086199
10.3795896554    0.000653815330668
10.3839362172    0.000649005694643
10.3882864209    0.00061433561004
10.392640271    0.0005661732896
10.3969977722    0.000525195849854
10.401358929    0.000506186737648
10.405723746    0.000511620789595
10.4100922278    0.00052990770163
10.4144643791    0.000541584184671
10.4188402045    0.00053319082452
10.4232197085    0.000506375679592
10.427602896    0.000472870017359
10.4319897714    0.000443304416925
10.4363803395    0.000421772103838
10.4407746049    0.000407198864045
10.4451725723    0.000396745879656
10.4495742464    0.000388242897247
10.4539796318    0.000380749850738
10.4583887333    0.000373993304364
10.4628015555    0.000367474238896
10.4672181033    0.000360170962644
10.4716383812    0.000351103838957
10.476062394    0.000340315924551
10.4804901465    0.000329287102191
10.4849216434    0.000319910325058
10.4893568894    0.000312698080985
10.4937958894    0.000306541101714
10.498238648    0.000300981308521
10.5026851701    0.000297985355662
10.5071354604    0.000300827866894
10.5115895238    0.000313122623879
10.516047365    0.00034327783278
10.5205089888    0.000415796630002
10.5249744001    0.000578502105821
10.5294436037    0.000882371039193
10.5339166044    0.00132752836658
10.538393407    0.00181543576591
10.5428740164    0.00216296132572
10.5473584375    0.00219906550447
10.5518466752    0.00189488664899
10.5563387342    0.00140063661646
10.5608346195    0.000928101071215
10.565334336    0.000605241283851
10.5698378886    0.000441446466042
10.5743452821    0.000383364131137
10.5788565216    0.00037470481986
10.5833716119    0.000380594061895
10.5878905579    0.000383727080312
10.5924133646    0.000375012897955
10.596940037    0.000352866298055
10.60147058    0.000325053685737
10.6060049986    0.00030383084906
10.6105432977    0.000297211241844
10.6150854823    0.000304035779885
10.6196315574    0.000315518808683
10.6241815281    0.000321088436946
10.6287353993    0.000314689471476
10.6332931761    0.00029779140305
10.6378548634    0.000277389667724
10.6424204664    0.000260327624527
10.64698999    0.000249050706369
10.6515634393    0.000242478044073
10.6561408194    0.000239399304493
10.6607221353    0.000240114118827
10.6653073921    0.000244559549044
10.6698965949    0.000249310464155
10.6744897489    0.000248055735753
10.679086859    0.000236939895128
10.6836879305    0.000218558009801
10.6882929684    0.000199339390399
10.6929019779    0.000184215601719
10.697514964    0.000174423241871
10.7021319321    0.000168676113926
10.7067528872    0.000165122692038
10.7113778344    0.000162460705471
10.716006779    0.000160071709254
10.7206397262    0.000157765585007
10.7252766811    0.000155500068481
10.7299176489    0.000153269808833
10.7345626349    0.000151069474318
10.7392116443    0.00014889899444
10.7438646823    0.000146763537506
10.7485217541    0.000144657784762
10.753182865    0.000142581666725
10.7578480202    0.000140535112588
10.7625172251    0.000138518052156
10.7671904849    0.000136530415293
10.7718678048    0.000134572132199
10.7765491902    0.000132643132855
10.7812346464    0.000130738144259
10.7859241786    0.000128862308325
10.7906177923    0.000127010361759
10.7953154927    0.000125187437533
10.8000172851    0.000123388280953
10.804723175    0.000121612836162
10.8094331677    0.000119866222735
10.8141472685    0.000118148370831
10.8188654828    0.000116454044299
10.8235878161    0.000114783187486
10.8283142736    0.000113135744509
10.8330448609    0.000111511659533
10.8377795833    0.000109910876769
10.8425184463    0.000108328196085
10.8472614552    0.000106773854798
10.8520086156    0.000105242648641
10.8567599329    0.000103729391112
10.8615154125    0.000102239166818
10.8662750599    0.000100771919705
10.8710388806    9.93224774187e-05
10.8758068801    9.78959106775e-05
10.8805790639    9.64921638367e-05
10.8853554375    9.51060783967e-05
10.8901360064    9.37376119763e-05
10.8949207762    9.23918180652e-05
10.8997097524    9.10686409262e-05
10.9045029405    8.97578540683e-05
10.9093003461    8.84695918865e-05
10.9141019748    8.71987227184e-05
10.9189078321    8.594520441e-05
10.9237179236    8.4708995649e-05
10.928532255    8.34951183545e-05
10.9333508319    8.22984586272e-05
10.9381736597    8.11391928996e-05
10.9430007443    8.00929761639e-05
10.9478320912    7.94773819812e-05
10.9526677061    8.01734643228e-05
10.9575075946    8.41269272435e-05
10.9623517624    9.41521900429e-05
10.9672002152    0.000112017982955
10.9720529587    0.00013541787186
10.9769099985    0.000157707208674
10.9817713404    0.00017222471633
10.9866369901    0.000176696400199
10.9915069533    0.000173246222998
10.9963812358    0.000165531024365
11.0012598432    0.000156745030226
11.0061427815    0.000149137616301
11.0110300562    0.000144132184139
11.0159216733    0.00014243943308
11.0208176385    0.000144209879161
11.0257179576    0.000148996537201
11.0306226364    0.000155429552432
11.0355316807    0.000160972023609
11.0404450965    0.000162163353696
11.0453628894    0.000156164966318
11.0502850653    0.00014294159117
11.0552116302    0.00012609986534
11.0601425899    0.000110899607719
11.0650779503    0.000101292772601
11.0700177173    9.82859405626e-05
11.0749618967    0.000100342916144
11.0799104945    0.000104799972978
11.0848635166    0.000109322768806
11.089820969    0.000112544138453
11.0947828576    0.000114202267155
11.0997491883    0.000115101404259
11.1047199671    0.000116827567645
11.1096952001    0.000120961099818
11.1146748932    0.000128053577431
11.1196590523    0.000137050395256
11.1246476836    0.000145752398043
11.1296407929    0.000152319815343
11.1346383865    0.000156334005761
11.1396404702    0.000158493828784
11.1446470502    0.000159583291837
11.1496581325    0.000160072267385
11.1546737232    0.000160215099141
11.1596938284    0.000160168104248
11.1647184541    0.000160053079456
11.1697476066    0.000159913831992
11.1747812919    0.000159769797924
11.1798195161    0.00015962099035
11.1848622854    0.000159428750807
11.1899096059    0.000159057968283
11.1949614838    0.000158098981009
11.2000179253    0.000155830250382
11.2050789366    0.000151677344767
11.2101445238    0.000146039977866
11.2152146932    0.000140407809077
11.220289451    0.000136279530414
11.2253688034    0.000134039810335
11.2304527566    0.000133098570905
11.235541317    0.000132709772854
11.2406344908    0.000132321515503
11.2457322842    0.000131388676692
11.2508347036    0.000129162682267
11.2559417552    0.000125050417614
11.2610534453    0.000119395609248
11.2661697804    0.000113646098473
11.2712907667    0.00010932539874
11.2764164105    0.000107119223191
11.2815467182    0.00010701706866
11.2866816962    0.000108885027662
11.2918213509    0.000112409438815
11.2969656887    0.000116690194067
11.3021147159    0.000120375971938
11.307268439    0.000122077803224
11.3124268643    0.000120874892074
11.3175899985    0.000116737411147
11.3227578478    0.000110796029075
11.3279304187    0.000105030292163
11.3331077178    0.000101130028854
11.3382897516    9.94758752286e-05
11.3434765264    9.91170419048e-05
11.3486680488    9.86789182681e-05
11.3538643254    9.74252166981e-05
11.3590653626    9.56159545781e-05
11.3642711671    9.40440107795e-05
11.3694817454    9.34666152982e-05
11.374697104    9.47270238389e-05
11.3799172495    9.90623127658e-05
11.3851421885    0.000108082899659
11.3903719277    0.000123486486741
11.3956064736    0.00014658264478
11.4008458329    0.000177043041204
11.4060900123    0.000211258819612
11.4113390182    0.000242193151284
11.4165928576    0.000262125203529
11.4218515369    0.00026614849611
11.427115063    0.000253783591564
11.4323834424    0.000228365501566
11.437656682    0.000195269523155
11.4429347885    0.00016034076777
11.4482177685    0.000129010633953
11.4535056289    0.000105307521275
11.4587983765    9.05920966e-05
11.4640960179    8.322446553e-05
11.46939856    8.01502292226e-05
11.4747060096    7.88590002622e-05
11.4800183734    7.81160995151e-05
11.4853356585    7.75257561939e-05
11.4906578715    7.70783890094e-05
11.4959850193    7.68696949094e-05
11.5013171088    7.7054446804e-05
11.5066541469    7.78416494887e-05
11.5119961405    7.95764230482e-05
11.5173430964    8.26618665883e-05
11.5226950217    8.73219432521e-05
11.5280519231    9.31791164827e-05
11.5334138077    9.89480018784e-05
11.5387806825    0.000102757530897
11.5441525543    0.00010313384571
11.5495294302    9.97963735928e-05
11.5549113172    9.36522897543e-05
11.5602982222    8.61982029867e-05
11.5656901524    7.89974968978e-05
11.5710871146    7.3259952046e-05
11.5764891161    6.94778675433e-05
11.5818961638    6.73752969183e-05
11.5873082648    6.63259960726e-05
11.5927254262    6.59085395441e-05
11.5981476551    6.60851947253e-05
11.6035749587    6.69261584149e-05
11.6090073439    6.81378978426e-05
11.6144448181    6.90020910079e-05
11.6198873883    6.88613277262e-05
11.6253350617    6.76289379112e-05
11.6307878455    6.57326789961e-05
11.6362457469    6.37193004066e-05
11.6417087731    6.19728720064e-05
11.6471769313    6.06352999542e-05
11.6526502287    5.96609031101e-05
11.6581286726    5.89374263747e-05
11.6636122703    5.83396983253e-05
11.669101029    5.77918685353e-05
11.674594956    5.72583027484e-05
11.6800940587    5.6734530381e-05
11.6855983443    5.62116684825e-05
11.6911078202    5.56941408859e-05
11.6966224937    5.51775139313e-05
11.7021423722    5.46662035854e-05
11.707667463    5.41557843084e-05
11.7131977736    5.36550712926e-05
11.7187333113    5.32036706189e-05
11.7242740835    5.28894322032e-05
11.7298200977    5.28921730774e-05
11.7353713614    5.33822467961e-05
11.7409278819    5.43494957489e-05
11.7464896668    5.54945345312e-05
11.7520567235    5.63877504172e-05
11.7576290596    5.67017697148e-05
11.7632066825    5.6368311244e-05
11.7687895997    5.5528933059e-05
11.7743778189    5.44511605951e-05
11.7799713476    5.3397149205e-05
11.7855701933    5.25583999412e-05
11.7911743636    5.20256449011e-05
11.7967838661    5.17675966504e-05
11.8023987085    5.16141607791e-05
11.8080188984    5.12874582454e-05
11.8136444434    5.05496656073e-05
11.8192753511    4.94106167016e-05
11.8249116293    4.81352755158e-05
11.8305532856    4.70696929473e-05
11.8362003278    4.63773032826e-05
11.8418527634    4.6121729247e-05
11.8475106004    4.63146470161e-05
11.8531738464    4.68557751432e-05
11.8588425092    4.74474069243e-05
11.8645165965    4.7732826991e-05
11.8701961162    4.75841553478e-05
11.875881076    4.7319932559e-05
11.8815714838    4.77372546441e-05
11.8872673474    4.98184642194e-05
11.8929686746    5.39264649899e-05
11.8986754734    5.9043103233e-05
11.9043877516    6.33902745778e-05
11.9101055171    6.72003853824e-05
11.9158287778    7.67315500189e-05
11.9215575417    0.000108744670237
11.9272918166    0.000193743058491
11.9330316105    0.000366941110491
11.9387769315    0.000630213715511
11.9445277874    0.000905372678147
11.9502841863    0.00105525077062
11.9560461363    0.000994753454405
11.9618136453    0.000769288342384
11.9675867214    0.000502244728126
11.9733653726    0.000290987083451
11.9791496071    0.000171660031321
11.9849394329    0.000152599287124
11.9907348581    0.000251163162352
11.996535891    0.000485915189051
12.0023425395    0.000826986267706
12.0081548119    0.00116408334355
12.0139727164    0.0013453371321
12.0197962611    0.00127044891521
12.0256254542    0.000971190626393
12.031460304    0.000598525532074
12.0373008188    0.000308195982542
12.0431470066    0.000160642552433
12.0489988759    0.000133756842641
12.0548564349    0.000200567253543
12.0607196919    0.000374411862973
12.0665886553    0.000690945831371
12.0724633333    0.00114798017079
12.0783437344    0.00164644657159
12.0842298668    0.00198901810753
12.090121739    0.00198323240358
12.0960193593    0.00160547336563
12.1019227363    0.00104833708763
12.1078318782    0.00055968952216
12.1137467937    0.000258208057248
12.119667491    0.000118763599249
12.1255939788    6.90448280568e-05
12.1315262655    5.58984601193e-05
12.1374643596    5.32740777924e-05
12.1434082697    5.11632683423e-05
12.1493580042    4.74792019753e-05
12.1553135719    4.34871264373e-05
12.1612749812    4.08856722675e-05
12.1672422407    4.04481193181e-05
12.1732153592    4.17840987872e-05
12.1791943451    4.35980600065e-05
12.1851792072    4.44390554452e-05
12.1911699541    4.37606484271e-05
12.1971665945    4.22136296947e-05
12.2031691371    4.05729417359e-05
12.2091775907    3.88571239098e-05
12.2151919639    3.67875668868e-05
12.2212122655    3.46580578332e-05
12.2272385043    3.32089989713e-05
12.233270689    3.28836948831e-05
12.2393088285    3.35738662418e-05
12.2453529317    3.52571495309e-05
12.2514030072    3.8752506965e-05
12.2574590641    4.50636216853e-05
12.2635211111    5.32661461578e-05
12.2695891572    5.98576248114e-05
12.2756632112    6.13394135911e-05
12.2817432821    5.70932232309e-05
12.2878293789    4.93228515716e-05
12.2939215105    4.11276694748e-05
12.3000196858    3.50487753495e-05
12.306123914    3.23884814002e-05
12.3122342039    3.27428994568e-05
12.3183505646    3.4251102032e-05
12.3244730053    3.48907203817e-05
12.3306015349    3.37833506901e-05
12.3367361625    3.13839912077e-05
12.3428768973    2.875158472e-05
12.3490237483    2.67402149514e-05
12.3551767248    2.56479283823e-05
12.3613358358    2.54114356729e-05
12.3675010906    2.60305544667e-05
12.3736724983    2.78333178559e-05
12.3798500682    3.13693795404e-05
12.3860338095    3.68767518989e-05
12.3922237315    4.35060125828e-05
12.3984198433    4.89897718463e-05
12.4046221544    5.07721932193e-05
12.410830674    4.82636637347e-05
12.4170454114    4.3595035323e-05
12.4232663761    3.94293832993e-05
12.4294935773    3.6719921593e-05
12.4357270244    3.51318610288e-05
12.4419667269    3.45661318532e-05
12.4482126941    3.53193808619e-05
12.4544649355    3.73353968318e-05
12.4607234606    4.02520563272e-05
12.4669882789    4.47521975681e-05
12.4732593997    5.44672338477e-05
12.4795368327    7.64523485814e-05
12.4858205874    0.000117788586773
12.4921106734    0.000177351724623
12.4984071001    0.000238463210055
12.5047098773    0.000275535368075
12.5110190145    0.000275527982737
12.5173345213    0.000249278888536
12.5236564074    0.000216076577907
12.5299846825    0.000183892338066
12.5363193562    0.000150172074509
12.5426604384    0.000113921150394
12.5490079386    7.98131500183e-05
12.5553618667    5.36037653122e-05
12.5617222323    3.75762408851e-05
12.5680890454    3.00079554802e-05
12.5744623157    2.74410743076e-05
12.5808420531    2.70472261561e-05
12.5872282673    2.73197916276e-05
12.5936209683    2.7569646621e-05
12.600020166    2.74384235815e-05
12.6064258702    2.68743901767e-05
12.6128380909    2.62875123836e-05
12.619256838    2.63044481176e-05
12.6256821215    2.70614449931e-05
12.6321139514    2.80415924142e-05
12.6385523377    2.94721164223e-05
12.6449972905    3.69725098937e-05
12.6514488197    7.49441398201e-05
12.6579069355    0.000211087168926
12.6643716479    0.000561085349545
12.6708429671    0.00120810926092
12.6773209032    0.0020540278197
12.6838054663    0.00278153765326
12.6902966667    0.00304199985749
12.6967945144    0.00270686395569
12.7032990198    0.00195378648922
12.709810193    0.00113546226365
12.7163280444    0.000543607667542
12.7228525842    0.000264135525047
12.7293838227    0.000225010004706
12.7359217702    0.000314241787805
12.7424664371    0.000428008828826
12.7490178337    0.000477982914511
12.7555759705    0.000425122461067
12.7621408578    0.000302978993585
12.768712506    0.000178074443061
12.7752909256    9.1980183273e-05
12.7818761271    4.72123219076e-05
12.788468121    2.86002960793e-05
12.7950669178    2.22007633443e-05
12.801672528    2.02911425507e-05
12.8082849621    1.96439067979e-05
12.8149042308    1.92156065087e-05
12.8215303447    1.88944719512e-05
12.8281633144    1.89183005138e-05
12.8348031504    1.94644342413e-05
12.8414498636    2.03863967883e-05
12.8481034646    2.12576950335e-05
12.854763964    2.16594559894e-05
12.8614313727    2.14809014834e-05
12.8681057014    2.09725383842e-05
12.8747869609    2.04812478608e-05
12.8814751619    2.0149841746e-05
12.8881703153    1.98857154645e-05
12.894872432    1.95831907817e-05
12.9015815227    1.93655509164e-05
12.9082975985    1.95903844268e-05
12.9150206701    2.05314894948e-05
12.9217507486    2.20040900098e-05
12.928487845    2.33071604136e-05
12.9352319701    2.36374189636e-05
12.941983135    2.27393944589e-05
12.9487413507    2.11370154976e-05
12.9555066283    1.96316214408e-05
12.9622789789    1.86832492009e-05
12.9690584135    1.83228774482e-05
12.9758449433    1.84272686914e-05
12.9826385794    1.88855353806e-05
12.989439333    1.95854576054e-05
12.9962472152    2.04109860133e-05
13.0030622374    2.15058594794e-05
13.0098844106    2.40861466534e-05
13.0167137463    3.17512665638e-05
13.0235502556    5.09920061782e-05
13.0303939499    8.81575089939e-05
13.0372448405    0.000142468571492
13.0441029388    0.000200407818721
13.0509682561    0.000238488213203
13.0578408039    0.000236470994745
13.0647205936    0.000193671296905
13.0716076366    0.000131796570546
13.0785019444    7.75825228871e-05
13.0854035286    4.41503978942e-05
13.0923124005    2.98241410193e-05
13.0992285719    2.81972062519e-05
13.1061520542    3.46283836624e-05
13.1130828591    4.56909836611e-05
13.1200209982    5.63542254218e-05
13.1269664831    6.04743264028e-05
13.1339193256    5.53761224278e-05
13.1408795372    4.44648014633e-05
13.1478471297    3.36366809362e-05
13.1548221149    2.61778481431e-05
13.1618045046    2.20043275284e-05
13.1687943105    2.00382768848e-05
13.1757915444    2.00232693677e-05
13.1827962183    2.31637043572e-05
13.189808344    3.22898070902e-05
13.1968279333    5.08978824526e-05
13.2038549982    8.00845846124e-05
13.2108895507    0.000114364932516
13.2179316027    0.000140303105233
13.2249811662    0.000143182420348
13.2320382533    0.000119826387524
13.2391028759    8.35126142445e-05
13.2461750463    5.29353838404e-05
13.2532547764    3.87493579591e-05
13.2603420784    4.17722556109e-05
13.2674369645    5.71770379639e-05
13.2745394468    7.58261817708e-05
13.2816495376    8.69207946216e-05
13.288767249    8.6348279508e-05
13.2958925934    8.10595429602e-05
13.303025583    8.12391763495e-05
13.3101662301    8.91156782262e-05
13.3173145471    9.69717230425e-05
13.3244705463    9.48170879693e-05
13.3316342401    7.97204266247e-05
13.338805641    5.83784081986e-05
13.3459847614    4.07387697259e-05
13.3531716137    3.29734404435e-05
13.3603662105    3.66093775045e-05
13.3675685642    4.99613178518e-05
13.3747786875    6.72937757815e-05
13.3819965929    7.98171574367e-05
13.389222293    8.20923330608e-05
13.3964558005    7.73401143593e-05
13.4036971279    7.45873284009e-05
13.4109462881    8.07001974077e-05
13.4182032936    9.48573134382e-05
13.4254681574    0.000109721774507
13.432740892    0.000117998418379
13.4400215104    0.000117776871331
13.4473100253    0.000111944015829
13.4546064496    0.000104593615539
13.4619107962    9.9000858213e-05
13.469223078    9.70667269165e-05
13.476543308    9.88392648128e-05
13.483871499    0.000103045807695
13.4912076641    0.00010938270578
13.4985518164    0.000120189422297
13.5059039688    0.00013897544248
13.5132641344    0.000166737937021
13.5206323264    0.000199355423309
13.5280085579    0.000229208383259
13.5353928421    0.000250733896651
13.542785192    0.000264321763904
13.5501856211    0.000274325689752
13.5575941425    0.000284429012819
13.5650107695    0.000295446386133
13.5724355154    0.000305979550672
13.5798683936    0.000314177267646
13.5873094173    0.00031899566692
13.5947586001    0.000320579965722
13.6022159554    0.000319869016135
13.6096814965    0.000317856359024
13.617155237    0.000315188757835
13.6246371905    0.00031228211196
13.6321273703    0.000309530972692
13.6396257902    0.00030714937839
13.6471324638    0.000305054950741
13.6546474045    0.000303133231868
13.6621706262    0.000301620171352
13.6697021426    0.000301507966728
13.6772419673    0.000305219757041
13.684790114    0.000316798701364
13.6923465967    0.000339073375729
13.6999114291    0.00036830940745
13.707484625    0.000392684716814
13.7150661984    0.000399677124092
13.7226561631    0.000384784047272
13.730254533    0.00035465407913
13.7378613222    0.000321802424758
13.7454765447    0.000296307685036
13.7531002144    0.000280901519614
13.7607323455    0.000272711392869
13.768372952    0.000267920386257
13.7760220481    0.000264273913806
13.7836796479    0.000260981991629
13.7913457657    0.000257878124993
13.7990204155    0.000254983936803
13.8067036117    0.000252543014771
13.8143953686    0.000251219316111
13.8220957005    0.000251908069306
13.8298046217    0.000254931375576
13.8375221466    0.000259021278221
13.8452482896    0.000261505282489
13.8529830652    0.00026020180426
13.8607264878    0.000255107780052
13.8684785719    0.00024811928643
13.8762393322    0.000241453729369
13.8840087831    0.00023643707265
13.8917869393    0.000233214232108
13.8995738154    0.000231156311393
13.907369426    0.000229446492676
13.915173786    0.000227524577222
13.92298691    0.000225232189529
13.9308088127    0.00022274508919
13.9386395091    0.000220328513302
13.9464790139    0.000218109713239
13.9543273419    0.000215988653844
13.9621845082    0.000213797503983
13.9700505277    0.000211530311246
13.9779254152    0.000209404006842
13.9858091859    0.000207680912095
13.9937018548    0.000206396735555
14.0016034368    0.00020532481872
14.0095139473    0.000204267252156
14.0174334012    0.000203291701212
14.0253618137    0.00020248089982
14.0332992001    0.000201671540901
14.0412455757    0.000200510890386
14.0492009556    0.00019881631394
14.0571653552    0.00019670898463
14.0651387899    0.000194477662679
14.0731212751    0.000192196061772
14.081112826    0.000189653918525
14.0891134583    0.000186724182449
14.0971231874    0.000183657714159
14.1051420288    0.000180904850901
14.1131699981    0.000178765110823
14.1212071108    0.000177300103082
14.1292533827    0.000176440890087
14.1373088293    0.00017597663702
14.1453734664    0.000175519143018
14.1534473097    0.000174657823874
14.161530375    0.000173189020012
14.1696226781    0.000171268424549
14.1777242348    0.000169297726068
14.185835061    0.000167613673545
14.1939551727    0.000166290336214
14.2020845857    0.000165197561418
14.2102233161    0.000164214774788
14.21837138    0.000163326645465
14.2265287933    0.000162568708054
14.2346955721    0.000161910676949
14.2428717327    0.000161250852016
14.2510572912    0.000160488007011
14.2592522637    0.000159604654105
14.2674566667    0.000158604181083
14.2756705162    0.000157371272798
14.2838938287    0.000155666656255
14.2921266205    0.000153335058426
14.3003689081    0.000150632969959
14.3086207078    0.00014822922482
14.3168820362    0.000146721718483
14.3251529097    0.000146181033177
14.3334333449    0.00014626238148
14.3417233584    0.000146551995763
14.3500229668    0.000146746672869
14.3583321868    0.000146664875191
14.3666510351    0.000146289981893
14.3749795285    0.000145748851302
14.3833176837    0.000145191141827
14.3916655175    0.000144722023779
14.4000230468    0.000144478259292
14.4083902886    0.000144709579421
14.4167672597    0.00014555689786
14.4251539771    0.000146692571825
14.4335504579    0.000147183788855
14.4419567191    0.000145936808392
14.4503727778    0.00014261886148
14.4587986511    0.000138102103933
14.4672343563    0.000133832510148
14.4756799105    0.000130810660696
14.484135331    0.000129144632193
14.4926006351    0.000128248094224
14.5010758401    0.000127298746368
14.5095609635    0.000125725157201
14.5180560226    0.000123566821212
14.5265610349    0.000121381756926
14.535076018    0.000119739687435
14.5436009892    0.000118747359876
14.5521359663    0.000118148342084
14.5606809669    0.000117675987594
14.5692360086    0.00011727002487
14.5778011091    0.00011697575256
14.5863762863    0.000116724563557
14.5949615578    0.000116257962369
14.6035569415    0.000115383888912
14.6121624553    0.00011418308857
14.6207781171    0.000112905667482
14.6294039449    0.000111749695704
14.6380399567    0.000110762729358
14.6466861705    0.000109921625276
14.6553426044    0.000109178006915
14.6640092765    0.000108472475419
14.6726862051    0.000107745911945
14.6813734083    0.000106931059916
14.6900709044    0.000105938562781
14.6987787117    0.000104699081607
14.7074968485    0.000103227478757
14.7162253333    0.000101678167184
14.7249641845    0.000100335914756
14.7337134205    9.94924954325e-05
14.7424730598    9.92379594768e-05
14.7512431211    9.9389568978e-05
14.760023623    9.96155542254e-05
14.7688145841    9.96661226473e-05
14.777616023    9.95695907767e-05
14.7864279586    0.000100120299172
14.7952504097    0.000104009476683
14.804083395    0.000117477776192
14.8129269335    0.000150034965353
14.821781044    0.000208166805511
14.8306457456    0.000285336710385
14.8395210572    0.000361311023872
14.848406998    0.000416065141249
14.857303587    0.000441593026251
14.8662108433    0.000437534188048
14.8751287862    0.000403530242289
14.884057435    0.000342446000258
14.8929968088    0.000266623729957
14.9019469271    0.000194008286706
14.9109078092    0.000138544502965
14.9198794745    0.000104533924072
14.9288619426    8.7943375895e-05
14.9378552329    8.14660369796e-05
14.9468593651    7.90968673706e-05
14.9558743586    7.77687051768e-05
14.9649002333    7.66136944973e-05
14.9739370088    7.55961548966e-05
14.9829847049    7.46778821541e-05
14.9920433414    7.37347571194e-05
15.0011129381    7.27588137828e-05
15.0101935149    7.18843796835e-05
15.0192850918    7.12478133647e-05
15.0283876889    7.09419709552e-05
15.037501326    7.10030940773e-05
15.0466260234    7.13470464199e-05
15.0557618012    7.17086825153e-05
15.0649086796    7.17175563401e-05
15.0740666788    7.11114765293e-05
15.0832358191    6.99936933618e-05
15.0924161209    6.88041344405e-05
15.1016076045    6.79461210431e-05
15.1108102905    6.75137933132e-05
15.1200241992    6.73865661374e-05
15.1292493512    6.74682151221e-05
15.1384857672    6.76181222757e-05
15.1477334677    6.76041096238e-05
15.1569924735    6.72372495123e-05
15.1662628053    6.65766757953e-05
15.1755444839    6.58571714166e-05
15.1848375301    6.52310720517e-05
15.1941419649    6.4559207456e-05
15.2034578091    6.35591948184e-05
15.2127850838    6.21930493523e-05
15.2221238101    6.0824892239e-05
15.231474009    5.98327020715e-05
15.2408357017    5.92072921494e-05
15.2502089094    5.86534901649e-05
15.2595936533    5.79658700441e-05
15.2689899548    5.72045874469e-05
15.2783978353    5.65901239434e-05
15.2878173161    5.62720143841e-05
15.2972484187    5.61819755954e-05
15.3066911646    5.6055895536e-05
15.3161455754    5.56412742435e-05
15.3256116728    5.49443306396e-05
15.3350894784    5.42746974327e-05
15.344579014    5.39790050263e-05
15.3540803013    5.40584346979e-05
15.3635933622    5.40709318686e-05
15.3731182186    5.34410093477e-05
15.3826548925    5.20177164475e-05
15.3922034057    5.02915331802e-05
15.4017637805    4.89340663523e-05
15.4113360389    4.82240299268e-05
15.4209202031    4.80089837721e-05
15.4305162954    4.79772276448e-05
15.4401243379    4.79124626463e-05
15.449744353    4.77312061779e-05
15.4593763632    4.7454136749e-05
15.4690203909    4.71422661048e-05
15.4786764586    4.68108703634e-05
15.4883445888    4.64070859936e-05
15.4980248042    4.583047642e-05
15.5077171274    4.50490023165e-05
15.5174215811    4.41915200734e-05
15.5271381883    4.35442676649e-05
15.5368669716    4.34020711767e-05
15.546607954    4.37955633714e-05
15.5563611585    4.43403993809e-05
15.5661266081    4.4427041112e-05
15.5759043258    4.37231973414e-05
15.5856943348    4.24658583034e-05
15.5954966583    4.11494167838e-05
15.6053113195    4.01217582935e-05
15.6151383417    3.96074926622e-05
15.6249777484    4.04592513229e-05
15.6348295628    4.56924767397e-05
15.6446938086    6.24360202669e-05
15.6545705092    0.000100988164807
15.6644596883    0.000165512585253
15.6743613696    0.000240568608751
15.6842755766    0.000293398305391
15.6942023333    0.000300049118359
15.7041416635    0.000267890395361
15.714093591    0.000228039325198
15.7240581399    0.000207806702118
15.7340353342    0.000210589382935
15.7440251979    0.00021754854874
15.7540277552    0.000207774590778
15.7640430303    0.000176160064615
15.7740710475    0.000133022704302
15.7841118311    9.23685490406e-05
15.7941654055    6.28186266456e-05
15.8042317952    4.57689588957e-05
15.8143110246    3.8350120907e-05
15.8244031185    3.71830953506e-05
15.8345081013    4.07679378628e-05
15.8446259979    5.05028285761e-05
15.8547568329    6.98332170398e-05
15.8649006312    9.95415334085e-05
15.8750574178    0.000131338086557
15.8852272176    0.00014935700368
15.8954100555    0.000142904493933
15.9056059568    0.00011638194287
15.9158149465    8.40805794646e-05
15.9260370499    5.81132908117e-05
15.9362722922    4.2715830381e-05
15.9465206988    3.60925991197e-05
15.9567822951    3.44145307012e-05
15.9670571067    3.45528973458e-05
15.9773451589    3.48448034518e-05
15.9876464775    3.47218404187e-05
15.9979610882    3.41761587046e-05
16.0082890166    3.35562846753e-05
16.0186302885    3.37698579133e-05
16.02898493    3.66401287432e-05
16.0393529668    4.55135417244e-05
16.049734425    6.60245567132e-05
16.0601293307    0.000104641184536
16.0705377101    0.000160887845985
16.0809595893    0.000217327566122
16.0913949946    0.000244408298269
16.1018439524    0.000225063042873
16.112306489    0.000171438669921
16.1227826311    0.000112125428328
16.1332724051    6.83234667206e-05
16.1437758377    4.62074893686e-05
16.1542929555    4.47152318863e-05
16.1648237853    6.35209579648e-05
16.175368354    0.000101625415847
16.1859266884    0.000149163526888
16.1964988156    0.000185991497828
16.2070847625    0.000194165670323
16.2176845563    0.000171413770711
16.2282982242    0.000131065048307
16.2389257935    9.12434338239e-05
16.2495672914    6.42571910958e-05
16.2602227453    5.30250100705e-05
16.2708921828    5.44836471741e-05
16.2815756314    6.38359779888e-05
16.2922731187    7.53142780578e-05
16.3029846723    8.25553121453e-05
16.3137103202    8.17083083334e-05
16.32445009    7.37468746428e-05
16.3352040096    6.23636961309e-05
16.3459721072    5.04920149886e-05
16.3567544107    3.96211413125e-05
16.3675509483    3.08149289275e-05
16.3783617481    2.48362794762e-05
16.3891868385    2.16276811834e-05
16.4000262478    2.04443194475e-05
16.4108800044    2.04594998315e-05
16.4217481368    2.10500023951e-05
16.4326306737    2.17107753036e-05
16.4435276437    2.19926633762e-05
16.4544390754    2.16635377097e-05
16.4653649978    2.09984069264e-05
16.4763054396    2.08620440013e-05
16.4872604299    2.22934956371e-05
16.4982299978    2.56964179197e-05
16.5092141722    3.0170766262e-05
16.5202129824    3.38221475707e-05
16.5312264578    3.50981737898e-05
16.5422546275    3.38514104013e-05
16.5532975211    3.10078310089e-05
16.5643551681    2.76207473189e-05
16.575427598    2.44319203213e-05
16.5865148406    2.19287873512e-05
16.5976169255    2.03843390902e-05
16.6087338825    1.97989118637e-05
16.6198657417    1.98888701865e-05
16.631012533    2.01927999353e-05
16.6421742863    2.02561177308e-05
16.653351032    1.98211795012e-05
16.6645428002    1.89300593667e-05
16.6757496211    1.78509966413e-05
16.6869715253    1.68588308955e-05
16.6982085432    1.60859519996e-05
16.7094607053    1.55758833014e-05
16.7207280422    1.5365637329e-05
16.7320105848    1.54306767862e-05
16.7433083637    1.5634635359e-05
16.7546214099    1.58274452822e-05
16.7659497543    1.59484823593e-05
16.777293428    1.59817078307e-05
16.7886524622    1.58991563067e-05
16.800026888    1.57257231684e-05
16.8114167367    1.5580532435e-05
16.8228220398    1.55600545279e-05
16.8342428287    1.56157699629e-05
16.8456791349    1.5612261916e-05
16.8571309902    1.54767765904e-05
16.8685984263    1.52687208877e-05
16.8800814749    1.51172180062e-05
16.891580168    1.5095583623e-05
16.9030945376    1.5145294452e-05
16.9146246157    1.51185237749e-05
16.9261704346    1.48927357045e-05
16.9377320264    1.44706422731e-05
16.9493094235    1.39993495098e-05
16.9609026584    1.36880177225e-05
16.9725117636    1.36766465867e-05
16.9841367717    1.39338187756e-05
16.9957777153    1.42651971159e-05
17.0074346273    1.44461448034e-05
17.0191075406    1.43772716703e-05
17.0307964881    1.41344540699e-05
17.0425015028    1.38862247058e-05
17.054222618    1.37423905046e-05
17.0659598669    1.36755302349e-05
17.0777132828    1.3589324076e-05
17.0894828991    1.34343637826e-05
17.1012687494    1.32380223662e-05
17.1130708672    1.30558127932e-05
17.1248892864    1.29181971337e-05
17.1367240405    1.28309638933e-05
17.1485751637    1.28144692448e-05
17.1604426897    1.2887724043e-05
17.1723266528    1.30105716806e-05
17.1842270871    1.31961168643e-05
17.1961440268    1.3866398524e-05
17.2080775063    1.60398888902e-05
17.2200275602    2.07975142318e-05
17.2319942228    2.79576263202e-05
17.243977529    3.49655909395e-05
17.2559775133    3.79186225355e-05
17.2679942108    3.48501443422e-05
17.2800276562    2.76950768551e-05
17.2920778847    2.02868197471e-05
17.3041449314    1.51622950475e-05
17.3162288315    1.26881373117e-05
17.3283296203    1.21145698164e-05
17.3404473333    1.25783078607e-05
17.352582006    1.34136614079e-05
17.3647336741    1.41407487976e-05
17.3769023733    1.44507981528e-05
17.3890881393    1.42523598664e-05
17.4012910082    1.36789794471e-05
17.4135110159    1.29829207293e-05
17.4257481986    1.23688345635e-05
17.4380025926    1.18837127973e-05
17.4502742341    1.14489705743e-05
17.4625631596    1.10058973889e-05
17.4748694057    1.06274082278e-05
17.4871930089    1.05368929858e-05
17.4995340061    1.11814040726e-05
17.5118924341    1.33020485644e-05
17.5242683298    1.75528322274e-05
17.5366617303    2.38169485395e-05
17.5490726728    3.15297239879e-05
17.5615011945    4.14069318308e-05
17.5739473328    5.62706595558e-05
17.5864111253    7.88917655102e-05
17.5988926094    0.00010813004303
17.6113918229    0.000136682638073
17.6239088036    0.000153421367241
17.6364435894    0.00015009263443
17.6489962182    0.000127115817205
17.6615667284    9.34345800397e-05
17.674155158    6.09252503369e-05
17.6867615454    3.75651361193e-05
17.6993859291    2.43520183635e-05
17.7120283476    1.77833146933e-05
17.7246888396    1.42311278462e-05
17.7373674439    1.19165201297e-05
17.7500641995    1.04528306271e-05
17.7627791452    9.83776890139e-06
17.7755123202    9.9249251798e-06
17.7882637637    1.0436461e-05
17.8010335152    1.1216158513e-05
17.813821614    1.23531874822e-05
17.8266280997    1.39217380245e-05
17.839453012    1.54956224927e-05
17.8522963907    1.61704667705e-05
17.8651582757    1.53743257558e-05
17.878038707    1.35246840785e-05
17.8909377248    1.16767372534e-05
17.9038553694    1.06822776131e-05
17.9167916811    1.07420225947e-05
17.9297467004    1.14723680088e-05
17.9427204679    1.22114627992e-05
17.9557130244    1.23971206959e-05
17.9687244106    1.19201097142e-05
17.9817546676    1.12660198817e-05
17.9948038365    1.13617388104e-05
18.0078719583    1.33161937364e-05
18.0209590746    1.81907047125e-05
18.0340652266    2.65933841406e-05
18.0471904561    3.79215171764e-05
18.0603348045    4.96096497667e-05
18.0734983139    5.73332871544e-05
18.086681026    5.71277328254e-05
18.0998829829    4.86288825101e-05
18.1131042269    3.59871233436e-05
18.1263448002    2.46741867378e-05
18.1396047452    1.77475008697e-05
18.1528841044    1.53042780795e-05
18.1661829206    1.59904948309e-05
18.1795012365    1.80127742656e-05
18.1928390951    1.95317363799e-05
18.2061965394    1.93042248245e-05
18.2195736125    1.7254844013e-05
18.2329703578    1.43013412926e-05
18.2463868187    1.16025877509e-05
18.2598230388    9.84742804354e-06
18.2732790616    9.04349259162e-06
18.2867549312    8.81858783732e-06
18.3002506912    8.79926585022e-06
18.313766386    8.71199696767e-06
18.3273020596    8.36552058294e-06
18.3408577564    7.7324025928e-06
18.3544335208    7.00383666532e-06
18.3680293975    6.44320020685e-06
18.3816454312    6.18971366803e-06
18.3952816666    6.22164385528e-06
18.408938149    6.45313990017e-06
18.4226149232    6.81453494277e-06
18.4363120347    7.23888496237e-06
18.4500295288    7.59391018332e-06
18.463767451    7.68745004798e-06
18.477525847    7.39916192143e-06
18.4913047626    6.7945976612e-06
18.5051042438    6.07755374399e-06
18.5189243365    5.45185107823e-06
18.5327650872    5.02695489726e-06
18.546626542    4.80232288091e-06
18.5605087475    4.70807234501e-06
18.5744117503    4.65738208271e-06
18.5883355972    4.59195128248e-06
18.6022803351    4.50573021722e-06
18.616246011    4.45587250984e-06
18.6302326722    4.55982174874e-06
18.6442403659    4.97154476187e-06
18.6582691397    5.81454903274e-06
18.6723190411    7.13128645828e-06
18.686390118    8.97450888956e-06
18.7004824183    1.15299659219e-05
18.7145959899    1.48172088077e-05
18.7287308811    1.80248410656e-05
18.7428871403    1.95985599287e-05
18.7570648159    1.8563424811e-05
18.7712639566    1.55580248925e-05
18.7854846111    1.22173882329e-05
18.7997268284    9.89068642517e-06
18.8139906575    9.11013846058e-06
18.8282761478    9.68381714703e-06
18.8425833485    1.08222299588e-05
18.8569123092    1.14493268356e-05
18.8712630796    1.08892086684e-05
18.8856357096    9.32260365788e-06
18.900030249    7.46514595648e-06
18.914446748    5.92163661682e-06
18.928885257    4.89420407898e-06
18.9433458263    4.29523064223e-06
18.9578285066    3.96998166173e-06
18.9723333486    3.83068558651e-06
18.9868604032    3.85351096467e-06
19.0014097216    4.01175353091e-06
19.0159813548    4.23037115919e-06
19.0305753543    4.40822949261e-06
19.0451917716    4.48766118802e-06
19.0598306584    4.48543139939e-06
19.0744920666    4.44213861595e-06
19.0891760482    4.359963717e-06
19.1038826553    4.21108345642e-06
19.1186119404    3.99117443565e-06
19.1333639557    3.75689616269e-06
19.1481387542    3.624431182e-06
19.1629363884    3.7402046821e-06
19.1777569116    4.24167794442e-06
19.1926003767    5.19240064196e-06
19.2074668371    6.46160702798e-06
19.2223563462    7.6232650308e-06
19.2372689578    8.11573227554e-06
19.2522047257    7.68334437513e-06
19.2671637037    6.62525660847e-06
19.2821459461    5.50618166455e-06
19.2971515071    4.70203939178e-06
19.3121804413    4.26812243511e-06
19.3272328033    4.11172697818e-06
19.3423086479    4.18710950939e-06
19.3574080302    4.5330500439e-06
19.3725310052    5.15375956121e-06
19.3876776283    5.8996118149e-06
19.4028479551    6.4924402962e-06
19.4180420412    6.67859044999e-06
19.4332599425    6.38998886264e-06
19.448501715    5.77819204724e-06
19.4637674149    5.08464498098e-06
19.4790570987    4.48425808413e-06
19.4943708228    4.03659120344e-06
19.5097086441    3.73251031921e-06
19.5250706194    3.55230750514e-06
19.5404568059    3.50506212375e-06
19.5558672608    3.71807365277e-06
19.5713020415    4.97524436931e-06
19.5867612059    1.06863675645e-05
19.6022448116    3.10528585497e-05
19.6177529166    8.64809274245e-05
19.6332855793    0.000201517259286
19.6488428579    0.000383741266653
19.664424811    0.000597149443567
19.6800314973    0.000756370519464
19.6956629759    0.000770650449976
19.7113193058    0.000622436402406
19.7270005463    0.000394226070752
19.7427067569    0.000196310814199
19.7584379973    8.1678626172e-05
19.7741943275    3.98022440224e-05
19.7899758074    4.0232898816e-05
19.8057824973    5.91045447441e-05
19.8216144577    7.97289081469e-05
19.8374717493    8.96684712001e-05
19.8533544329    8.29216448076e-05
19.8692625694    6.25293980036e-05
19.8851962202    3.82778770422e-05
19.9011554467    1.94632565871e-05
19.9171403106    9.18794819643e-06
19.9331508735    5.18877308169e-06
19.9491871976    4.05338749103e-06
19.9652493451    3.69383866242e-06
19.9813373784    3.38753587198e-06
19.9974513602    3.09521068453e-06
20.0135913532    3.01759994096e-06
20.0297574205    3.4257434693e-06
20.0459496254    4.54558388316e-06
20.0621680313    6.37021000363e-06
20.0784127017    8.47302492281e-06
20.0946837007    1.00283659134e-05
20.1109810922    1.02209977331e-05
20.1273049405    8.88481685167e-06
20.14365531    6.70924637338e-06
20.1600322656    4.6667346316e-06
20.176435872    3.31387283251e-06
20.1928661943    2.70263904525e-06
20.209323298    2.86318664729e-06
20.2258072485    4.67944875297e-06
20.2423181115    1.1205869874e-05
20.2588559531    2.84655064939e-05
20.2754208394    6.30796472832e-05
20.2920128369    0.000115787176745
20.308632012    0.000175229415545
20.3252784317    0.000218872090855
20.341952163    0.000224870664013
20.3586532731    0.000189295333177
20.3753818296    0.000131059836508
20.3921379002    7.6025196583e-05
20.4089215528    3.83566233868e-05
20.4257328556    1.78081711574e-05
20.4425718769    8.26876930392e-06
20.4594386853    4.39390051083e-06
20.4763333498    3.0767435518e-06
20.4932559394    2.77244631912e-06
20.5102065233    2.77289709588e-06
20.5271851711    2.81151070762e-06
20.5441919525    2.87821132448e-06
20.5612269375    3.19686390633e-06
20.5782901964    4.4089830674e-06
20.5953817995    7.87478613047e-06
20.6125018177    1.56294819614e-05
20.6296503217    2.92389942609e-05
20.6468273827    4.7239107723e-05
20.6640330722    6.31015641883e-05
20.6812674618    6.80439584327e-05
20.6985306232    5.87556660414e-05
20.7158226288    4.12164668543e-05
20.7331435507    2.47667959294e-05
20.7504934616    1.41681231147e-05
20.7678724344    8.70061343776e-06
20.785280542    6.00789254719e-06
20.8027178579    4.58685965419e-06
20.8201844556    3.83657282967e-06
20.8376804089    3.50743854929e-06
20.855205792    3.46122500111e-06
20.872760679    3.62433074501e-06
20.8903451446    3.9318182989e-06
20.9079592636    4.24434156052e-06
20.9256031111    4.35540470766e-06
20.9432767624    4.13214997553e-06
20.960980293    3.63160015087e-06
20.9787137789    3.04890660599e-06
20.9964772961    2.57118608128e-06
21.0142709209    2.28035180603e-06
21.03209473    2.16069539983e-06
21.0499488002    2.1866473386e-06
21.0678332087    2.5067936287e-06
21.0857480329    3.91844959413e-06
21.1036933503    9.24197177344e-06
21.121669239    2.63324347149e-05
21.1396757772    7.14390346449e-05
21.1577130432    0.000165162349761
21.1757811158    0.000310071591884
21.1938800741    0.000461984243937
21.2120099971    0.000541821646384
21.2301709646    0.00050156967784
21.2483630562    0.000370534052193
21.2665863522    0.000222161543312
21.2848409327    0.000110579306716
21.3031268786    4.78312087438e-05
21.3214442705    2.05602303449e-05
21.3397931899    1.12039649701e-05
21.358173718    8.06750567293e-06
21.3765859368    6.15719818223e-06
21.3950299281    4.42227678462e-06
21.4135057743    3.10465583544e-06
21.432013558    2.37005766247e-06
21.4505533621    2.07761002543e-06
21.4691252698    2.03662496942e-06
21.4877293645    2.21096172786e-06
21.50636573    2.7801934526e-06
21.5250344502    4.08070150867e-06
21.5437356096    6.3428081511e-06
21.5624692927    9.33334770758e-06
21.5812355845    1.23992859694e-05
21.6000345702    1.50262651848e-05
21.6188663353    1.70845596508e-05
21.6377309657    1.83192957893e-05
21.6566285473    1.81197189459e-05
21.6755591666    1.62963931836e-05
21.6945229104    1.37649615806e-05
21.7135198657    1.19364731797e-05
21.7325501198    1.15378624227e-05
21.7516137602    1.21278349677e-05
21.770710875    1.25799287953e-05
21.7898415524    1.20001101531e-05
21.8090058809    1.03034123813e-05
21.8282039495    8.04961075532e-06
21.8474358473    5.91797366163e-06
21.8667016637    4.3591421466e-06
21.8860014886    3.55608269226e-06
21.9053354122    3.57337526169e-06
21.9247035249    4.55500847695e-06
21.9441059174    6.83644755745e-06
21.9635426808    1.08150663021e-05
21.9830139066    1.65069698242e-05
22.0025196865    2.29871058439e-05
22.0220601125    2.82284007468e-05
22.041635277    2.99594978171e-05
22.0612452728    2.73267846271e-05
22.0808901929    2.17612742935e-05
22.1005701307    1.60136380378e-05
22.1202851799    1.25641400386e-05
22.1400354345    1.28550924028e-05
22.159820989    1.69404045575e-05
22.179641938    2.30897910386e-05
22.1994983766    2.82734696829e-05
22.2193904002    3.03762385706e-05
22.2393181046    3.09368451386e-05
22.2592815859    3.63883251484e-05
22.2792809404    5.62779066101e-05
22.299316265    9.766641163e-05
22.3193876567    0.00015686616968
22.3394952132    0.000214324377356
22.3596390321    0.000242436081578
22.3798192118    0.000226025169294
22.4000358506    0.00017505834581
22.4202890476    0.000114355394662
22.4405789019    6.43774396048e-05
22.4609055133    3.25662125209e-05
22.4812689815    1.64606204138e-05
22.5016694071    1.00316540797e-05
22.5221068907    8.00628226437e-06
22.5425815333    7.24000517384e-06
22.5630934364    6.39391706796e-06
22.5836427019    5.22171983808e-06
22.6042294318    3.96854398627e-06
22.6248537287    2.9335044791e-06
22.6455156956    2.25316076318e-06
22.6662154357    1.93829808924e-06
22.6869530527    2.03262781628e-06
22.7077286508    2.69927146272e-06
22.7285423342    4.13186790994e-06
22.7493942079    6.32467756281e-06
22.7702843771    8.89664977925e-06
22.7912129473    1.11706574203e-05
22.8121800245    1.25340360834e-05
22.8331857151    1.28473641998e-05
22.8542301259    1.24833239796e-05
22.8753133641    1.19056071133e-05
22.8964355371    1.14171642312e-05
22.9175967529    1.1467591549e-05
22.9387971199    1.29212650643e-05
22.9600367469    1.6718515539e-05
22.9813157429    2.33962612075e-05
23.0026342177    3.29155750629e-05
23.023992281    4.43912687975e-05
23.0453900433    5.54643732561e-05
23.0668276155    6.23942959615e-05
23.0883051086    6.17189906082e-05
23.1098226343    5.25806176991e-05
23.1313803047    3.78870621172e-05
23.1529782322    2.29389322269e-05
23.1746165296    1.20470906906e-05
23.1962953102    6.16851347566e-06
23.2180146879    3.70966766953e-06
23.2397747766    2.77516749337e-06
23.261575691    2.32125228299e-06
23.2834175461    2.02586457786e-06
23.3053004574    1.85326913748e-06
23.3272245406    1.80344526349e-06
23.3491899121    1.84131698408e-06
23.3711966886    1.90693645702e-06
23.3932449874    1.9534024564e-06
23.415334926    1.98832244948e-06
23.4374666225    2.12052868303e-06
23.4596401955    2.63109333166e-06
23.4818557639    4.02455624164e-06
23.5041134471    6.89653099921e-06
23.5264133649    1.14698893557e-05
23.5487556378    1.69202957966e-05
23.5711403865    2.11123940439e-05
23.5935677323    2.16795550618e-05
23.6160377968    1.82238543632e-05
23.6385507022    1.32649800287e-05
23.6611065712    1.0357687228e-05
23.6837055269    1.1270606762e-05
23.7063476928    1.49270465369e-05
23.729033193    1.85823367289e-05
23.751762152    2.00110661119e-05
23.7745346948    1.88022869356e-05
23.7973509469    1.58969593453e-05
23.8202110342    1.24186209601e-05
23.8431150833    9.11556231526e-06
23.866063221    6.40917492028e-06
23.8890555748    4.4826756066e-06
23.9120922726    3.32811321519e-06
23.9351734427    2.8979879674e-06
23.9582992141    3.28831743566e-06
23.9814697163    4.70402546954e-06
24.004685079    7.04271161992e-06
24.0279454328    9.40489532906e-06
24.0512509085    1.03889171055e-05
24.0746016375    9.35136601239e-06
24.0979977518    7.20675334864e-06
24.1214393839    5.63332704898e-06
24.1449266666    5.64778690561e-06
24.1684597336    7.02554488504e-06
24.1920387187    8.78806954693e-06
24.2156637565    1.01124033078e-05
24.2393349821    1.0910095954e-05
24.263052531    1.17958323939e-05
24.2868165393    1.38406564941e-05
24.3106271438    1.83495208797e-05
24.3344844815    2.61442829709e-05
24.3583886902    3.63157489081e-05
24.3823399082    4.58306838177e-05
24.4063382743    5.10796248624e-05
24.4303839277    5.02952007682e-05
24.4544770085    4.48599169187e-05
24.4786176571    3.84193832438e-05
24.5028060145    3.42884244837e-05
24.5270422222    3.34426313395e-05
24.5513264224    3.47680303439e-05
24.5756587578    3.6602642375e-05
24.6000393717    3.78541881915e-05
24.6244684078    3.82279076427e-05
24.6489460106    3.79330482214e-05
24.673472325    3.73480820985e-05
24.6980474967    3.68881488348e-05
24.7226716716    3.70125836982e-05
24.7473449966    3.81257091129e-05
24.772067619    4.0170360709e-05
24.7968396866    4.217121232e-05
24.821661348    4.2572768083e-05
24.8465327521    4.05500037042e-05
24.8714540488    3.68428588047e-05
24.8964253882    3.29932571673e-05
24.9214469212    3.00575950266e-05
24.9465187994    2.82034002947e-05
24.9716411749    2.70983573181e-05
24.9968142002    2.63460075241e-05
25.0220380289    2.56824873962e-05
25.0473128148    2.50128081748e-05
25.0726387125    2.43735737594e-05
25.0980158772    2.38452538183e-05
25.1234444647    2.34856296564e-05
25.1489246315    2.33195014606e-05
25.1744565347    2.33523778489e-05
25.200040332    2.35716224426e-05
25.2256761817    2.39627935153e-05
25.251364243    2.45286311783e-05
25.2771046755    2.5198021651e-05
25.3028976394    2.56671211032e-05
25.3287432959    2.5463004093e-05
25.3546418064    2.43508482085e-05
25.3805933333    2.26150402362e-05
25.4065980396    2.08149817787e-05
25.4326560889    1.93390971184e-05
25.4587676454    1.82423397309e-05
25.4849328742    1.73771509742e-05
25.511151941    1.66371254825e-05
25.537425012    1.61133076077e-05
25.5637522543    1.6086613193e-05
25.5901338355    1.67950019354e-05
25.6165699242    1.8114122296e-05
25.6430606894    1.95159739954e-05
25.6696063009    2.042091626e-05
25.6962069292    2.05755673317e-05
25.7228627455    2.00302697127e-05
25.7495739217    1.89261833267e-05
25.7763406306    1.73951315788e-05
25.8031630454    1.56041951052e-05
25.8300413403    1.37716515542e-05
25.8569756899    1.21239202654e-05
25.88396627    1.08151306795e-05
25.9110132567    9.88552734998e-06
25.938116827    9.27703082213e-06
25.9652771588    8.89678171218e-06
25.9924944304    8.66664898364e-06
26.0197688212    8.5258506572e-06
26.0471005112    8.40189745153e-06
26.074489681    8.21721279541e-06
26.1019365123    7.95416346026e-06
26.1294411872    7.67843771111e-06
26.1570038889    7.46029990132e-06
26.1846248011    7.30556508149e-06
26.2123041085    7.21005126248e-06
26.2400419964    7.26191699453e-06
26.2678386511    7.65505829067e-06
26.2956942594    8.56501873487e-06
26.3236090092    9.94460582024e-06
26.3515830889    1.13935227803e-05
26.3796166879    1.22583219703e-05
26.4077099964    1.20397432849e-05
26.4358632054    1.09307316308e-05
26.4640765066    1.00940425259e-05
26.4923500926    1.16303439739e-05
26.5206841568    1.85990744897e-05
26.5490788936    3.442549831e-05
26.577534498    5.96373305427e-05
26.6060511659    8.72567668344e-05
26.6346290941    0.000104144268576
26.6632684803    0.000100977505776
26.6919695228    8.03766524255e-05
26.7207324209    5.3466596613e-05
26.749557375    3.06905728921e-05
26.778444586    1.65046541214e-05
26.8073942558    9.97095145553e-06
26.8364065873    8.03005682356e-06
26.865481784    8.22793305531e-06
26.8946200506    9.42565000599e-06
26.9238215924    1.10895443536e-05
26.9530866159    1.2487264296e-05
26.9824153282    1.26918758117e-05
27.0118079375    1.13506004696e-05
27.0412646528    9.11694453675e-06
27.0707856841    7.04049269419e-06
27.1003712422    5.68857743744e-06
27.130021539    4.99397036937e-06
27.1597367871    4.65069780154e-06
27.1895172003    4.43314891835e-06
27.219362993    4.2582291476e-06
27.2492743809    4.1241964416e-06
27.2792515805    4.05589565914e-06
27.3092948091    4.08995201182e-06
27.3394042852    4.24947751757e-06
27.3695802281    4.48689982463e-06
27.3998228582    4.67281886869e-06
27.4301323967    4.68186771638e-06
27.460509066    4.48955301532e-06
27.4909530894    4.18467070835e-06
27.5214646911    3.92118635569e-06
27.5520440963    3.86022820618e-06
27.5826915313    4.08971535236e-06
27.6134072234    4.53419192372e-06
27.6441914009    4.96383990729e-06
27.6750442931    5.15617016382e-06
27.7059661303    5.05919064655e-06
27.7369571439    4.80744088162e-06
27.7680175662    4.63575652869e-06
27.7991476308    4.7885374997e-06
27.830347572    5.41991763679e-06
27.8616176254    6.47003715955e-06
27.8929580277    7.59491401029e-06
27.9243690165    8.26790183122e-06
27.9558508305    8.08370156827e-06
27.9874037095    7.09611340514e-06
28.0190278945    5.84377810919e-06
28.0507236274    4.91991635324e-06
28.0824911513    4.54907681988e-06
28.1143307105    4.59187572883e-06
28.1462425501    4.82696233002e-06
28.1782269166    5.1842525698e-06
28.2102840576    5.89019043906e-06
28.2424142217    7.58538382761e-06
28.2746176587    1.12859844618e-05
28.3068946195    1.7871514076e-05
28.3392453562    2.69027235742e-05
28.371670122    3.56115575215e-05
28.4041691714    4.00004223854e-05
28.4367427599    3.81731163235e-05
28.4693911442    3.20704069703e-05
28.5021145823    2.51192405685e-05
28.5349133333    1.91385290635e-05
28.5677876574    1.42817932636e-05
28.6007378162    1.06685662644e-05
28.6337640723    8.93131692671e-06
28.6668666898    9.66865281946e-06
28.7000459336    1.29251309368e-05
28.7333020703    1.78108712304e-05
28.7666353673    2.22544082941e-05
28.8000460937    2.37623152016e-05
28.8335345193    2.13154863307e-05
28.8671009158    1.63260970397e-05
28.9007455555    1.12410167649e-05
28.9344687125    7.54685917497e-06
28.968270662    5.35003876847e-06
29.0021516803    4.15536296512e-06
29.0361120452    3.51200558991e-06
29.0701520359    3.16237346309e-06
29.1042719327    2.97748214548e-06
29.1384720172    2.88880213482e-06
29.1727525725    2.857573185e-06
29.207113883    2.8682924514e-06
29.2415562342    2.92809027957e-06
29.2760799134    3.06152575555e-06
29.3106852088    3.29067118914e-06
29.3453724102    3.60789256433e-06
29.3801418088    3.96611068626e-06
29.4149936971    4.32504796656e-06
29.4499283689    4.71306865963e-06
29.4849461197    5.16974510711e-06
29.520047246    5.57313592493e-06
29.5552320461    5.65084287445e-06
29.5905008194    5.3073177518e-06
29.625853867    4.85073276522e-06
29.6612914912    4.74896736037e-06
29.696813996    5.18360277416e-06
29.7324216866    5.87209735758e-06
29.7681148699    6.29123392939e-06
29.8038938541    6.10307920797e-06
29.839758949    5.39343052842e-06
29.8757104658    4.51681204836e-06
29.9117487173    3.79239030418e-06
29.9478740177    3.37174116044e-06
29.9840866828    3.29290734903e-06
30.0203870298    3.56154061375e-06
30.0567753777    4.132346364e-06
30.0932520469    4.81200584988e-06
30.1298173592    5.2711005123e-06
30.1664716382    5.2557735843e-06
30.2032152091    4.78578123363e-06
30.2400483983    4.11686288383e-06
30.2769715344    3.5402869656e-06
30.313984947    3.21418954692e-06
30.3510889677    3.13044764469e-06
30.3882839297    3.19652685597e-06
30.4255701677    3.32326877498e-06
30.462948018    3.44127965448e-06
30.5004178187    3.49881055212e-06
30.5379799097    3.51355327973e-06
30.5756346321    3.65620606431e-06
30.6133823292    4.25703979225e-06
30.6512233457    5.62767434773e-06
30.689158028    7.77246816834e-06
30.7271867245    1.03267666006e-05
30.7653097849    1.28472565632e-05
30.803527561    1.50058946605e-05
30.8418404063    1.64181366193e-05
30.8802486758    1.65777171455e-05
30.9187527265    1.52655863779e-05
30.9573529172    1.2878289843e-05
30.9960496083    1.01490221544e-05
31.0348431623    7.64674534102e-06
31.0737339432    5.63300012192e-06
31.112722317    4.1908349408e-06
31.1518086516    3.30690797443e-06
31.1909933165    2.88754532913e-06
31.2302766834    2.80309194293e-06
31.2696591256    2.92987235921e-06
31.3091410185    3.13754250047e-06
31.3487227391    3.29263147112e-06
31.3884046666    3.33458156345e-06
31.4281871821    3.32694083425e-06
31.4680706683    3.38556711439e-06
31.5080555103    3.55210903234e-06
31.548142095    3.74250155369e-06
31.588330811    3.82219573525e-06
31.6286220493    3.74518189105e-06
31.6690162026    3.59918205163e-06
31.7095136658    3.49166085836e-06
31.7501148356    3.43882434372e-06
31.7908201111    3.40154197414e-06
31.831629893    3.37372728378e-06
31.8725445844    3.38418004438e-06
31.9135645903    3.44050304505e-06
31.9546903178    3.50970961051e-06
31.9959221763    3.555369608e-06
32.0372605771    3.589034297e-06
32.0787059336    3.67532074075e-06
32.1202586615    3.8731376037e-06
32.1619191785    4.16588932438e-06
32.2036879047    4.44938712676e-06
32.2455652622    4.58591304188e-06
32.2875516753    4.48906894854e-06
32.3296475706    4.18202205658e-06
32.3718533768    3.78442922455e-06
32.414169525    3.44089970166e-06
32.4565964485    3.24614357923e-06
32.4991345828    3.23461682111e-06
32.5417843657    3.42618582675e-06
32.5845462374    3.80808927896e-06
32.6274206403    4.23271486456e-06
32.6704080193    4.45569095655e-06
32.7135088214    4.41892471961e-06
32.7567234962    4.44351180202e-06
32.8000524956    4.99787254424e-06
32.8434962737    6.19592591561e-06
32.8870552873    7.51640767762e-06
32.9307299955    8.18462307262e-06
32.9745208599    8.02719345593e-06
33.0184283444    7.70909893912e-06
33.0624529155    7.8379504225e-06
33.1065950422    8.16245288392e-06
33.150855196    7.97283995845e-06
33.1952338509    6.98620047751e-06
33.2397314834    5.55758677201e-06
33.2843485727    4.27967828867e-06
33.3290856003    3.61753128186e-06
33.3739430507    4.01686164542e-06
33.4189214106    6.66015535297e-06
33.4640211696    1.45351116871e-05
33.5092428198    3.21337787898e-05
33.5545868561    6.12730961507e-05
33.6000537759    9.49071338718e-05
33.6456440796    0.000117829180365
33.6913582699    0.000118026415556
33.7371968526    9.69424041372e-05
33.783160336    6.71866226095e-05
33.8292492314    4.21980496136e-05
33.8754640528    2.83272480465e-05
33.9218053169    2.37039788031e-05
33.9682735433    2.25427448143e-05
34.0148692547    2.02769322741e-05
34.0615929762    1.58090803276e-05
34.1084452361    1.06804285795e-05
34.1554265656    6.89439750999e-06
34.2025374988    5.34990212633e-06
34.2497785727    5.76046094184e-06
34.2971503273    7.35163724927e-06
34.3446533056    9.3333277201e-06
34.3922880536    1.10662265654e-05
34.4400551203    1.21674023337e-05
34.4879550579    1.25235915358e-05
34.5359884215    1.21688535157e-05
34.5841557694    1.13351164437e-05
34.6324576629    1.06848745594e-05
34.6808946666    1.10301280297e-05
34.7294673482    1.23986504389e-05
34.7781762786    1.37573820521e-05
34.8270220318    1.41520815837e-05
34.8760051851    1.37464345053e-05
34.9251263192    1.3412309527e-05
34.9743860178    1.39173879975e-05
35.0237848681    1.58441998924e-05
35.0733234606    1.93099764445e-05
35.123002389    2.30187206559e-05
35.1728222506    2.46248362918e-05
35.2227836458    2.33252295013e-05
35.2728871787    2.13619535788e-05
35.3231334568    2.17892852691e-05
35.3735230908    2.52509164187e-05
35.4240566952    2.95720328353e-05
35.4747348879    3.21699526051e-05
35.5255582903    3.26179882343e-05
35.5765275275    3.25695063066e-05
35.6276432279    3.3060207825e-05
35.6789060239    3.32574325563e-05
35.7303165514    3.27326371212e-05
35.7818754497    3.28513917648e-05
35.8335833622    3.40654477354e-05
35.8854409358    3.38698566412e-05
35.9374488212    2.97520455674e-05
35.9896076729    2.28857668227e-05
36.0419181492    1.7240928989e-05
36.0943809121    1.57894918917e-05
36.1469966278    1.81956218504e-05
36.1997659659    2.14814175028e-05
36.2526896004    2.25667763475e-05
36.3057682088    2.04362900772e-05
36.3590024731    1.63674311532e-05
36.4123930788    1.25515774322e-05
36.4659407156    1.04005289678e-05
36.5196460775    9.77370019032e-06
36.5735098623    9.55866925935e-06
36.627532772    8.80476409472e-06
36.6817155128    7.41429401184e-06
36.736058795    6.12648018169e-06
36.7905633333    5.95509643956e-06
36.8452298464    7.34595997662e-06
36.9000590575    9.56344850145e-06
36.9550516939    1.10653550963e-05
37.0102084875    1.08787593993e-05
37.0655301743    9.50290089142e-06
37.121017495    8.21762253829e-06
37.1766711944    7.74105292361e-06
37.232492022    7.71785877058e-06
37.2884807318    7.28760927182e-06
37.3446380823    6.05374498897e-06
37.4009648366    4.45974295447e-06
37.4574617623    3.23606670184e-06
37.5141296318    2.70935763443e-06
37.5709692222    2.76508480048e-06
37.6279813151    3.15038169778e-06
37.685166697    3.58699913066e-06
37.7425261593    3.80139954649e-06
37.8000604979    3.70155003609e-06
37.857770514    3.46153799439e-06
37.9156570132    3.29201062319e-06
37.9737208065    3.20310936563e-06
38.0319627096    3.08506373188e-06
38.0903835432    2.91355362128e-06
38.1489841333    2.77662750366e-06
38.2077653107    2.76137978272e-06
38.2667279115    2.88411944762e-06
38.3258727769    3.13150745496e-06
38.3852007533    3.59965455549e-06
38.4447126925    4.68444799055e-06
38.5044094513    7.14908990115e-06
38.5642918921    1.17420913828e-05
38.6243608826    1.83401332801e-05
38.6846172959    2.52743558031e-05
38.7450620104    2.97315238741e-05
38.8056959102    2.94896990535e-05
38.866519885    2.50435361277e-05
38.9275348299    1.98777325977e-05
38.9887416457    1.79428364482e-05
39.0501412388    2.0801239788e-05
39.1117345215    2.71273266459e-05
39.1735224118    3.42746710621e-05
39.2355058333    4.0068747382e-05
39.2976857158    4.34663462059e-05
39.3600629947    4.39922782207e-05
39.4226386115    4.13118407753e-05
39.4854135138    3.57336725848e-05
39.5483886549    2.86867374807e-05
39.6115649946    2.20580244421e-05
39.6749434986    1.70063676285e-05
39.7385251388    1.34629450329e-05
39.8023108935    1.06435628555e-05
39.866301747    8.03801707702e-06
39.9304986902    5.9106273253e-06
39.9949027204    4.8277604714e-06
40.0595148411    4.91469908522e-06
40.1243360625    5.69026317242e-06
40.1893674014    6.51801852904e-06
40.2546098809    7.24553162697e-06
40.3200645311    8.93239850286e-06
40.3857323887    1.55813673754e-05
40.451614497    3.87305503592e-05
40.5177119063    0.000104338406654
40.5840256737    0.000253636921698
40.6505568633    0.000521087431652
40.7173065462    0.000879069202929
40.7842758004    0.00118993873267
40.8514657111    0.00126596587252
40.9188773707    0.00104061502413
40.9865118787    0.000652217491638
41.0543703421    0.000308753102219
41.122453875    0.000110100055986
41.1907635991    3.02644990911e-05
41.2593006433    7.40743923235e-06
41.3280661444    2.56815690527e-06
41.3970612465    1.68527668783e-06
41.4662871014    1.63175271933e-06
41.5357448687    2.27775227729e-06
41.6054357158    4.13878003602e-06
41.6753608179    7.45769400424e-06
41.745521358    1.13667207292e-05
41.8159185272    1.40032422154e-05
41.8865535247    1.39987937752e-05
41.9574275578    1.17413614413e-05
42.0285418418    8.9446840711e-06
42.0998976004    7.29439730965e-06
42.1714960657    7.54541952787e-06
42.2433384781    9.3100867239e-06
42.3154260864    1.13057721572e-05
42.3877601481    1.21500577147e-05
42.4603419292    1.14457521715e-05
42.5331727044    1.00029521856e-05
42.6062537571    8.71775248002e-06
42.6795863798    7.60686410196e-06
42.7531718735    6.2589667654e-06
42.8270115486    4.69569139679e-06
42.9011067243    3.33465083249e-06
42.975458729    2.45211647615e-06
43.0500689004    2.03950237164e-06
43.1249385855    2.00680372476e-06
43.2000691405    2.31359508331e-06
43.2754619313    3.00958015144e-06
43.3511183333    4.25880191909e-06
43.4270397314    6.15954185151e-06
43.5032275204    8.35429478336e-06
43.5796831048    9.97154043779e-06
43.656407899    1.02274846609e-05
43.7334033274    9.05799055723e-06
43.8106708245    7.10667386837e-06
43.8882118348    5.22453633528e-06
43.9660278132    3.99972726244e-06
44.0441202249    3.58559794075e-06
44.1224905456    3.83597580017e-06
44.2011402614    4.58315174629e-06
44.280070869    5.84740154241e-06
44.3592838759    7.80170147802e-06
44.4387808004    1.04961485793e-05
44.5185631717    1.3615719397e-05
44.5986325299    1.65245087799e-05
44.6789904264    1.85387495982e-05
44.7596384235    1.92230060409e-05
44.8405780952    1.85247799786e-05
44.9218110265    1.67002530621e-05
45.0033388142    1.41641934905e-05
45.0851630666    1.14123587445e-05
45.1672854037    9.01757186954e-06
45.2497074574    7.57062948102e-06
45.3324308714    7.41413437942e-06
45.4154573015    8.2701544754e-06
45.4987884159    9.25472084667e-06
45.5824258946    9.4850641289e-06
45.6663714303    8.6788723984e-06
45.7506267281    7.14688904107e-06
45.8351935058    5.39977484022e-06
45.9200734938    3.84724313914e-06
46.0052684353    2.71199194241e-06
46.0907800867    2.05580276745e-06
46.1766102172    1.85000986634e-06
46.2627606094    2.04583015006e-06
46.3492330591    2.58175268765e-06
46.4360293757    3.35304867365e-06
46.5231513821    4.29604900171e-06
46.6106009147    5.54115780963e-06
46.6983798242    7.22384148122e-06
46.7864899748    8.93905122119e-06
46.8749332451    9.71285144313e-06
46.9637115277    8.93998534246e-06
47.0528267299    7.17086599077e-06
47.1422807731    5.6843572628e-06
47.2320755936    5.41744108656e-06
47.3222131424    6.38005189747e-06
47.4126953855    7.91654277302e-06
47.5035243039    9.48001210881e-06
47.5947018937    1.12411695459e-05
47.6862301666    1.41116601086e-05
47.7781111496    1.94058008255e-05
47.8703468854    2.8418839164e-05
47.9629394326    4.1768520234e-05
48.0558908656    5.83400147466e-05
48.149203275    7.42788002029e-05
48.2428787678    8.33914497105e-05
48.3369194671    8.03263286169e-05
48.431327513    6.52998610211e-05
48.5261050619    4.5095971737e-05
48.6212542875    2.77575770417e-05
48.7167773804    1.68667803589e-05
48.8126765485    1.13463182575e-05
48.908954017    8.73368846187e-06
49.0056120289    7.37374370388e-06
49.1026528448    6.57612890125e-06
49.2000787433    6.0457178687e-06
49.2978920212    5.57061708416e-06
49.3960949933    5.11178794007e-06
49.4946899933    4.88284767257e-06
49.5936793733    5.13014729999e-06
49.6930655043    5.86538034927e-06
49.7928507764    6.86875767816e-06
49.8930375989    7.86078440783e-06
49.9936284005    8.6363455349e-06
50.0946256296    9.16183624346e-06
50.1960317543    9.66463362715e-06
50.297849263    1.05537261502e-05
50.4000806639    1.20998233623e-05
50.502728486    1.41618394061e-05
50.6057952789    1.62929640909e-05
50.7092836128    1.81930542868e-05
50.8131960792    2.01526272985e-05
50.9175352908    2.29407778369e-05
51.022303882    2.69673819952e-05
51.1275045085    3.13862001903e-05
51.2331398484    3.40929973214e-05
51.3392126017    3.29909166984e-05
51.445725491    2.78573928561e-05
51.5526812612    2.09290865364e-05
51.6600826805    1.52599397648e-05
51.76793254    1.25675573011e-05
51.8762336541    1.25735632205e-05
51.9849888609    1.38034537481e-05
52.0942010224    1.47740263745e-05
52.2038730245    1.47661596558e-05
52.3140077777    1.39419353874e-05
52.424608217    1.30525348754e-05
52.5356773022    1.30000320943e-05
52.6472180183    1.42955344171e-05
52.7592333758    1.65664625343e-05
52.8717264107    1.86268942958e-05
52.9847001851    1.92963070271e-05
53.0981577872    1.82493748915e-05
53.2121023318    1.61351122698e-05
53.3265369605    1.40542128117e-05
53.4414648419    1.28881117701e-05
53.556889172    1.28577083004e-05
53.6728131745    1.35159579827e-05
53.7892401012    1.41965806764e-05
53.9061732318    1.46632331087e-05
54.023615875    1.53649584353e-05
54.1415713682    1.69994502334e-05
54.260043078    1.98919132133e-05
54.3790344005    2.37694625138e-05
54.4985487618    2.78881487791e-05
54.6185896181    3.12888626878e-05
54.7391604562    3.3187558944e-05
54.8602647935    3.33867996383e-05
54.9819061788    3.22570200822e-05
55.1040881925    3.01504400273e-05
55.2268144469    2.70722292189e-05
55.3500885863    2.31263358721e-05
55.4739142878    1.89813737943e-05
55.5982952615    1.55923069317e-05
55.7232352509    1.35793812967e-05
55.848738033    1.29871823324e-05
55.9748074191    1.33948655808e-05
56.1014472548    1.41062835995e-05
56.228661421    1.44348228288e-05
56.3564538333    1.4101724493e-05
56.4848284434    1.34300339028e-05
56.6137892389    1.30662805385e-05
56.743340244    1.344317138e-05
56.8734855198    1.44032563718e-05
57.0042291647    1.52486013168e-05
57.1355753148    1.52100654018e-05
57.2675281447    1.39910935157e-05
57.4000918672    1.19756605684e-05
57.5332707347    9.92708254246e-06
57.6670690387    8.38373486352e-06
57.801491111    7.35397510323e-06
57.9365413239    6.62881623514e-06
58.0722240905    6.21395388756e-06
58.2085438654    6.31713680767e-06
58.345505145    7.01176620492e-06
58.4831124685    8.01791206433e-06
58.6213704176    8.85491046012e-06
58.7602836176    9.2469255185e-06
58.8998567379    9.30913684256e-06
59.040094492    9.2837022262e-06
59.1810016388    9.26993545405e-06
59.3225829824    9.31269130417e-06
59.4648433732    9.5041920635e-06
59.6077877083    9.77931877935e-06
59.7514209317    9.79350628366e-06
59.8957480354    9.24218212904e-06
60.0407740597    8.23518613674e-06
60.1865040938    7.24161436859e-06
60.3329432765    6.75362586358e-06
60.4800967967    7.05690769453e-06
60.627969894    8.24902050345e-06
60.7765678594    1.03499769872e-05
60.925896036    1.32105896285e-05
61.0759598193    1.62087553631e-05
61.2267646584    1.82546883522e-05
61.378316056    1.84134618752e-05
61.5306195698    1.65686036316e-05
61.6836808125    1.35006988898e-05
61.837505453    1.04077936706e-05
61.9920992166    8.29612064956e-06
62.1474678863    7.54917338141e-06
62.3036173031    7.85847885717e-06
62.4605533669    8.55795891169e-06
62.618282037    9.24054048467e-06
62.7768093333    1.02648544416e-05
62.9361413366    1.26456470213e-05
63.0962841899    1.7084144398e-05
63.2572440986    2.27854969971e-05
63.4190273316    2.77123816457e-05
63.5816402222    3.05835409846e-05
63.7450891687    3.20297292299e-05
63.9093806357    3.31015565109e-05
64.0745211541    3.34820398881e-05
64.2405173229    3.19391126238e-05
64.4073758095    2.80389991918e-05
64.5751033506    2.29221771063e-05
64.7437067536    1.85874452113e-05
64.913192897    1.6613329629e-05
65.0835687313    1.77171217966e-05
65.2548412806    2.22525564505e-05
65.4270176428    2.98672974016e-05
65.6001049911    3.79306340825e-05
65.7741105746    4.19488571558e-05
65.9490417198    3.94115566835e-05
66.124905831    3.24391458143e-05
66.3017103921    2.54485413068e-05
66.4794629669    2.13704919263e-05
66.6581712006    2.07647383888e-05
66.8378428211    2.2695968433e-05
67.0184856396    2.50390459285e-05
67.2001075519    2.52105444344e-05
67.3827165398    2.23144191415e-05
67.566320672    1.82074158267e-05
67.7509281056    1.57382383474e-05
67.9365470867    1.67844183813e-05
68.1231859523    2.22684944205e-05
68.3108531312    3.18230874485e-05
68.4995571454    4.18141209739e-05
68.6893066112    4.60847475768e-05
68.8801102407    4.16592685913e-05
69.071976843    3.2751865139e-05
69.2649153258    2.71180623927e-05
69.4589346965    2.89848348465e-05
69.6540440636    3.59124338839e-05
69.8502526384    4.17408741842e-05
70.0475697363    4.27508448536e-05
70.246004778    4.135276373e-05
70.4455672916    4.3508452683e-05
70.6462669135    5.2163763164e-05
70.8481133904    6.26352752648e-05
71.0511165806    6.55828900093e-05
71.2552864559    5.6718983148e-05
71.4606331027    4.25488281995e-05
71.6671667244    3.46602695768e-05
71.8748976424    3.95921342027e-05
72.0838362984    5.44647627194e-05
72.2939932555    6.99101767644e-05
72.5053792007    7.64753005333e-05
72.7180049462    7.02157307145e-05
72.9318814313    5.45027282453e-05
73.1470197246    3.70775368962e-05
73.3634310256    2.42356673898e-05
73.5811266666    1.71361485507e-05
73.800118115    1.33127928708e-05
74.020416975    1.03128793523e-05
74.2420349899    7.3620681955e-06
74.464984044    4.8063214068e-06
74.6892761646    3.05765939839e-06
74.9149235246    2.09244613485e-06
75.1419384444    1.59978896956e-06
75.370333394    1.31609458718e-06
75.6001209959    1.14198737188e-06
75.8313140264    1.06184053254e-06
76.0639254191    1.05431080685e-06
76.2979682666    1.08306838976e-06
76.533455823    1.13959844509e-06
76.7704015066    1.25395867927e-06
77.0088189026    1.44199350213e-06
77.2487217652    1.6675520108e-06
77.4901240208    1.87662494626e-06
77.73303977    2.03645366445e-06
77.9774832913    2.11729289415e-06
78.223469043    2.07474376189e-06
78.4710116666    1.89089133012e-06
78.7201259893    1.61799461091e-06
78.9708270275    1.35455315184e-06
79.2231299893    1.18522425829e-06
79.4770502777    1.14482518211e-06
79.732603494    1.21416864113e-06
79.9898054408    1.33699098363e-06
80.248672125    1.46059729301e-06
80.5092197618    1.58364220681e-06
80.7714647773    1.75301506158e-06
81.0354238125    1.99467774867e-06
81.3011137267    2.27360484404e-06
81.5685516008    2.54493465752e-06
81.8377547414    2.80641360978e-06
82.1087406842    3.07773594398e-06
82.3815271981    3.38253323836e-06
82.6561322888    3.7730149649e-06
82.9325742028    4.27431217045e-06
83.2108714317    4.72639108286e-06
83.491042716    4.80307799584e-06
83.7731070495    4.33502804744e-06
84.0570836835    3.54156698607e-06
84.3429921314    2.83820326536e-06
84.6308521728    2.48626682226e-06
84.9206838584    2.46840225393e-06
85.2125075142    2.59235623482e-06
85.506343747    2.64537126079e-06
85.8022134486    2.50197383622e-06
86.1001378008    2.16940220645e-06
86.400138281    1.76009048425e-06
86.7022366666    1.40780191773e-06
87.0064550408    1.19059485059e-06
87.312815798    1.11125890123e-06
87.6213416489    1.12250852808e-06
87.9320556264    1.15901365409e-06
88.2449810912    1.16804826532e-06
88.560141738    1.13299380661e-06
88.8775616009    1.07400563442e-06
89.1972650599    1.02025943617e-06
89.5192768471    9.84558754313e-07
89.843622053    9.63677838193e-07
90.1703261332    9.50310919062e-07
90.4994149147    9.3506858373e-07
90.8309146031    9.09637829981e-07
91.1648517891    8.78319439612e-07
91.5012534562    8.59738653331e-07
91.8401469876    8.66741007146e-07
92.1815601734    8.91361212895e-07
92.5255212188    9.18864669297e-07
92.8720587515    9.56050762063e-07
93.2212018295    1.03741875275e-06
93.5729799496    1.19380273505e-06
93.9274230555    1.40305894649e-06
94.2845615462    1.58265404172e-06
94.6444262849    1.64800904296e-06
95.0070486078    1.57475395348e-06
95.3724603332    1.40274912105e-06
95.7406937708    1.19854455277e-06
96.1117817312    1.02007957036e-06
96.4857575356    8.94741872896e-07
96.8626550259    8.11091924692e-07
97.2425085751    7.35252195209e-07
97.625353097    6.48787072131e-07
98.0112240579    5.69348045751e-07
98.4001574867    5.28762981559e-07
98.7921899866    5.42320426509e-07
99.1873587466    6.0580118231e-07
99.5857015528    7.06973976612e-07
99.987256801    8.27184016752e-07
100.392063509    9.3807044125e-07
100.800161328    1.00857652001e-06
101.211590558    1.02070113868e-06
101.626392158    9.81879640759e-07
102.044607764    9.22219884889e-07
102.466279697    8.75824632479e-07
102.891450982    8.61803815987e-07
103.320165361    8.81178588479e-07
103.752467308    9.28624403604e-07
104.188402045    1.00744152985e-06
104.628015555    1.12964036931e-06
105.071354604    1.29634412485e-06
105.518466752    1.47949760049e-06
105.96940037    1.62714310709e-06
106.424204664    1.69474314039e-06
106.882929684    1.68001546306e-06
107.345626349    1.6272532468e-06
107.812346464    1.58837818421e-06
108.283142736    1.58068212249e-06
108.758068801    1.58418773906e-06
109.237179236    1.57518696112e-06
109.720529587    1.5577726925e-06
110.208176385    1.55163536594e-06
110.700177173    1.54221630215e-06
111.196590523    1.4716459894e-06
111.697476066    1.30642504555e-06
112.20289451    1.09259955532e-06
112.712907667    9.17701206856e-07
113.227578478    8.34849893398e-07
113.74697104    8.35282301118e-07
114.27115063    8.77282900048e-07
114.800183734    9.31574866332e-07
115.334138077    1.00157290605e-06
115.873082648    1.10627401406e-06
116.417087731    1.25052322609e-06
116.966224937    1.41623612038e-06
117.520567235    1.58391868533e-06
118.080188984    1.76021158994e-06
118.645165965    1.96258345148e-06
119.215575417    2.16221354647e-06
119.791496071    2.27228087844e-06
120.373008188    2.22880222989e-06
120.960193593    2.06321761243e-06
121.553135719    1.87058083715e-06
122.151919639    1.72372947285e-06
122.756632112    1.63050073352e-06
123.367361625    1.56214675947e-06
123.984198433    1.51225874904e-06
124.607234606    1.51212973904e-06
125.236564074    1.58121740982e-06
125.872282673    1.69028734112e-06
126.514488197    1.79565947588e-06
127.163280444    1.88557365553e-06
127.818761271    1.96951818718e-06
128.481034646    2.03781093701e-06
129.150206701    2.05100986564e-06
129.826385794    1.97301228679e-06
130.509682561    1.81546719812e-06
131.200209982    1.64123206115e-06
131.89808344    1.51243326022e-06
132.603420784    1.44466109926e-06
133.316342401    1.41700251346e-06
134.036971279    1.40500459233e-06
134.76543308    1.39152126307e-06
135.501856211    1.36392137245e-06
136.246371905    1.31996438543e-06
136.999114291    1.27289226267e-06
137.760220481    1.24178627019e-06
138.529830652    1.2371654836e-06
139.308088127    1.25734651156e-06
140.095139473    1.29234200535e-06
140.891134583    1.32771215032e-06
141.696226781    1.34700358689e-06
142.510572912    1.33737028377e-06
143.334333449    1.29970123819e-06
144.167672597    1.25760205516e-06
145.010758401    1.25115989162e-06
145.863762863    1.31149214973e-06
146.726862051    1.43503914534e-06
147.60023623    1.5797977153e-06
148.48406998    1.68719091581e-06
149.378552329    1.71501455181e-06
150.283876889    1.65395602456e-06
151.200241992    1.51832051927e-06
152.127850838    1.33330546655e-06
153.066911646    1.13699155385e-06
154.017637805    9.7684582016e-07
154.980248042    8.86547676483e-07
155.954966583    8.66052257364e-07
156.942023333    8.89000780454e-07
157.941654055    9.23552355446e-07
158.954100555    9.46481684623e-07
159.979610882    9.51800347729e-07
161.018439524    9.5600246232e-07
162.070847625    9.86311050342e-07
163.137103202    1.05055811553e-06
164.217481368    1.12235285056e-06
165.312264578    1.16504870703e-06
166.421742863    1.16917392175e-06
167.546214099    1.16225766245e-06
168.685984263    1.17805794831e-06
169.841367717    1.21271287862e-06
171.012687494    1.22494097317e-06
172.200275602    1.19295096414e-06
173.404473333    1.14967138337e-06
174.625631596    1.13979594359e-06
175.864111253    1.15887678609e-06
177.120283476    1.15265580447e-06
178.39453012    1.07302819429e-06
179.687244106    9.32624081619e-07
180.998829829    7.98359842175e-07
182.329703578    7.22607104778e-07
183.680293975    6.94937867164e-07
185.051042438    6.71789109646e-07
186.442403659    6.30398208296e-07
187.854846111    5.80649388392e-07
189.28885257    5.44374295924e-07
190.744920666    5.38089483597e-07
192.223563462    5.65996209233e-07
193.725310052    6.17793714236e-07
195.250706194    6.74326123304e-07
196.800314973    7.21145468312e-07
198.374717493    7.53663264828e-07
199.974513602    7.66226452437e-07
201.600322656    7.44037957421e-07
203.252784317    6.73552804389e-07
204.932559394    5.58780262622e-07
206.640330722    4.25478115695e-07
208.376804089    3.13530243853e-07
210.142709209    2.62845739999e-07
211.938800741    2.92888451703e-07
213.765859368    3.86455962547e-07
215.624692927    5.02344761518e-07
217.516137602    6.13613285049e-07
219.441059174    7.16735679026e-07
221.400354345    7.92599104302e-07
223.394952132    7.91789644532e-07
225.425815333    6.88478208746e-07
227.493942079    5.25831499048e-07
229.600367469    3.82183384417e-07
231.746165296    3.04437042169e-07
233.932449874    2.85258421189e-07
236.160377968    2.95201067808e-07
238.431150833    3.27176490023e-07
240.746016375    3.9557973747e-07
243.106271438    4.86810241911e-07
245.513264224    5.42313050634e-07
247.968396866    5.16924116518e-07
250.473128148    4.31277916171e-07
253.028976394    3.45590869112e-07
255.637522543    3.01670265924e-07
258.300413403    3.01817970739e-07
261.019365123    3.22918763129e-07
263.796166879    3.36421677783e-07
266.632684803    3.24853083088e-07
269.530866159    2.92873421065e-07
272.492743809    2.61888387788e-07
275.520440963    2.47672152336e-07
278.616176254    2.4585253129e-07
281.782269166    2.41836330905e-07
285.021145823    2.28160479886e-07
288.335345193    2.11409123309e-07
291.727525725    2.13847233832e-07
295.20047246    2.68691632442e-07
298.757104658    3.89050464646e-07
302.400483983    5.24537294662e-07
306.133823292    5.78258710736e-07
309.960496083    4.99501335373e-07
313.884046666    3.38258057804e-07
317.908201111    1.86262665058e-07
322.036879047    9.297740311e-08
326.274206403    5.34243135331e-08
330.624529155    4.41299621873e-08
335.092428198    4.76303322628e-08
339.682735433    5.52876905773e-08
344.400551203    6.44696429227e-08
349.251263192    7.76984862872e-08
354.240566952    1.00729194387e-07
359.374488212    1.34521012835e-07
364.659407156    1.65967339111e-07
370.102084875    1.73298138292e-07
375.709692222    1.47788498674e-07
381.489841333    1.04583726308e-07
387.450620104    6.68873685652e-08
393.600629947    4.60377043964e-08
399.949027204    4.01872307155e-08
406.505568633    4.3790520397e-08
413.280661444    5.26837728856e-08
420.285418418    6.29007083586e-08
427.531718735    6.9027953716e-08
435.032275204    6.62432147555e-08
442.80070869    5.47482593561e-08
450.851630666    4.03984409588e-08
459.200734938    2.95103480374e-08
467.864899748    2.43733286345e-08
476.862301666    2.41403955481e-08
486.212542875    2.70899216771e-08
495.936793733    3.05817264285e-08
506.057952789    3.18454032127e-08
516.600826805    3.21971496629e-08
527.592333758    4.04808792456e-08
539.061732318    6.88044016369e-08
551.040881925    1.18522556762e-07
563.564538333    1.67997537071e-07
576.670690387    1.84248317349e-07
590.40094492    1.55886114883e-07
604.800967967    1.06390095838e-07
619.920992166    6.83897686768e-08
635.816402222    5.43742298646e-08
652.548412806    5.58011007937e-08
670.184856396    5.93346085393e-08
688.801102407    5.82597554819e-08
708.481133904    5.32825729206e-08
729.318814313    4.75641155694e-08
751.419384444    4.25667890801e-08
774.901240208    3.76755067529e-08
799.898054408    3.20061238166e-08
826.561322888    2.57984080297e-08
855.06343747    2.01808502624e-08
885.60141738    1.58753297307e-08
918.401469876    1.25942365002e-08
953.724603332    9.7385985916e-09
991.873587466    7.16106111613e-09
1033.20165361    5.06608294756e-09
1078.12346464    3.58839240474e-09
1127.12907667    2.66756448616e-09
1180.80188984    2.13468593596e-09
1239.84198433    1.78016234403e-09
1305.09682561    1.42705222705e-09
1377.60220481    1.02653694276e-09
1458.63762863    6.56485071513e-10
1549.80248042    4.01731078201e-10
1653.12264578    2.66450483263e-10
1771.20283476    1.97641647839e-10
1907.44920666    1.46999784139e-10
2066.40330722    9.78162054119e-11
2254.25815333    5.5206541652e-11
2479.68396866    2.6256322559e-11
2755.20440963    1.07592797991e-11
3099.60496083    3.9282456129e-12
3542.40566952    1.30858317308e-12
4132.80661444    3.96827772927e-13
4959.36793733    1.06291046145e-13
6199.20992166    2.38807926924e-14
8265.61322888    4.17248046862e-15
12398.4198433    4.96467455105e-16
24796.8396866    2.82547811037e-17